,n_startpop_5564,n_startpop_6574,n_startpop_7584,n_startpop_85p,n_startpop_all,n_startpop_blk,n_startpop_college,n_startpop_f,n_startpop_his,n_startpop_his_f,n_startpop_hsless,n_startpop_m,n_startpop_wht,p_cogstate1_5564,p_cogstate1_6574,p_cogstate1_7584,p_cogstate1_85p,p_cogstate1_all,p_cogstate1_blk,p_cogstate1_college,p_cogstate1_f,p_cogstate1_his,p_cogstate1_his_f,p_cogstate1_hsless,p_cogstate1_m,p_cogstate1_wht,n_cogstate1_5564,n_cogstate1_6574,n_cogstate1_7584,n_cogstate1_85p,n_cogstate1_all,n_cogstate1_blk,n_cogstate1_college,n_cogstate1_f,n_cogstate1_his,n_cogstate1_his_f,n_cogstate1_hsless,n_cogstate1_m,n_cogstate1_wht,p_cogstate2_5564,p_cogstate2_6574,p_cogstate2_7584,p_cogstate2_85p,p_cogstate2_all,p_cogstate2_blk,p_cogstate2_college,p_cogstate2_f,p_cogstate2_his,p_cogstate2_his_f,p_cogstate2_hsless,p_cogstate2_m,p_cogstate2_wht,n_cogstate2_5564,n_cogstate2_6574,n_cogstate2_7584,n_cogstate2_85p,n_cogstate2_all,n_cogstate2_blk,n_cogstate2_college,n_cogstate2_f,n_cogstate2_his,n_cogstate2_his_f,n_cogstate2_hsless,n_cogstate2_m,n_cogstate2_wht,n_nhmliv_dem_5564,n_nhmliv_dem_6574,n_nhmliv_dem_7584,n_nhmliv_dem_85p,n_nhmliv_dem_all,n_nhmliv_dem_blk,n_nhmliv_dem_college,n_nhmliv_dem_f,n_nhmliv_dem_his,n_nhmliv_dem_his_f,n_nhmliv_dem_hsless,n_nhmliv_dem_m,n_nhmliv_dem_wht,p_nhmliv_dem_5564,p_nhmliv_dem_6574,p_nhmliv_dem_7584,p_nhmliv_dem_85p,p_nhmliv_dem_all,p_nhmliv_dem_blk,p_nhmliv_dem_college,p_nhmliv_dem_f,p_nhmliv_dem_his,p_nhmliv_dem_his_f,p_nhmliv_dem_hsless,p_nhmliv_dem_m,p_nhmliv_dem_wht,helphoursyr_dem_5564,helphoursyr_dem_6574,helphoursyr_dem_7584,helphoursyr_dem_85p,helphoursyr_dem_all,helphoursyr_dem_blk,helphoursyr_dem_college,helphoursyr_dem_f,helphoursyr_dem_his,helphoursyr_dem_his_f,helphoursyr_dem_hsless,helphoursyr_dem_m,helphoursyr_dem_wht,t_totmd_dem_5564,t_totmd_dem_6574,t_totmd_dem_7584,t_totmd_dem_85p,t_totmd_dem_all,t_totmd_dem_blk,t_totmd_dem_college,t_totmd_dem_f,t_totmd_dem_his,t_totmd_dem_hsless,t_totmd_dem_m,t_totmd_dem_wht,t_mcare_dem_5564,t_mcare_dem_6574,t_mcare_dem_7584,t_mcare_dem_85p,t_mcare_dem_all,t_mcare_dem_blk,t_mcare_dem_college,t_mcare_dem_f,t_mcare_dem_his,t_mcare_dem_hsless,t_mcare_dem_m,t_mcare_dem_wht,t_caidmd_dem_5564,t_caidmd_dem_6574,t_caidmd_dem_7584,t_caidmd_dem_85p,t_caidmd_dem_all,t_caidmd_dem_blk,t_caidmd_dem_college,t_caidmd_dem_f,t_caidmd_dem_his,t_caidmd_dem_hsless,t_caidmd_dem_m,t_caidmd_dem_wht,t_oopmd_dem_5564,t_oopmd_dem_6574,t_oopmd_dem_7584,t_oopmd_dem_85p,t_oopmd_dem_all,t_oopmd_dem_blk,t_oopmd_dem_college,t_oopmd_dem_f,t_oopmd_dem_his,t_oopmd_dem_hsless,t_oopmd_dem_m,t_oopmd_dem_wht,t_qalys_dem_5564,t_qalys_dem_6574,t_qalys_dem_7584,t_qalys_dem_85p,t_qalys_dem_all,t_qalys_dem_blk,t_qalys_dem_college,t_qalys_dem_f,t_qalys_dem_his,t_qalys_dem_hsless,t_qalys_dem_m,t_qalys_dem_wht,t_est_helperct_dem_5564,t_est_helperct_dem_6574,t_est_helperct_dem_7584,t_est_helperct_dem_85p,t_est_helperct_dem_all,t_est_helperct_dem_blk,t_est_helperct_dem_college,t_est_helperct_dem_f,t_est_helperct_dem_his,t_est_helperct_dem_hsless,t_est_helperct_dem_m,t_est_helperct_dem_wht
2.year_inc,0,0,0,0,0,0,0,0,0,0,0,0,0,0,0,0,0,0,0,0,0,0,0,0,0,0,0,0,0,0,0,0,0,0,0,0,0,0,0,0,0,0,0,0,0,0,0,0,0,0,0,0,0,0,0,0,0,0,0,0,0,0,0,0,0,0,0,0,0,0,0,0,0,0,0,0,0,0,0,0,0,0,0,0,0,0,0,0,0,0,0,0,0,0,0,0,0,0,0,0,0,0,0,0,0,0,0,0,0,0,0,0,0,0,0,0,0,0,0,0,0,0,0,0,0,0,0,0,0,0,0,0,0,0,0,0,0,0,0,0,0,0,0,0,0,0,0,0,0,0,0,0,0,0,0,0,0,0,0,0,0,0,0,0,0,0,0,0,0,0,0,0,0,0,0,0
4.year_inc,-1018100.1,733557.0,1654740.6,751233.2,1991998.8,291043.0,1591526.2,1095244.8,1157627.4,589914.3,200497.8,896754.0,543328.4,0.000222,0.000558,-0.00307,-0.00485,0.00158,0.00205,0.00254,0.00131,0.000884,0.000240,-0.00344,0.00189,0.00130,-1648.1,40733.1,72740.8,192563.8,304770.5,56170.4,234723.7,148800.7,100302.1,51316.2,-21377.3,155969.8,148298.0,0.00233,0.00385,-0.00341,-0.00212,0.00373,0.00197,0.00517,0.00285,0.00313,0.00311,0.00237,0.00473,0.00298,10020.3,235165.4,275787.7,215671.5,746044.9,93392.5,538115.6,338012.7,305471.3,155217.8,92476.7,408032.2,347181.0,-1138.1,-2921.5,-2734.7,29249.0,22063.2,4335.4,14317.0,7106.7,7220.3,5402.7,-9851.3,14956.5,10507.5,-0.00267,-0.00362,-0.00269,-0.00534,-0.00224,-0.000224,-0.00721,-0.00407,0.00140,0.00288,-0.00381,0.000754,-0.00313,-22193730.1,57457159.8,176395487.9,289821957.2,1.98310e+09,62359678.1,335475450.8,272110322.4,177962760.6,89043005.2,-32586371.2,233548833.4,265336717.0,-99005420.7,958507934.6,2.20886e+09,5.33567e+09,8.38720e+09,1.78498e+09,6.30379e+09,4.07417e+09,2.38211e+09,-785062104.7,4.31303e+09,4.22011e+09,-69448874.3,426966938.4,1.25859e+09,2.88820e+09,4.49830e+09,1.03710e+09,3.60220e+09,2.13821e+09,1.22859e+09,-376698985.1,2.36009e+09,2.23261e+09,67386197.1,95118043.0,224056141.8,1.25455e+09,1.65859e+09,436373796.3,680412584.2,731077617.8,651568973.0,62146692.6,927509972.9,570644821.4,-8625236.6,184659451.5,356321349.1,1.15683e+09,1.68710e+09,308089315.5,1.20292e+09,890305486.1,449820616.4,-166807270.2,796791864.2,929187418.4,71632976.7,4.93531e+09,3.28637e+09,1.31861e+10,2.15161e+10,3.67476e+09,1.79000e+10,9.49665e+09,7.73816e+09,-1.39162e+09,1.20194e+10,1.01032e+10,-9965.6,44495.8,56002.2,291352.7,385046.0,64527.2,281887.9,215763.7,118463.7,-25981.5,169282.3,202055.1
6.year_inc,-2051896.7,1045698.2,3566987.4,1307442.5,4077098.8,621927.0,3085632.2,2256689.7,2315748.6,1175202.7,475436.8,1820409.1,1139423.3,0.000339,0.00221,-0.00363,-0.00788,0.00355,0.00566,0.00522,0.00277,0.00377,0.00137,-0.00452,0.00443,0.00250,-8004.4,113265.2,222654.6,336856.6,670099.4,139887.0,485332.4,314582.0,240174.9,110997.6,1681.5,355517.3,290037.5,0.00453,0.00444,-0.00246,-0.00116,0.00701,0.00209,0.0105,0.00619,0.00351,0.00259,-0.000138,0.00795,0.00617,8981.4,295845.7,709607.5,398416.2,1461975.9,170752.8,1096348.0,725692.6,567013.4,277917.3,134878.5,736283.2,724209.7,-1623.5,-3658.0,3416.1,49865.5,47519.4,6506.5,44329.9,17980.7,14039.7,9746.0,-15998.7,29538.7,26973.2,-0.00348,-0.00540,-0.00299,-0.00901,-0.00464,-0.00330,-0.00722,-0.00717,0.000785,0.00327,-0.00801,0.000118,-0.00401,-22616694.5,74035334.2,355794889.7,570051458.3,4.07342e+09,183860073.0,745814052.0,482269717.2,359035353.4,150435690.4,-9191127.9,487055365.3,426429656.1,-249534411.7,2.81566e+09,5.46825e+09,9.55313e+09,1.76144e+10,4.06110e+09,1.30655e+10,8.27937e+09,5.62725e+09,-559301311.3,9.33502e+09,7.92604e+09,-28117822.4,1.66417e+09,3.08127e+09,5.02052e+09,9.73544e+09,2.42608e+09,7.06687e+09,4.62532e+09,3.07316e+09,-299414988.9,5.11012e+09,4.23621e+09,-33300787.6,626080524.2,572775121.6,1.41790e+09,2.61089e+09,707742506.5,1.42619e+09,1.12433e+09,1.22940e+09,209588793.5,1.48655e+09,673745431.3,-34653060.6,395483805.7,940030239.8,2.11663e+09,3.42026e+09,676415638.5,2.69690e+09,1.71165e+09,986750995.3,-185087203.8,1.70861e+09,1.75709e+09,22398184.4,1.18594e+10,1.36409e+10,2.18269e+10,4.78162e+10,9.45274e+09,3.56925e+10,1.91793e+10,1.87109e+10,1.07906e+09,2.86369e+10,1.96526e+10,-28562.2,87809.4,222539.3,459437.5,755961.6,142268.7,586402.4,449019.2,232818.4,-47040.8,306942.3,380874.5
8.year_inc,-2400221.9,556327.9,4921422.2,2313103.4,6484689.5,1002253.2,4666595.7,3598533.6,3563152.7,1795217.1,873923.1,2886155.9,1919283.6,0.000466,0.00357,-0.00425,-0.0155,0.00540,0.00803,0.00825,0.00443,0.00567,0.00207,-0.00747,0.00650,0.00389,-6819.8,152140.2,321401.2,563890.2,1047251.9,212785.0,774905.2,508311.4,374018.5,170542.8,12174.7,538940.5,460448.5,0.00618,0.00735,-0.00183,-0.00387,0.0102,0.00597,0.0144,0.00959,0.00488,0.00503,0.00304,0.0110,0.00854,42568.2,348027.2,1017637.4,682771.4,2228464.2,314626.4,1563022.7,1150017.6,868901.2,438272.2,298055.8,1078446.6,1044936.7,-1120.4,-3408.2,9419.4,111861.4,116891.3,18704.6,96984.7,57384.1,21532.5,13050.6,-19282.0,59507.2,76654.3,-0.00250,-0.00562,-0.00238,-0.00582,-0.00129,0.000866,-0.000790,-0.00429,0.00111,0.00281,-0.00987,0.00431,0.00141,-15827450.6,118903921.3,503657284.5,994236230.0,6.24569e+09,316375689.5,1.14300e+09,829321697.2,608385332.0,306762387.2,-2693918.6,787414376.1,691975051.7,-267282891.9,3.55376e+09,8.08631e+09,1.75759e+10,2.90589e+10,6.08868e+09,2.18784e+10,1.41824e+10,8.97748e+09,-433422743.0,1.48766e+10,1.39928e+10,-45350394.8,2.02482e+09,4.42056e+09,8.88609e+09,1.52963e+10,3.71868e+09,1.15076e+10,7.54849e+09,4.81989e+09,-114604954.8,7.74778e+09,6.75770e+09,-61086609.2,622822382.8,1.05588e+09,3.15932e+09,4.83060e+09,899323425.4,2.88109e+09,2.38122e+09,2.04205e+09,107160971.4,2.44939e+09,1.88923e+09,-40619988.5,524188419.8,1.45035e+09,4.01740e+09,5.96205e+09,1.01618e+09,4.67243e+09,3.02476e+09,1.57553e+09,-259577636.0,2.93729e+09,3.37035e+09,-238955443.1,1.76769e+10,1.99263e+10,3.48960e+10,7.38524e+10,1.41750e+10,5.64886e+10,3.33125e+10,2.89098e+10,2.94082e+09,4.05399e+10,3.07675e+10,-13430.6,112635.1,333331.4,780403.4,1227844.1,237108.5,937889.7,641818.9,405814.3,-35181.8,586025.2,584921.3
10.year_inc,-2411810.7,-119035.8,6044575.0,3545271.7,8807153.0,1344394.5,6130866.1,4824784.1,4771025.3,2380555.3,1299453.2,3982368.9,2691733.2,0.000548,0.00473,-0.00151,-0.0258,0.00781,0.0119,0.0109,0.00690,0.00855,0.00466,-0.00832,0.00883,0.00562,-3723.1,176035.1,495390.2,810368.1,1502852.4,305832.5,1042534.6,758214.2,530273.0,248613.0,57328.2,744638.2,666746.8,0.00800,0.00921,0.00247,-0.00348,0.0142,0.00870,0.0197,0.0134,0.00703,0.00457,0.00313,0.0151,0.0121,112349.5,334586.1,1383545.8,1070234.3,3103492.1,435072.1,2146561.9,1596431.7,1181651.5,562307.5,422899.5,1507060.4,1486768.4,-1552.6,-1047.1,21858.5,166478.2,185505.2,23163.4,150879.8,103470.2,29449.0,18449.0,-27455.6,82035.0,132892.8,-0.00345,-0.00386,-0.000633,-0.00651,0.000505,-0.00115,0.00582,-0.00221,0.000703,0.00306,-0.0157,0.00551,0.00668,-10381599.2,140733319.3,702425672.0,1.42285e+09,8.53975e+09,449308858.9,1.53390e+09,1.22450e+09,860121997.0,441027810.4,126772450.1,1.04116e+09,956230974.3,-308878253.9,4.36699e+09,1.27115e+10,2.52295e+10,4.21465e+10,8.80768e+09,2.98334e+10,2.17767e+10,1.27437e+10,346822646.6,2.03698e+10,2.05951e+10,-30487836.2,2.24352e+09,7.10453e+09,1.27195e+10,2.20464e+10,5.41664e+09,1.56551e+10,1.11441e+10,6.76907e+09,247523186.8,1.09022e+10,9.86064e+09,-73265806.6,912049545.0,1.97637e+09,4.21358e+09,7.10196e+09,1.29490e+09,4.10021e+09,3.76541e+09,2.85500e+09,163919609.3,3.33655e+09,2.95206e+09,-43534712.6,725374072.5,2.18134e+09,5.82332e+09,8.70207e+09,1.45176e+09,6.43346e+09,4.82196e+09,2.29271e+09,-181683351.5,3.88012e+09,4.95760e+09,149779767.0,1.97623e+10,3.38359e+10,4.94072e+10,1.05557e+11,2.07568e+10,7.44302e+10,5.03978e+10,3.97529e+10,7.15056e+09,5.51593e+10,4.50475e+10,3131.4,138158.1,493498.4,1122470.3,1780119.0,345107.0,1299776.6,1001452.8,573305.1,1634.2,778666.2,861706.9
12.year_inc,-2258901.5,-466224.9,7097156.7,4647406.7,10945428.5,1678085.2,7372775.9,5972486.2,5980284.3,2964570.1,1755758.7,4972942.3,3287058.9,0.000863,0.00530,0.00124,-0.0287,0.0104,0.0145,0.0147,0.00893,0.0127,0.00737,-0.0103,0.0121,0.00755,10195.7,186624.2,669860.1,1095717.2,1989631.4,381000.7,1391672.1,977065.7,722019.3,331055.0,87972.5,1012565.8,886611.4,0.00958,0.00879,0.00438,-0.000869,0.0170,0.0101,0.0226,0.0163,0.00761,0.00592,0.00446,0.0179,0.0146,187961.2,275323.6,1671250.9,1446552.1,3804975.9,535497.8,2522478.4,1970933.6,1464866.8,705981.0,576969.0,1834042.3,1804611.4,-1091.8,-732.4,18865.2,218632.2,236096.0,37655.2,188881.7,127780.2,41469.1,24411.0,-36424.3,108315.8,156971.8,-0.00278,-0.00380,-0.00456,-0.00956,-0.000507,0.00372,0.00322,-0.00388,0.00137,0.00343,-0.0210,0.00631,0.00437,24813072.7,162239565.1,1.03702e+09,1.92921e+09,1.09889e+10,610997916.9,2.20972e+09,1.72974e+09,1.17422e+09,611162808.3,175662135.7,1.42885e+09,1.37337e+09,-157076419.4,4.41664e+09,1.65399e+10,3.36320e+10,5.46194e+10,1.12281e+10,3.91863e+10,2.71189e+10,1.70372e+10,489991894.8,2.75005e+10,2.63541e+10,-23581633.3,2.28589e+09,9.39182e+09,1.68202e+10,2.84749e+10,6.68744e+09,2.06092e+10,1.38995e+10,9.10657e+09,257033189.2,1.45753e+10,1.26809e+10,17088500.6,1.19052e+09,2.20636e+09,6.54886e+09,1.00511e+10,1.97746e+09,5.83217e+09,5.48327e+09,4.05158e+09,429906416.3,4.56779e+09,4.02202e+09,-19317217.0,698014680.4,2.77140e+09,7.78175e+09,1.12529e+10,1.92154e+09,8.41484e+09,5.99087e+09,3.03209e+09,-185000317.3,5.26207e+09,6.29931e+09,874040538.8,2.09577e+10,4.84414e+10,6.85652e+10,1.41529e+11,2.62153e+10,1.00134e+11,6.61396e+10,5.38208e+10,1.18433e+10,7.53890e+10,6.14925e+10,4641.8,139078.2,654292.8,1495598.0,2316667.8,406901.9,1713264.4,1259555.6,784145.4,-9951.5,1057112.2,1125620.5
14.year_inc,-1406310.3,-1297120.0,7629784.9,5930697.4,13038957.8,2036892.3,8487681.0,7080674.8,7153005.5,3541522.4,2250807.0,5958283.0,3849060.0,0.000936,0.00616,0.00335,-0.0299,0.0130,0.0161,0.0179,0.0119,0.0148,0.00962,-0.00907,0.0143,0.0100,22703.2,192337.5,782939.7,1448707.1,2478751.0,446018.6,1707345.5,1267597.2,871453.3,410468.0,174254.8,1211153.8,1161279.1,0.0101,0.0108,0.00548,-0.00183,0.0194,0.0132,0.0263,0.0184,0.00813,0.00583,0.00286,0.0206,0.0163,288507.2,245998.9,1822361.2,1833244.2,4454142.7,667900.6,2956785.6,2289699.2,1740215.2,832567.6,695540.8,2164443.5,2046026.9,651.4,-1662.2,34497.7,284578.1,317542.9,50823.5,250237.8,171263.8,46465.8,26571.5,-35414.8,146279.1,220253.7,0.000736,-0.00471,-0.000569,-0.0127,0.00205,0.00798,0.00855,-0.00350,-0.000144,0.000561,-0.0237,0.0112,0.00830,6854584.9,196297481.0,1.12949e+09,2.55164e+09,1.36319e+10,681490849.8,2.69857e+09,2.19265e+09,1.44958e+09,748164114.2,302224343.7,1.69924e+09,1.76082e+09,44053550.9,4.23337e+09,2.00518e+10,4.41568e+10,6.87112e+10,1.30520e+10,4.90232e+10,3.54345e+10,2.07479e+10,2.35363e+09,3.32767e+10,3.49113e+10,19863340.2,1.96875e+09,1.11965e+10,2.21826e+10,3.53733e+10,7.63624e+09,2.55874e+10,1.80648e+10,1.11314e+10,1.13443e+09,1.73085e+10,1.66057e+10,69398799.4,1.18328e+09,2.58832e+09,7.85561e+09,1.17608e+10,2.45662e+09,7.15581e+09,6.44813e+09,4.71063e+09,766042787.3,5.31265e+09,4.59352e+09,6682750.3,730045008.0,3.43565e+09,1.01402e+10,1.43338e+10,2.33289e+09,1.06881e+10,7.82105e+09,3.63028e+09,117416073.0,6.51276e+09,8.37063e+09,1.88147e+09,2.16301e+10,5.50008e+10,8.85984e+10,1.70160e+11,2.99466e+10,1.18627e+11,8.23044e+10,6.24460e+10,1.75820e+10,8.78559e+10,7.77677e+10,4984.9,147278.8,828235.1,1985628.1,2981420.7,483461.4,2158118.9,1643953.1,962273.0,83023.6,1337467.5,1535686.3
16.year_inc,-325986.1,-2092247.1,7919297.7,7144935.7,15349041.7,2487837.5,9669202.1,8269102.8,8381228.6,4134151.9,2850428.6,7079938.9,4479975.6,0.000892,0.00616,0.00643,-0.0277,0.0155,0.0196,0.0211,0.0148,0.0170,0.0127,-0.00877,0.0164,0.0120,33167.5,166878.2,903799.1,1833916.6,2979101.7,552798.8,2023112.8,1562924.9,1033818.0,504233.0,260858.0,1416176.7,1392484.8,0.0104,0.0136,0.00599,0.00147,0.0218,0.0123,0.0291,0.0205,0.0110,0.00818,0.00477,0.0233,0.0181,400865.2,243215.2,1903497.9,2264696.8,5150869.5,762539.2,3328956.0,2627238.4,2085790.0,993107.0,902274.9,2523631.1,2302540.3,-1480.0,-2719.0,40542.6,385100.5,421070.8,66370.4,347107.6,250673.9,65193.1,38651.5,-39340.3,170396.9,289507.4,-0.00416,-0.00536,-0.000688,-0.00941,0.00651,0.0111,0.0220,0.00336,0.00439,0.00575,-0.0285,0.0124,0.0142,29468843.7,207076865.0,1.32450e+09,3.23905e+09,1.64514e+10,856033618.2,3.28532e+09,2.67060e+09,1.79010e+09,956505523.6,441253463.5,2.13945e+09,2.16392e+09,22340499.9,3.34018e+09,2.29953e+10,5.66654e+10,8.33040e+10,1.60736e+10,5.95660e+10,4.45750e+10,2.44918e+10,3.72465e+09,3.87289e+10,4.27385e+10,-32843604.2,1.58953e+09,1.30472e+10,2.80784e+10,4.26831e+10,9.23878e+09,3.04482e+10,2.21777e+10,1.31214e+10,2.07931e+09,2.05055e+10,2.03229e+10,128553265.9,1.25354e+09,3.54162e+09,1.07958e+10,1.58501e+10,3.11229e+09,9.77466e+09,9.51479e+09,5.84322e+09,1.20838e+09,6.33533e+09,6.89461e+09,1623896.9,563185775.9,3.87289e+09,1.32064e+10,1.76732e+10,2.92192e+09,1.33645e+10,1.01513e+10,4.41563e+09,251547759.2,7.52190e+09,1.03357e+10,2.78910e+09,1.93396e+10,6.47213e+10,1.08398e+11,1.99300e+11,3.64583e+10,1.36308e+11,9.88170e+10,7.31238e+10,2.33735e+10,1.00483e+11,8.97179e+10,26415.1,124494.4,931101.9,2494687.2,3603430.4,622692.0,2605566.5,2061121.3,1163854.9,157684.2,1542309.1,1816883.5
18.year_inc,895141.1,-2340414.5,7578041.7,8193848.8,18002975.3,3049986.6,10933115.4,9613946.6,9732637.7,4794859.1,3533383.3,8389028.7,5220351.0,0.00105,0.00684,0.0103,-0.0197,0.0183,0.0224,0.0246,0.0180,0.0206,0.0172,-0.00861,0.0186,0.0141,53734.4,183189.4,987889.2,2275512.0,3557790.9,664735.0,2382174.9,1904260.9,1250643.6,628259.8,356220.7,1653530.0,1642412.2,0.0108,0.0151,0.00947,-0.0000252,0.0232,0.0108,0.0307,0.0213,0.0110,0.00774,0.00494,0.0254,0.0191,529423.8,266628.6,1932262.5,2569742.1,5765913.0,870955.7,3615483.3,2891141.4,2395050.5,1135011.2,1105451.5,2874771.6,2499906.8,-1919.5,-1636.1,52861.5,487868.3,537366.3,91657.6,439649.0,322269.4,89958.1,53100.5,-28530.8,215096.8,355750.6,-0.00561,-0.00478,0.00201,-0.00871,0.0108,0.0187,0.0306,0.00685,0.00919,0.00938,-0.0272,0.0173,0.0184,38875510.5,221697114.7,1.63064e+09,4.11167e+09,1.93610e+10,1.11245e+09,4.14660e+09,3.29808e+09,2.25343e+09,1.18822e+09,680900876.1,2.72334e+09,2.65554e+09,267148349.9,3.75328e+09,2.49945e+10,7.00835e+10,9.95143e+10,1.95447e+10,7.04980e+10,5.42376e+10,3.01349e+10,6.20882e+09,4.52767e+10,4.98347e+10,28750339.8,1.73854e+09,1.40667e+10,3.46815e+10,5.05328e+10,1.10215e+10,3.55702e+10,2.69595e+10,1.61633e+10,3.24594e+09,2.35733e+10,2.33480e+10,142768404.3,1.44671e+09,4.07631e+09,1.40584e+10,1.98713e+10,4.18780e+09,1.23294e+10,1.17908e+10,7.25463e+09,2.25435e+09,8.08044e+09,8.42884e+09,19069316.2,636332945.8,4.28919e+09,1.64202e+10,2.14080e+10,3.64317e+09,1.60802e+10,1.24319e+10,5.46658e+09,733325648.0,8.97609e+09,1.22983e+10,4.28990e+09,2.08540e+10,7.55939e+10,1.32094e+11,2.38278e+11,4.33070e+10,1.58037e+11,1.21242e+11,8.93338e+10,3.15562e+10,1.17036e+11,1.05637e+11,31287.9,165455.7,1080966.5,3211605.1,4532270.7,789888.6,3183953.8,2647896.0,1465906.3,338376.3,1884374.7,2276475.9
20.year_inc,2160268.9,-2264410.8,7137479.8,9108536.4,20327761.6,3576672.2,11899569.8,10705696.3,11071875.1,5430483.6,4232481.3,9622065.3,5679214.2,0.00115,0.00713,0.0114,-0.0135,0.0201,0.0212,0.0270,0.0193,0.0229,0.0189,-0.00892,0.0210,0.0157,72407.5,196277.7,979694.7,2660897.5,3977590.5,705775.0,2636444.1,2081402.0,1440447.5,715029.6,445833.9,1896188.5,1831368.0,0.0117,0.0141,0.0137,-0.000974,0.0242,0.0125,0.0309,0.0230,0.0120,0.00897,0.00733,0.0256,0.0188,684668.4,239048.3,1959246.0,2840951.7,6284911.0,1025301.9,3756114.6,3194847.0,2726842.9,1294099.0,1354062.6,3090064.0,2532766.1,-658.0,-957.2,65588.0,596411.1,660165.4,108129.5,527712.1,378225.1,118422.1,64714.9,-11122.5,281940.3,433613.8,-0.00349,-0.00408,0.00664,-0.00454,0.0173,0.0249,0.0411,0.0117,0.0154,0.0132,-0.0228,0.0265,0.0264,52909956.6,245871011.4,1.71138e+09,4.76853e+09,2.26262e+10,1.27041e+09,4.51801e+09,3.60654e+09,2.66329e+09,1.34271e+09,938089705.9,3.21188e+09,2.88472e+09,443360466.1,3.84850e+09,2.46502e+10,8.28091e+10,1.12246e+11,2.07898e+10,7.91955e+10,6.00199e+10,3.48297e+10,8.45691e+09,5.22261e+10,5.66265e+10,19237539.6,1.76849e+09,1.34699e+10,4.08506e+10,5.61418e+10,1.14284e+10,3.95161e+10,2.94154e+10,1.82935e+10,4.13618e+09,2.67263e+10,2.64199e+10,267417927.8,1.57148e+09,4.58397e+09,1.72761e+10,2.39185e+10,4.74585e+09,1.46236e+10,1.43865e+10,8.71477e+09,3.03903e+09,9.53206e+09,1.04579e+10,41960813.7,658818223.1,4.34602e+09,1.94181e+10,2.45137e+10,3.99105e+09,1.82582e+10,1.39480e+10,6.45380e+09,1.27110e+09,1.05657e+10,1.40688e+10,6.05317e+09,2.28854e+10,7.63503e+10,1.53387e+11,2.65204e+11,4.56417e+10,1.71644e+11,1.31466e+11,1.03131e+11,3.96862e+10,1.33738e+11,1.16431e+11,46258.2,147029.6,1041794.1,3723726.1,5011584.8,840194.0,3548217.9,2861866.1,1650178.0,388432.4,2149718.7,2521212.8
22.year_inc,3474738.0,-2017467.4,7061310.7,9810029.6,22232092.3,4018291.0,12563606.7,11634120.9,12395646.9,6086057.7,4901849.1,10597971.4,5818154.5,0.00131,0.00751,0.0119,-0.00839,0.0216,0.0222,0.0285,0.0214,0.0254,0.0209,-0.00751,0.0217,0.0165,94580.8,218233.4,985347.5,2971723.8,4336903.8,774842.9,2803896.8,2322212.1,1637831.8,811218.6,564014.9,2014691.7,1924229.0,0.0128,0.0129,0.0102,0.00190,0.0243,0.0112,0.0308,0.0230,0.0115,0.00725,0.00631,0.0258,0.0181,860136.9,230127.3,1837789.4,3113401.3,6601140.3,1109467.7,3831227.5,3334705.3,3015769.7,1415801.0,1532075.8,3266435.0,2475903.0,-678.9,-61.84,53627.3,684828.0,737859.7,124106.3,600075.0,435445.9,123182.5,70238.1,-12762.0,302413.7,490570.9,-0.00390,-0.00380,0.00248,-0.00172,0.0199,0.0290,0.0500,0.0147,0.0122,0.0122,-0.0271,0.0278,0.0331,59118670.8,248652544.2,1.65046e+09,5.44006e+09,2.61925e+10,1.34400e+09,5.00651e+09,3.98583e+09,2.87822e+09,1.47465e+09,932971900.9,3.43342e+09,3.19702e+09,576131054.5,4.44501e+09,2.42441e+10,9.34028e+10,1.23143e+11,2.29387e+10,8.58052e+10,6.72853e+10,3.91786e+10,1.06405e+10,5.58580e+10,6.10260e+10,14042772.7,1.75699e+09,1.34449e+10,4.59480e+10,6.11950e+10,1.26319e+10,4.24167e+10,3.27214e+10,2.08434e+10,5.41344e+09,2.84736e+10,2.77197e+10,255568349.7,1.81185e+09,4.20077e+09,1.94026e+10,2.58380e+10,5.32562e+09,1.61350e+10,1.56219e+10,9.56623e+09,3.03394e+09,1.02161e+10,1.09461e+10,58846183.4,845083462.8,4.18481e+09,2.20236e+10,2.71604e+10,4.44700e+09,2.00731e+10,1.57907e+10,7.17349e+09,1.57762e+09,1.13697e+10,1.55399e+10,8.08416e+09,2.46584e+10,7.63053e+10,1.67853e+11,2.82515e+11,4.97249e+10,1.75381e+11,1.44084e+11,1.16079e+11,4.84178e+10,1.38431e+11,1.16711e+11,52914.1,164995.1,1046315.8,4272562.0,5567623.5,910422.4,3904814.6,3217843.4,1879463.9,487022.0,2349780.1,2777737.2
24.year_inc,4605967.9,-1168833.5,6554018.7,10405416.8,23955560.3,4346671.1,13095233.5,12425777.6,13702559.8,6714498.2,5566819.8,11529782.7,5906329.3,0.00156,0.00693,0.0142,0.00248,0.0236,0.0232,0.0307,0.0238,0.0268,0.0223,-0.00661,0.0235,0.0185,119262.6,224960.3,1002148.6,3364827.4,4773697.2,831458.3,3024411.9,2572917.4,1810666.0,898727.1,673276.8,2200779.8,2131573.0,0.0146,0.0133,0.0118,-0.00229,0.0246,0.0110,0.0299,0.0239,0.0119,0.00956,0.00766,0.0254,0.0174,1046851.3,353157.4,1769240.3,3221499.4,6921159.1,1183423.2,3817649.5,3529984.8,3323887.8,1590932.4,1754049.1,3391174.3,2413848.1,2806.3,-827.8,44388.6,807385.9,853448.4,131220.2,690275.8,511414.0,142844.3,77662.8,-3858.4,342034.4,579383.9,0.00189,-0.00425,-0.000898,0.00313,0.0246,0.0293,0.0602,0.0205,0.0151,0.0127,-0.0270,0.0317,0.0413,103406585.2,241331573.3,1.74690e+09,6.17832e+09,2.99198e+10,1.40804e+09,5.29981e+09,4.60613e+09,3.41342e+09,1.81759e+09,1.24842e+09,3.68623e+09,3.47090e+09,849144407.4,4.58956e+09,2.39990e+10,1.06575e+11,1.36447e+11,2.46307e+10,9.38408e+10,7.59359e+10,4.33882e+10,1.33850e+10,6.05110e+10,6.84279e+10,21472019.9,1.79694e+09,1.33039e+10,5.19874e+10,6.71287e+10,1.34453e+10,4.55766e+10,3.68196e+10,2.30361e+10,7.00057e+09,3.03091e+10,3.06474e+10,278330514.2,1.87496e+09,4.52934e+09,2.35097e+10,3.04029e+10,5.67307e+09,1.88600e+10,1.87388e+10,1.07518e+10,4.01919e+09,1.16641e+10,1.39781e+10,88221738.9,872139686.5,4.08276e+09,2.53058e+10,3.03931e+10,4.80034e+09,2.23697e+10,1.79069e+10,7.95515e+09,2.01368e+09,1.24862e+10,1.76376e+10,9.75290e+09,2.43632e+10,7.59160e+10,1.89342e+11,3.04223e+11,5.27367e+10,1.86491e+11,1.54081e+11,1.24457e+11,5.42932e+10,1.50142e+11,1.27030e+11,76639.6,175600.3,1116527.7,4867769.2,6273375.9,979340.9,4236693.0,3704956.0,2205327.7,671651.5,2568419.9,3088707.3
26.year_inc,5478348.4,-94994.2,6078458.6,10829649.4,25746178.1,4677907.5,13651395.9,13225899.7,15038460.3,7366095.7,6240085.4,12520278.5,6029810.4,0.00174,0.00677,0.0162,0.00771,0.0247,0.0235,0.0312,0.0249,0.0297,0.0241,-0.00383,0.0246,0.0187,138065.7,254126.1,1010398.3,3604531.7,5068956.0,875240.1,3107360.1,2719340.8,2033227.5,995914.4,823122.5,2349615.2,2160488.5,0.0161,0.0147,0.0145,-0.000780,0.0259,0.0108,0.0301,0.0254,0.0141,0.0121,0.00841,0.0264,0.0175,1201732.8,544951.5,1737351.5,3383572.5,7398820.9,1258103.7,3898550.2,3771097.3,3699045.7,1778406.7,1968753.2,3627723.6,2441671.6,1985.0,-4921.8,39068.9,920909.5,956760.1,156274.6,768504.8,598513.8,152831.1,83126.7,1748.1,358246.4,647654.5,-0.000185,-0.00793,-0.00242,0.0118,0.0298,0.0385,0.0723,0.0301,0.0135,0.0120,-0.0292,0.0316,0.0514,131486701.1,289478493.3,1.75061e+09,6.74791e+09,3.38041e+10,1.53998e+09,5.46787e+09,4.98678e+09,3.84495e+09,2.06511e+09,1.55463e+09,3.97181e+09,3.57366e+09,1.04372e+09,5.31679e+09,2.41793e+10,1.15812e+11,1.46793e+11,2.62909e+10,9.80971e+10,8.14194e+10,4.89996e+10,1.71172e+10,6.53738e+10,7.15028e+10,95840579.8,2.24711e+09,1.35091e+10,5.58943e+10,7.17751e+10,1.41254e+10,4.69583e+10,3.85950e+10,2.64272e+10,9.33024e+09,3.31800e+10,3.12225e+10,380866573.5,1.75687e+09,4.28139e+09,2.70730e+10,3.36198e+10,6.52308e+09,2.06541e+10,2.09937e+10,1.15424e+10,4.61662e+09,1.26261e+10,1.55543e+10,105871439.2,974563703.2,4.02530e+09,2.78011e+10,3.29518e+10,5.27198e+09,2.37161e+10,1.96244e+10,8.89006e+09,2.62398e+09,1.33275e+10,1.87898e+10,1.07482e+10,2.61953e+10,7.58704e+10,2.00946e+11,3.18881e+11,5.46012e+10,1.89309e+11,1.61379e+11,1.37597e+11,6.31059e+10,1.57502e+11,1.26682e+11,91151.2,201615.5,1103872.8,5335224.1,6776377.3,1075128.5,4494918.6,3990531.4,2464091.8,806111.9,2785846.0,3237157.1
ivparm1,0.000000242,0.000000690,0.000000321,0.00000108,0.00000635,-0.000000395,0.00000148,-0.00000116,0.000000591,-0.000000240,4.17e-08,0.000000423,-0.00000123,3.15e-17,5.54e-16,1.64e-15,-9.37e-16,9.37e-16,1.68e-15,2.82e-16,3.50e-15,3.23e-15,-1.87e-15,-6.17e-15,1.45e-15,8.71e-16,-2.26e-09,-2.08e-08,0.000000133,0.000000357,0.000000576,4.52e-08,0.000000114,8.08e-08,4.54e-09,-1.18e-09,-2.87e-08,0.000000166,-6.73e-08,-7.76e-17,2.48e-15,8.23e-16,7.83e-15,2.22e-15,-3.20e-15,3.72e-15,2.21e-15,3.97e-15,1.12e-15,9.80e-15,4.64e-15,-2.05e-15,0.000000144,-7.24e-08,7.53e-08,5.00e-08,0.000000327,9.28e-08,0.000000438,-0.000000295,0.000000370,2.01e-08,0.000000141,0.000000497,2.94e-08,4.17e-11,2.14e-10,2.03e-09,2.55e-08,8.43e-08,5.47e-09,2.97e-08,8.45e-09,-4.65e-09,4.58e-09,-3.15e-10,7.32e-09,2.94e-08,-7.39e-17,-2.52e-16,1.07e-15,-4.55e-15,-2.89e-15,1.69e-15,6.26e-16,8.53e-16,2.83e-15,-8.67e-16,-1.66e-15,2.51e-16,6.23e-15,503661.8,272389.0,913955.9,-919004.5,0.00302,705484.4,1237110.7,-586809.9,-214033.1,-116529.7,-671155.3,1333640.3,255379.1,52184420.7,102341916.1,149819705.0,127935185.1,442494505.9,112114403.0,114115841.8,199396671.3,99917583.7,176379864.0,243097834.6,230462519.1,5957237.7,67052391.4,104404560.3,93373211.2,270847417.2,68485459.2,70848916.2,119243588.0,62500080.7,106175369.4,151603829.2,139861877.3,4411865.4,20120105.7,29658452.9,24707090.3,79376896.0,24298684.0,7412855.0,51209983.2,31335678.3,47937533.9,28166912.8,23742533.7,5356294.0,4415599.1,7590383.2,6532681.1,25057473.0,7407145.2,6556033.6,10611745.8,4955343.0,10382825.3,14445727.1,12694984.7,-75180553.6,-123320099.5,-161664402.5,-112763789.8,-490194034.4,-113131948.9,-120116000.9,-237472796.6,-127282737.6,-201925401.2,-252721237.8,-249779347.9,948.2,2280.1,753.1,147.4,4128.8,651.5,526.3,730.6,2951.0,3551.1,3398.1,526.3
2.year_inc#c.ivparm1,0,0,0,0,0,0,0,0,0,0,0,0,0,0,0,0,0,0,0,0,0,0,0,0,0,0,0,0,0,0,0,0,0,0,0,0,0,0,0,0,0,0,0,0,0,0,0,0,0,0,0,0,0,0,0,0,0,0,0,0,0,0,0,0,0,0,0,0,0,0,0,0,0,0,0,0,0,0,0,0,0,0,0,0,0,0,0,0,0,0,0,0,0,0,0,0,0,0,0,0,0,0,0,0,0,0,0,0,0,0,0,0,0,0,0,0,0,0,0,0,0,0,0,0,0,0,0,0,0,0,0,0,0,0,0,0,0,0,0,0,0,0,0,0,0,0,0,0,0,0,0,0,0,0,0,0,0,0,0,0,0,0,0,0,0,0,0,0,0,0,0,0,0,0,0,0
4.year_inc#c.ivparm1,-1.131,-1.241,-0.350,-0.00679,-2.728,-0.358,-1.269,-2.010,-0.678,-0.672,-0.537,-0.719,-1.691,-9.99e-10,0.000142,0.000153,0.000415,0.000102,0.000137,0.0000767,0.0000703,0.000159,0.000128,0.000209,0.000138,0.0000870,-0.0522,5459.8,3715.9,3934.9,13110.5,1899.0,5798.0,4810.2,2784.3,1165.0,3052.1,8300.3,8427.2,-2.48e-09,0.000248,0.000290,-0.000123,0.000121,0.0000899,0.000123,0.000149,0.000105,0.000124,0.0000864,0.0000890,0.000128,-0.196,9611.0,7099.3,-1173.9,15536.2,1258.4,9284.3,10192.7,1840.7,1133.3,1256.7,5343.5,12437.1,188.9,-0.00478,-0.00237,825.5,1014.4,237.0,349.3,738.2,62.79,62.79,298.5,276.2,714.6,0.000453,-0.000117,-0.0000708,-0.0000104,-0.0000771,0.0000673,-0.000137,0.0000164,-0.0000773,-0.0000326,0.000000141,-0.000145,-0.000132,-88964.9,3856627.5,5668334.6,15347300.9,-0.00324,4503815.5,7764111.3,11412410.7,4762814.2,3697377.2,6103046.8,13387501.5,15533282.4,32699285.1,194584701.1,255938233.7,291495988.6,778768128.0,131417061.5,273839727.5,374604137.5,198297358.0,245481991.3,404163990.5,449053708.5,-2417004.8,94307264.9,176251551.2,212470731.7,480610244.7,77492396.9,164378346.9,242413266.5,127760845.0,153700937.8,238196978.2,275357002.8,1857980.7,17354340.6,1655528.7,33819231.8,54702830.2,7819783.7,15492525.2,34514836.2,21804647.4,24014634.8,20187994.1,25078399.2,3854373.7,33819110.7,26554182.5,29908300.3,94606818.0,15332393.7,38462363.0,39743598.6,20523130.4,24567310.1,54863219.4,58751293.9,-91159670.9,445507849.8,53130915.0,37776293.0,440515246.7,-8068198.0,323333993.2,-2454276.4,81453142.9,10126919.1,442969523.2,367130301.8,29.07,1561.9,5961.5,5460.9,13013.4,2251.8,5430.3,6904.4,321.5,1611.0,6109.1,10440.1
6.year_inc#c.ivparm1,-3953.9,-9128.9,-11677.5,-6083.5,-30843.7,-2151.2,-15650.3,-12196.9,-5169.3,-2731.1,-3484.4,-18646.8,-23523.2,0.00000107,0.000267,0.000510,0.000847,0.000236,0.000288,0.000204,0.000193,0.000290,0.000264,0.000329,0.000286,0.000218,-0.144,10181.0,12342.4,6588.7,29112.0,3872.9,15199.2,12705.3,5004.3,2320.9,4389.1,16406.6,20234.9,-0.00000445,0.000646,0.000569,0.0000498,0.000300,0.000380,0.000339,0.000336,0.000347,0.000464,0.000214,0.000258,0.000278,-514.8,24101.6,12454.3,-1346.8,34694.3,4921.6,24534.6,21710.4,5355.8,3909.8,2197.7,12983.9,24416.9,-0.00380,126.1,1411.6,2549.2,4086.9,569.8,1830.4,1877.0,571.4,431.2,693.6,2209.9,2945.7,-5.80e-09,0.0000491,0.000416,0.000319,0.0000877,0.000192,-0.0000276,0.00000871,0.000217,0.000350,0.0000963,0.000225,-0.0000503,2017583.2,15117218.2,16151037.2,19165215.0,4940958.0,8119951.7,25017757.9,28227931.1,10817817.4,7176127.4,9792144.4,24229688.6,33519850.6,78199092.5,486076077.1,663959719.2,606655849.1,1.83377e+09,340006789.5,760238366.3,977801164.3,363408209.6,494305381.3,855967086.1,1.13035e+09,-1241260.3,274120528.7,427527590.4,404578215.9,1.10493e+09,210071500.2,426114219.6,634761339.0,215077636.8,312882008.5,470163719.2,679775921.1,6714992.6,76499798.3,31660026.4,99478917.2,214474328.1,35389853.1,129924253.1,148649840.0,64751484.7,77167528.1,65824488.1,114332990.4,9000377.5,67807221.3,77074972.8,85045351.9,238820367.7,39564615.8,123469209.2,114690176.0,39016213.3,46038398.4,124130191.8,160239538.6,-189396263.1,527688803.6,650940165.4,4135683.2,995323785.4,-90229335.0,881891063.9,237915751.1,72959589.1,-174730483.9,757408034.3,1.01259e+09,-26.54,8780.3,14363.8,8942.5,32451.1,6187.3,14615.7,17787.4,3885.1,4028.1,14663.8,22378.8
8.year_inc#c.ivparm1,-10957.8,-31950.9,-33206.6,-21353.3,-97468.6,-9340.6,-47206.7,-46682.7,-14011.3,-7951.5,-13950.8,-50785.9,-74116.8,-0.00000186,0.000522,0.000679,0.000887,0.000330,0.000706,0.000228,0.000316,0.000534,0.000628,0.00100,0.000344,0.000231,-191.9,19130.3,15900.3,3427.9,38266.7,9339.8,16242.2,19705.1,9511.8,5811.2,13343.8,18561.6,19415.1,-0.00000960,0.001000,0.00109,0.000971,0.000559,0.000316,0.000631,0.000534,0.000596,0.000460,-0.0000361,0.000589,0.000585,-1342.3,34460.8,22969.1,3942.2,60029.8,2425.7,44574.9,31183.2,8800.0,2997.5,-4612.0,28846.6,48804.1,226.1,390.1,2637.4,4388.9,7642.4,2146.0,2604.2,3920.4,365.0,151.7,2386.6,3722.0,5131.5,0.000552,0.000118,0.000757,0.00110,0.000411,0.000954,0.000207,0.000284,-0.0000958,-0.000174,0.000483,0.000615,0.000477,367589.1,9283368.4,39199934.6,14444117.4,18630821.7,15339871.6,31857906.7,25302484.4,14556317.7,10382247.4,25039432.6,37985465.3,33391760.4,99404908.7,906413408.6,1.07199e+09,870013884.9,2.95335e+09,685250864.8,1.16237e+09,1.50448e+09,687270423.3,948846388.6,1.44886e+09,1.58082e+09,1085704.0,484487322.0,707911694.7,580715308.6,1.77414e+09,395647253.0,723806884.1,910932402.5,413676285.0,534866669.3,863207610.2,964816474.6,9207063.3,116224705.2,79058552.8,193734256.9,398089121.5,120140692.6,136134997.3,224112911.5,94012985.1,167508655.6,173976210.0,183935443.8,11083993.2,129716717.8,116268582.5,107257554.8,364990459.9,95391167.4,143600415.0,191384657.6,76538872.9,118777444.1,173605802.3,193060419.6,-253152319.1,895554111.9,191581695.6,-761858319.3,62889226.5,65434556.4,413361414.2,-149614099.7,54465653.8,84052215.2,212503326.2,-57010983.7,1433.3,15089.5,20074.2,14125.7,50722.7,11261.8,20297.0,33592.3,10621.9,14211.1,17130.4,28839.0
10.year_inc#c.ivparm1,-15346.5,-57832.0,-66946.4,-46646.6,-186771.4,-21064.7,-96189.7,-86029.2,-29725.8,-13633.7,-24264.3,-100742.2,-135980.9,-0.00000814,0.000589,0.00115,0.00169,0.000485,0.000931,0.000330,0.000507,0.000845,0.000920,0.00133,0.000458,0.000340,-485.5,20468.2,27268.2,7143.7,54394.6,11646.1,22729.7,31224.4,15419.9,8832.3,17605.5,23170.2,27328.6,-0.00000600,0.00168,0.00169,0.000539,0.000800,0.000746,0.000891,0.000702,0.000609,0.000955,0.000205,0.000915,0.000850,-1622.5,56277.4,33773.2,-8245.8,80182.3,6191.2,60492.8,38066.8,6178.3,7381.6,-3832.8,42115.5,67812.9,0.00190,235.4,1353.9,3825.5,5414.8,2309.4,2130.8,1602.7,1296.4,364.0,1258.8,3812.1,1809.0,0.00000285,-0.0000889,0.0000181,0.000608,-0.000151,0.000848,-0.000308,-0.000656,0.000260,-0.000142,-0.000184,0.000476,-0.000579,1536114.6,342298.0,44460291.0,32069160.5,40173125.2,19773968.5,38294833.0,28200907.6,8747425.6,11283553.6,20105309.6,50331863.8,50011377.2,123665799.0,1.02192e+09,1.49695e+09,1.24869e+09,3.89194e+09,883534544.4,1.47568e+09,2.00350e+09,1.03346e+09,1.29883e+09,1.88844e+09,1.97495e+09,6562879.0,645648466.0,975574989.8,846287026.7,2.47401e+09,540478361.2,933732338.0,1.33255e+09,646531816.4,849064521.3,1.14147e+09,1.28700e+09,2276874.1,117209986.8,126419725.7,231034397.6,477299184.9,164899371.3,158504455.2,204306922.2,178253282.3,206104056.8,272992262.7,134146531.3,14637199.7,120609058.9,170479093.3,138672361.7,444503057.4,109072246.0,173602582.4,213683517.6,120449365.0,135606351.0,230819539.8,214981446.5,-284442432.9,1.17422e+09,914988897.4,-995826459.6,810219346.2,39127397.6,640502869.1,456407868.2,371180617.9,259672015.2,353811478.1,399911330.7,483.5,12448.2,23707.3,10121.6,46760.6,11100.1,20995.9,35232.1,15391.4,8790.3,11528.4,20269.0
12.year_inc#c.ivparm1,-23797.9,-86792.9,-128810.9,-86873.7,-326275.4,-38009.0,-171436.1,-148865.1,-53489.4,-21971.2,-43775.0,-177410.3,-234776.9,-0.0000190,0.000807,0.00189,0.00263,0.000734,0.00146,0.000512,0.000695,0.000976,0.00112,0.00147,0.000776,0.000570,-1008.8,27434.8,44287.8,9654.5,80368.3,18012.1,34343.0,41341.4,17058.1,10754.0,17794.0,39026.9,45298.1,-0.000118,0.00176,0.00203,0.0000588,0.000750,0.000270,0.000863,0.000538,0.00102,0.00126,0.000555,0.000997,0.000766,-6808.9,54974.4,31339.6,-26340.2,53164.8,-4888.9,50250.1,17391.2,10681.4,9647.2,-3768.8,35773.6,47372.4,-0.00187,506.4,2720.2,9645.8,12872.4,2477.5,5613.0,7637.1,1696.6,2369.0,2745.3,5235.3,8698.2,0.0000309,0.000114,0.000207,0.00184,0.000359,0.000534,0.000290,0.000323,0.000320,0.00151,0.000566,0.000434,0.000270,-1596037.0,35647236.2,77129539.0,4152271.3,73587374.8,36701674.8,56647585.7,55135742.5,22485902.5,5755990.3,33840730.7,60483734.2,56431899.4,131709542.8,1.29936e+09,2.21144e+09,1.84307e+09,5.48571e+09,1.22262e+09,2.21809e+09,2.85850e+09,1.23145e+09,1.39250e+09,2.62721e+09,3.03164e+09,5050404.6,743167463.9,1.46951e+09,1.17606e+09,3.39372e+09,776031392.8,1.32888e+09,1.77507e+09,758595868.9,863096341.7,1.61865e+09,1.85910e+09,-7394689.7,121091100.4,131410919.8,242426520.1,487427324.0,138813434.2,163231234.7,315291683.9,190087887.2,166624657.8,172135640.1,158526002.6,15856511.7,169655822.0,239991237.8,228640064.7,654181554.8,143348548.5,291083672.9,355445455.8,138281236.4,146396981.9,298736099.0,372551769.9,-382359111.4,1.53006e+09,1.53025e+09,-1.70117e+09,976824003.8,78734210.0,350410848.2,106366575.7,155085246.0,-156731271.5,870457428.1,743004547.8,1425.8,26147.6,58135.8,21495.6,107204.9,18137.4,43326.2,56298.7,18173.9,30112.3,50906.2,70893.5
14.year_inc#c.ivparm1,-20962.2,-108681.6,-192174.5,-146387.0,-468205.2,-60013.2,-248484.7,-215955.7,-74333.9,-32954.9,-57818.1,-252249.6,-333858.1,-0.0000141,0.00100,0.00238,0.00324,0.000867,0.00166,0.000559,0.000818,0.00161,0.00176,0.00190,0.000922,0.000572,-798.3,33148.0,53499.8,4571.9,90421.4,19121.9,34726.0,46272.0,31149.9,18073.2,23792.6,44149.4,40149.6,-0.000140,0.00231,0.00241,0.000736,0.000937,0.000354,0.000976,0.000652,0.00115,0.000787,0.000857,0.00127,0.000982,-7508.4,70393.3,29819.1,-34716.7,57987.4,-8821.0,50667.8,16069.3,10219.2,2234.2,-2771.9,41918.0,56589.1,-0.0000714,285.3,2730.1,6619.2,9634.7,1481.9,6123.6,4345.5,2044.2,2010.6,1635.0,5289.2,6108.5,0.0000251,-0.000146,-0.0000411,0.00134,-0.000196,-0.000163,0.000384,-0.000529,0.000124,0.000660,-0.000197,0.000335,-0.000142,-1698216.1,26991497.0,106509287.6,19741650.1,125097029.8,46285552.6,77834238.9,75961074.5,55381566.1,26492294.5,39486220.6,75616483.5,49910439.3,131055690.3,1.64272e+09,2.74351e+09,2.07158e+09,6.59422e+09,1.44610e+09,2.54379e+09,3.33700e+09,1.96011e+09,1.88444e+09,3.25722e+09,3.18800e+09,8090316.1,950333109.7,1.77267e+09,1.44414e+09,4.17529e+09,925799033.4,1.58729e+09,2.23592e+09,1.21467e+09,1.17860e+09,1.93936e+09,2.03482e+09,5177024.9,249584845.1,284531858.0,241605380.0,780847996.5,135205579.2,221184507.3,321947064.9,346485744.4,322133953.7,458900931.5,299156672.8,14881844.1,212777037.3,305782238.2,209709139.9,743734750.3,163343342.2,299969601.4,353189110.0,213673186.4,201419594.8,390545640.3,366718221.6,-393495855.4,1.45493e+09,1.71442e+09,-2.43028e+09,336462320.1,-110367461.2,76360037.7,-249452521.2,429343517.5,-251029677.4,585914841.4,17486263.8,381.5,27939.0,67398.0,25912.9,121631.4,23865.3,52061.0,68064.8,35594.2,27650.2,53566.6,62171.9
16.year_inc#c.ivparm1,-22995.2,-147799.1,-273151.0,-221279.9,-665225.2,-80460.8,-366839.6,-315680.4,-115886.3,-51379.2,-81358.2,-349544.9,-468878.1,-0.00000206,0.00142,0.00284,0.00451,0.00110,0.00170,0.000771,0.000965,0.00183,0.00155,0.00220,0.00126,0.000833,-340.9,45827.4,59756.3,5897.7,111140.5,17993.4,46421.6,50621.4,34507.4,14560.9,26681.3,60519.0,58639.6,-0.000107,0.00246,0.00328,-0.0000478,0.000950,0.000551,0.00100,0.000757,0.00110,0.00112,0.0000167,0.00118,0.000983,-6507.9,68597.6,37972.0,-70196.3,29865.4,-10419.5,38798.6,9193.9,673.3,2649.6,-23481.0,20671.5,39611.6,163.4,1326.0,2880.3,6447.4,10817.2,3592.5,4147.9,3895.0,2052.3,1368.9,3035.0,6922.2,5172.4,0.000322,0.000597,0.0000770,0.00109,-0.000351,0.000987,-0.000682,-0.000759,-0.0000794,0.000179,0.000449,0.000296,-0.000895,1941169.4,50815856.2,78679081.1,16466783.3,186663874.9,32910337.4,52837101.5,60045956.5,40017184.7,11219094.8,14951804.5,87919178.9,75037613.3,159253722.6,2.15232e+09,3.32582e+09,2.53576e+09,8.17565e+09,1.66771e+09,3.23318e+09,3.98620e+09,2.41418e+09,2.40858e+09,4.18945e+09,4.09376e+09,27489217.4,1.16830e+09,2.13803e+09,1.69658e+09,5.03077e+09,967977201.6,1.95425e+09,2.55702e+09,1.45083e+09,1.48601e+09,2.47375e+09,2.61197e+09,3677612.3,271757723.9,318411925.9,300675808.3,894749396.8,270237434.0,239623470.5,416336423.0,394145435.2,448423503.0,478412973.8,230366527.7,17919749.0,303518457.8,356382406.3,264131149.8,942200539.7,207289230.2,381324211.8,425379024.1,275654639.6,261276928.2,516821515.6,459256669.9,-379332553.6,2.58569e+09,1.21003e+09,-2.94646e+09,465814549.9,-386114785.4,420669025.6,1679700.1,361338260.1,-284658882.5,464134849.9,490591075.2,1857.8,38294.9,91407.9,24453.2,156369.6,30697.6,68510.4,74289.2,37345.8,25287.4,82080.4,88326.2
18.year_inc#c.ivparm1,-22432.3,-183719.5,-342663.1,-306282.2,-855097.1,-102618.6,-473838.5,-409277.9,-156847.2,-72713.1,-108218.1,-445819.2,-595631.3,-0.00000636,0.00137,0.00364,0.00560,0.00123,0.00165,0.000891,0.00105,0.00179,0.00176,0.00213,0.00145,0.00103,-523.5,42488.2,74244.2,1259.2,117468.2,15166.0,50548.0,50153.7,31510.4,15942.6,23126.2,67314.5,70791.8,-0.0000921,0.00311,0.00385,-0.000102,0.00107,0.000480,0.00112,0.000915,0.00187,0.00135,0.000936,0.00126,0.000971,-5978.5,85410.6,37114.4,-98025.5,18521.0,-16383.6,35880.6,7566.1,12495.2,1711.6,-15305.2,10954.9,22409.5,256.3,723.3,7199.4,14239.4,22418.5,4390.1,12702.0,10194.6,3056.0,1362.5,3103.6,12223.9,14972.4,0.000519,0.0000832,0.00117,0.00273,0.000679,0.00153,0.00111,0.000402,0.000434,0.000266,0.000469,0.00120,0.000482,1924322.0,62869474.0,95711147.7,53252810.5,255790305.6,29542473.2,56185998.8,105355348.5,61923925.7,28424893.6,56915377.7,108674414.9,122563364.6,138937521.2,2.21137e+09,4.23227e+09,3.23969e+09,9.82809e+09,1.86839e+09,4.17483e+09,4.70677e+09,2.55902e+09,2.45697e+09,5.12132e+09,5.40068e+09,824030.8,1.29210e+09,2.66865e+09,2.10983e+09,6.07135e+09,1.21060e+09,2.52948e+09,2.92494e+09,1.62646e+09,1.59095e+09,3.14641e+09,3.23429e+09,9131426.3,267692241.2,434916739.4,460079292.0,1.17241e+09,192405276.0,491036468.2,694739739.6,448254238.4,395757658.9,477674328.4,531754553.6,16900980.1,287818748.1,502084378.4,344693158.6,1.15220e+09,189530520.1,508054593.3,534102461.3,262800492.2,240128535.4,618093575.4,699865024.3,-414361406.8,1.56105e+09,1.36965e+09,-4.53440e+09,-2.02780e+09,-1.15003e+09,-696385444.5,-1.77373e+09,-897858952.1,-1.40516e+09,-254078891.3,20082344.7,2132.7,41002.5,94459.3,19162.5,156757.0,21741.7,65687.7,65284.8,31778.1,27148.9,91472.2,103237.3
20.year_inc#c.ivparm1,-20998.7,-196551.7,-422907.5,-404972.2,-1045430.1,-123620.8,-584331.7,-505371.4,-189895.2,-84179.2,-133773.1,-540058.7,-731914.1,-0.00000698,0.00164,0.00508,0.00548,0.00140,0.00153,0.000967,0.00132,0.00251,0.00234,0.00328,0.00148,0.00107,-543.9,51766.1,105924.6,-28523.9,128622.8,11588.0,50811.6,65008.6,49912.0,23703.6,42417.3,63614.3,67122.9,-0.0000594,0.00325,0.00255,0.00157,0.000881,0.000667,0.000998,0.000699,0.000755,0.00131,-0.000724,0.00110,0.000945,-4557.5,89305.8,-22800.2,-99971.8,-38023.7,-18230.7,12656.9,-23764.2,-22885.2,-760.4,-52844.9,-14259.4,3092.3,207.4,919.5,11948.0,16810.3,29885.2,5740.3,16150.3,12089.2,1570.6,-1614.0,1108.6,17796.0,22574.3,0.000400,0.000127,0.00205,0.00434,0.00115,0.00223,0.00166,0.000274,-0.000631,-0.00237,-0.000845,0.00238,0.00179,259368.1,66333699.4,193337610.5,44024200.9,344132884.5,38168505.5,101687036.2,145462632.6,105402999.4,55582365.0,111657090.9,158502022.1,160393149.8,148086678.5,2.69678e+09,5.82249e+09,3.55023e+09,1.22226e+10,1.97252e+09,5.08953e+09,5.85100e+09,3.58164e+09,3.31665e+09,6.37160e+09,6.66845e+09,8114633.4,1.61850e+09,3.64616e+09,2.21742e+09,7.49073e+09,1.21084e+09,3.08767e+09,3.60750e+09,2.34768e+09,2.15713e+09,3.88323e+09,3.93221e+09,13578073.2,279881548.1,593890085.6,470400621.7,1.35803e+09,295088842.6,340976301.9,499804828.6,466423384.4,482568450.8,858229199.8,596521801.4,17091829.7,331518051.0,701562609.8,413009833.0,1.46364e+09,217821557.4,642693413.6,687861262.5,352807033.8,318144423.8,775778234.4,893010905.7,-459690280.9,1.51783e+09,2.41038e+09,-8.18780e+09,-4.72788e+09,-1.59862e+09,-1.54873e+09,-2.39707e+09,-953074624.6,-1.43002e+09,-2.33080e+09,-2.17618e+09,2537.2,65965.7,155355.4,9630.3,233488.7,26036.8,79158.5,132084.7,87510.7,75463.9,101403.9,119941.1
22.year_inc#c.ivparm1,-17461.7,-192065.6,-511481.0,-526615.3,-1247623.6,-152317.0,-718258.8,-621201.3,-225019.6,-105987.0,-155966.8,-626422.4,-870287.0,-0.0000176,0.00185,0.00475,0.00738,0.00139,0.00145,0.000904,0.00134,0.00268,0.00256,0.00311,0.00143,0.00100,-994.0,59687.0,86030.6,-31934.6,112789.0,7312.2,37466.3,57632.2,54203.0,25910.3,38261.4,55156.8,51273.9,-0.0000417,0.00342,0.00587,0.0000855,0.00124,0.000760,0.00115,0.00111,0.00139,0.00235,0.000408,0.00138,0.00126,-3525.5,97011.1,54527.6,-164538.4,-16525.2,-22975.8,9895.8,-8715.6,-11698.8,10455.7,-38204.3,-7809.5,18149.5,-0.00322,1307.1,9465.9,28110.7,38883.6,4726.5,20189.9,20829.7,4436.8,4321.9,4873.2,18053.9,29720.3,0.0000302,0.000299,0.00167,0.00608,0.00212,0.00193,0.00287,0.00189,0.000332,0.00150,0.000778,0.00253,0.00343,1640703.4,78710757.8,197234613.0,9732484.6,479283022.4,-5875127.0,64088788.2,126383284.4,155589068.6,61850873.0,140855591.9,161282591.6,137951934.3,169563611.9,2.77542e+09,5.56204e+09,4.33922e+09,1.28572e+10,2.04257e+09,5.20279e+09,6.66773e+09,4.25791e+09,3.78876e+09,6.18950e+09,6.55675e+09,11386258.0,1.58855e+09,3.59040e+09,2.58842e+09,7.77899e+09,1.33835e+09,3.05336e+09,3.98267e+09,2.65824e+09,2.33872e+09,3.79632e+09,3.78240e+09,14873911.6,418176252.4,486397159.3,1.07659e+09,1.99627e+09,285217580.4,774729512.4,1.13840e+09,657053227.8,772850221.9,857874805.2,1.05400e+09,19500475.2,353394664.1,619980558.9,552129175.8,1.54616e+09,187052487.8,671061127.4,835359552.4,456099353.1,404111918.1,710796663.8,903004375.3,-532706672.0,2.60545e+09,647623919.6,-8.03394e+09,-5.33244e+09,-1.86626e+09,-1.70761e+09,-2.44927e+09,-1.12302e+09,-2.03896e+09,-2.88317e+09,-2.34316e+09,2707.5,72318.3,146964.2,183.2,222665.2,21930.8,68268.2,123657.0,84431.9,66325.6,99008.2,116302.5
24.year_inc#c.ivparm1,-13967.1,-202720.2,-565132.5,-675434.7,-1457254.5,-179518.0,-838289.6,-727715.9,-273507.3,-126678.3,-190474.4,-729538.6,-1004229.2,-0.0000277,0.00157,0.00522,0.00736,0.00111,0.00103,0.000736,0.000984,0.00238,0.00226,0.00284,0.00125,0.000749,-1437.7,50578.4,89934.6,-82850.5,56224.8,-3024.0,14787.5,20600.7,43327.1,20535.7,29549.1,35624.1,15921.7,-0.0000383,0.00378,0.00555,0.00165,0.00127,0.000869,0.00127,0.00135,0.00169,0.00250,0.000206,0.00119,0.00121,-3109.1,111602.4,28847.3,-180297.0,-42956.4,-27293.0,6820.3,-6476.7,-12350.2,9356.3,-52081.6,-36479.8,-3313.3,-120.6,1470.2,16418.1,23883.6,41651.3,4859.4,22627.9,20893.0,5722.6,5187.8,4039.4,20758.3,31069.3,-0.000189,0.000472,0.00392,0.00717,0.00295,0.00244,0.00387,0.00281,0.000864,0.00208,0.000517,0.00321,0.00454,-2090771.1,64503786.1,210329671.5,-69952264.4,600250509.5,171555.8,20945153.9,90060279.2,116952981.0,63916756.5,132665074.3,112744259.1,85680001.4,160655921.4,2.69987e+09,6.07334e+09,3.56529e+09,1.25005e+10,1.82095e+09,5.03164e+09,5.96039e+09,4.41711e+09,3.71501e+09,6.54014e+09,6.26247e+09,1758267.2,1.66355e+09,3.68138e+09,2.24922e+09,7.59585e+09,1.13813e+09,2.85061e+09,3.60808e+09,2.84086e+09,2.51264e+09,3.98777e+09,3.61686e+09,2252869.6,403161348.7,721739625.9,433389773.0,1.56042e+09,298903300.3,569631895.8,859436963.9,603094583.7,567954512.7,700985539.4,658424619.3,18532657.2,328047307.3,764643868.6,321616446.0,1.43302e+09,173453502.0,635310156.2,663673934.4,456343765.8,334091113.1,769349081.4,803225747.9,-535421085.0,1.79753e+09,306624179.7,-1.31888e+10,-1.16223e+10,-3.08517e+09,-4.61208e+09,-5.83509e+09,-2.38980e+09,-3.08640e+09,-5.78720e+09,-6.14732e+09,2056.6,75713.9,158568.6,-31094.5,205244.6,14237.9,67181.5,80319.2,91844.7,74763.6,124925.4,99162.0
26.year_inc#c.ivparm1,-24468.6,-207243.4,-649668.6,-837534.2,-1718914.7,-203465.0,-986983.5,-866889.4,-333554.7,-154436.1,-236309.8,-852025.4,-1181895.0,-0.0000258,0.00165,0.00618,0.00961,0.00127,0.00117,0.000880,0.00122,0.00197,0.00279,0.00232,0.00133,0.00107,-1499.4,55412.0,103329.8,-96972.5,60269.8,-3144.0,18418.8,27850.4,26399.3,27298.0,13724.3,32419.4,37014.5,-0.00000853,0.00364,0.00479,0.000706,0.000776,0.000366,0.000797,0.000876,0.00138,0.00170,-0.000140,0.000670,0.000636,-2811.4,109543.2,-16917.4,-249204.1,-159389.7,-41698.2,-52191.7,-65950.1,-33914.8,-8364.4,-72823.0,-93439.6,-83776.8,-0.00995,2515.8,20528.6,31531.3,54575.8,3661.3,27668.8,18573.0,14735.2,8988.6,9849.0,36002.7,36179.3,0.0000264,0.00135,0.00491,0.00886,0.00394,0.00177,0.00464,0.00218,0.00396,0.00380,0.00305,0.00614,0.00465,1478832.2,93006773.9,140791266.0,-118516112.0,740423473.3,-2778949.8,30192273.9,17364002.2,58619514.7,35684383.8,50903897.4,99667754.3,61191191.6,180956224.0,2.83484e+09,6.89397e+09,4.10085e+09,1.40114e+10,2.07752e+09,5.85754e+09,6.81153e+09,4.70394e+09,3.76700e+09,7.19986e+09,7.22994e+09,2279534.2,1.61630e+09,4.38934e+09,2.48033e+09,8.48819e+09,1.25959e+09,3.51819e+09,4.20234e+09,2.84336e+09,2.24582e+09,4.28585e+09,4.38525e+09,2297815.9,418438911.7,1.04916e+09,756721685.8,2.22662e+09,249164525.5,857510973.1,1.22334e+09,1.04820e+09,854083117.3,1.00327e+09,929254552.5,21211892.8,369226140.9,846189650.3,423583088.3,1.66032e+09,203792361.2,739663181.1,749401953.2,536479230.8,411559700.1,910920614.6,920050975.8,-521358047.4,2.52736e+09,1.62442e+09,-1.56804e+10,-1.20512e+10,-2.95799e+09,-5.82573e+09,-5.59548e+09,-3.61974e+09,-3.61944e+09,-6.45573e+09,-5.47349e+09,-956.7,65269.3,153294.7,-53383.0,164224.4,4984.5,47961.1,40674.6,83134.2,64819.7,123549.7,76105.7
_cons,41282607.6,37968576.4,22722925.5,8785428.8,126331323.0,13618617.1,73995817.9,67254210.4,16353762.5,8518843.5,14413442.7,59077112.6,96358943.4,0.0104,0.0259,0.0892,0.318,0.0509,0.0953,0.0270,0.0541,0.0733,0.0831,0.145,0.0472,0.0408,428989.6,983632.0,2026378.8,2798273.1,6426085.4,1297693.4,1994875.0,3639956.6,1198442.8,708157.7,2083881.7,2786128.7,3929949.1,0.0823,0.117,0.217,0.314,0.134,0.227,0.0924,0.131,0.217,0.215,0.288,0.139,0.107,3398342.9,4436869.2,4933307.3,2756701.8,16977323.8,3089068.5,6839282.7,8789262.1,3541387.1,1833788.8,4145491.1,8188061.7,10346868.2,6238.2,19205.2,96110.8,655130.6,777206.8,107493.7,255470.6,544257.3,64986.6,45252.5,218333.8,232949.5,604726.5,0.0146,0.0196,0.0473,0.234,0.121,0.0828,0.128,0.149,0.0541,0.0639,0.105,0.0836,0.154,297184194.5,866418943.2,2.43221e+09,4.35806e+09,2.05828e+10,1.46867e+09,2.50303e+09,4.69401e+09,1.88024e+09,1.20598e+09,2.89581e+09,3.34788e+09,4.69298e+09,4.28675e+09,2.67015e+10,5.03991e+10,8.42075e+10,1.66983e+11,3.33535e+10,5.17916e+10,9.74078e+10,2.70264e+10,5.33490e+10,6.95748e+10,1.06603e+11,557533164.9,1.31230e+10,2.97956e+10,4.35138e+10,8.70918e+10,1.89046e+10,2.59157e+10,4.98328e+10,1.43990e+10,2.94276e+10,3.72589e+10,5.37882e+10,1.29869e+09,4.75002e+09,6.55133e+09,1.90325e+10,3.20402e+10,7.65063e+09,6.88384e+09,2.25712e+10,6.73179e+09,1.40887e+10,9.46898e+09,1.76577e+10,469263950.0,5.03265e+09,8.25666e+09,1.90581e+10,3.29672e+10,5.49887e+09,1.13063e+10,2.03505e+10,4.60154e+09,9.34176e+09,1.26167e+10,2.28668e+10,3.65051e+10,8.04358e+10,1.57154e+11,1.74420e+11,4.67180e+11,9.42673e+10,1.58946e+11,2.49109e+11,8.34049e+10,1.38093e+11,2.18071e+11,2.89508e+11,284523.5,694597.7,1946558.7,3799181.3,6820303.1,1172045.9,2111908.0,4318973.1,1300964.7,2250125.4,2501330.1,4347292.6
