,n_endpop_5564,n_endpop_6574,n_endpop_7584,n_endpop_85p,n_endpop_all,n_endpop_blk,n_endpop_college,n_endpop_f,n_endpop_his,n_endpop_his_f,n_endpop_hsless,n_endpop_m,n_endpop_wht,n_startpop_5564,n_startpop_6574,n_startpop_7584,n_startpop_85p,n_startpop_all,n_startpop_blk,n_startpop_college,n_startpop_f,n_startpop_his,n_startpop_his_f,n_startpop_hsless,n_startpop_m,n_startpop_wht,p_cogstate1_5564,p_cogstate1_6574,p_cogstate1_7584,p_cogstate1_85p,p_cogstate1_all,p_cogstate1_blk,p_cogstate1_college,p_cogstate1_f,p_cogstate1_his,p_cogstate1_his_f,p_cogstate1_hsless,p_cogstate1_m,p_cogstate1_wht,n_cogstate1_5564,n_cogstate1_6574,n_cogstate1_7584,n_cogstate1_85p,n_cogstate1_all,n_cogstate1_blk,n_cogstate1_college,n_cogstate1_f,n_cogstate1_his,n_cogstate1_his_f,n_cogstate1_hsless,n_cogstate1_m,n_cogstate1_wht,p_cogstate2_5564,p_cogstate2_6574,p_cogstate2_7584,p_cogstate2_85p,p_cogstate2_all,p_cogstate2_blk,p_cogstate2_college,p_cogstate2_f,p_cogstate2_his,p_cogstate2_his_f,p_cogstate2_hsless,p_cogstate2_m,p_cogstate2_wht,n_cogstate2_5564,n_cogstate2_6574,n_cogstate2_7584,n_cogstate2_85p,n_cogstate2_all,n_cogstate2_blk,n_cogstate2_college,n_cogstate2_f,n_cogstate2_his,n_cogstate2_his_f,n_cogstate2_hsless,n_cogstate2_m,n_cogstate2_wht,n_nhmliv_5564,n_nhmliv_6574,n_nhmliv_7584,n_nhmliv_85p,n_nhmliv_all,n_nhmliv_blk,n_nhmliv_college,n_nhmliv_f,n_nhmliv_his,n_nhmliv_his_f,n_nhmliv_hsless,n_nhmliv_m,n_nhmliv_wht,p_nhmliv_5564,p_nhmliv_6574,p_nhmliv_7584,p_nhmliv_85p,p_nhmliv_all,p_nhmliv_blk,p_nhmliv_college,p_nhmliv_f,p_nhmliv_his,p_nhmliv_his_f,p_nhmliv_hsless,p_nhmliv_m,p_nhmliv_wht,p_diabe_5564,p_diabe_6574,p_diabe_7584,p_diabe_85p,p_diabe_all,p_diabe_blk,p_diabe_college,p_diabe_f,p_diabe_his,p_diabe_his_f,p_diabe_hsless,p_diabe_m,p_diabe_wht,n_diabe_5564,n_diabe_6574,n_diabe_7584,n_diabe_85p,n_diabe_all,n_diabe_blk,n_diabe_college,n_diabe_f,n_diabe_his,n_diabe_his_f,n_diabe_hsless,n_diabe_m,n_diabe_wht,p_hearte_5564,p_hearte_6574,p_hearte_7584,p_hearte_85p,p_hearte_all,p_hearte_blk,p_hearte_college,p_hearte_f,p_hearte_his,p_hearte_his_f,p_hearte_hsless,p_hearte_m,p_hearte_wht,n_hearte_5564,n_hearte_6574,n_hearte_7584,n_hearte_85p,n_hearte_all,n_hearte_blk,n_hearte_college,n_hearte_f,n_hearte_his,n_hearte_his_f,n_hearte_hsless,n_hearte_m,n_hearte_wht,p_hibpe_5564,p_hibpe_6574,p_hibpe_7584,p_hibpe_85p,p_hibpe_all,p_hibpe_blk,p_hibpe_college,p_hibpe_f,p_hibpe_his,p_hibpe_his_f,p_hibpe_hsless,p_hibpe_m,p_hibpe_wht,n_hibpe_5564,n_hibpe_6574,n_hibpe_7584,n_hibpe_85p,n_hibpe_all,n_hibpe_blk,n_hibpe_college,n_hibpe_f,n_hibpe_his,n_hibpe_his_f,n_hibpe_hsless,n_hibpe_m,n_hibpe_wht,helphoursyr_nonsp_5564,helphoursyr_nonsp_6574,helphoursyr_nonsp_7584,helphoursyr_nonsp_85p,helphoursyr_nonsp_all,helphoursyr_nonsp_blk,helphoursyr_nonsp_college,helphoursyr_nonsp_f,helphoursyr_nonsp_his,helphoursyr_nonsp_his_f,helphoursyr_nonsp_hsless,helphoursyr_nonsp_m,helphoursyr_nonsp_wht,helphoursyr_sp_5564,helphoursyr_sp_6574,helphoursyr_sp_7584,helphoursyr_sp_85p,helphoursyr_sp_all,helphoursyr_sp_blk,helphoursyr_sp_college,helphoursyr_sp_f,helphoursyr_sp_his,helphoursyr_sp_his_f,helphoursyr_sp_hsless,helphoursyr_sp_m,helphoursyr_sp_wht,help_to_spouse_5564,help_to_spouse_6574,help_to_spouse_7584,help_to_spouse_85p,help_to_spouse_all,help_to_spouse_blk,help_to_spouse_college,help_to_spouse_f,help_to_spouse_his,help_to_spouse_his_f,help_to_spouse_hsless,help_to_spouse_m,help_to_spouse_wht,parhelphours_5564,parhelphours_6574,parhelphours_7584,parhelphours_85p,parhelphours_all,parhelphours_blk,parhelphours_college,parhelphours_f,parhelphours_his,parhelphours_his_f,parhelphours_hsless,parhelphours_m,parhelphours_wht
2.year_inc,0,0,0,0,0,0,0,0,0,0,0,0,0,0,0,0,0,0,0,0,0,0,0,0,0,0,0,0,0,0,0,0,0,0,0,0,0,0,0,0,0,0,0,0,0,0,0,0,0,0,0,0,0,0,0,0,0,0,0,0,0,0,0,0,0,0,0,0,0,0,0,0,0,0,0,0,0,0,0,0,0,0,0,0,0,0,0,0,0,0,0,0,0,0,0,0,0,0,0,0,0,0,0,0,0,0,0,0,0,0,0,0,0,0,0,0,0,0,0,0,0,0,0,0,0,0,0,0,0,0,0,0,0,0,0,0,0,0,0,0,0,0,0,0,0,0,0,0,0,0,0,0,0,0,0,0,0,0,0,0,0,0,0,0,0,0,0,0,0,0,0,0,0,0,0,0,0,0,0,0,0,0,0,0,0,0,0,0,0,0,0,0,0,0,0,0,0,0,0,0,0,0,0,0,0,0,0,0,0,0,0,0,0,0,0,0,0,0,0,0,0,0,0,0,0,0,0,0,0,0,0,0,0,0
4.year_inc,-1000458.1,707598.5,1567550.9,674713.7,1812335.5,269483.6,1375532.3,1006195.1,1109020.7,564473.7,237267.8,806140.4,433831.2,-1014206.2,792494.6,1624192.7,780561.3,2053610.5,310615.1,1611478.0,1129681.6,1155888.7,586637.9,205868.2,923928.9,587106.7,0.000133,0.00102,-0.00449,-0.0123,0.000848,0.00228,0.00176,0.000395,0.0000144,-0.00222,-0.00402,0.00136,0.000444,-5207.1,59249.2,31119.8,129952.3,215495.1,61826.6,178131.1,89575.8,85965.6,29644.0,-29475.2,125919.3,67702.8,0.00225,0.00335,-0.00229,-0.00332,0.00359,0.00102,0.00471,0.00396,0.00165,0.00133,0.00170,0.00317,0.00319,7150.8,221440.7,288520.5,211705.4,738217.3,84730.6,506118.5,417959.4,279217.8,138350.3,84005.7,320257.9,374268.9,2542.5,-2133.0,23642.9,60624.4,83120.1,10897.4,70957.9,54000.9,14750.0,7183.3,-6447.1,29119.2,57472.7,0.0000799,-0.000101,0.0000216,-0.00449,0.000433,0.000504,0.000742,0.000504,0.000403,0.000250,-0.000768,0.000345,0.000502,0.00393,0.0128,0.00952,0.0101,0.00916,0.0123,0.00974,0.00917,0.00621,0.00726,0.00928,0.00917,0.00783,-100764.6,764537.6,817101.2,337251.9,1782227.2,309148.0,1160712.6,942462.9,559981.9,302834.4,222136.9,839764.3,913097.4,-0.00115,0.00284,-0.000907,0.00531,0.00553,0.00631,0.00836,0.00487,0.00305,0.00344,-0.00452,0.00632,0.00685,-202243.4,341517.9,658723.6,455542.0,1247155.7,163288.6,1035030.6,595081.1,252866.0,134256.6,-16848.2,652074.6,831001.2,-0.0279,-0.0196,-0.0215,-0.0147,-0.0158,-0.00794,-0.0133,-0.0159,-0.0222,-0.0217,-0.0246,-0.0157,-0.0157,-1631062.1,-262471.1,648008.2,454873.3,-836577.3,134124.7,-107842.6,-439357.8,226819.0,116749.7,-231547.2,-397219.5,-1197521.0,-7909573.9,78746658.0,361160669.5,436777663.9,906010197.0,173846938.9,613944512.4,605250084.6,226812717.0,137092680.0,-52358299.8,300760112.5,505350541.1,26465855.6,164020147.1,206984086.7,221089975.9,625014724.0,106862714.6,399317418.1,201678851.6,170880893.7,41808872.0,105155028.9,423335872.4,347271115.7,-65010162.3,162607188.5,166951533.5,163653255.0,446404676.8,49323330.5,359859310.6,203868056.7,159622095.8,57631588.8,52014449.7,242536620.1,237459250.5,-68932354.3,13725322.2,26534305.4,246549.7,-35818133.8,1978060.5,-70852293.0,-4893751.8,43427777.7,30271073.8,31084183.6,-30924382.0,-81223972.0
6.year_inc,-2020683.6,1043287.4,3414711.4,1164391.9,3809520.5,580208.4,2769175.1,2071714.2,2231358.5,1125725.2,522941.1,1737806.2,997953.5,-2069769.3,1102997.5,3548059.6,1382445.6,4172600.9,633934.9,3159526.0,2280618.4,2312150.8,1166975.0,485081.8,1891982.4,1226515.2,0.000338,0.00209,-0.00522,-0.0155,0.00264,0.00473,0.00445,0.00188,0.00249,0.000205,-0.00679,0.00350,0.00167,-8302.7,109144.9,170653.6,284503.5,561326.5,129072.0,432414.7,257077.8,217853.6,101000.9,-31913.1,304248.8,214400.9,0.00444,0.00661,0.00152,-0.00219,0.00826,0.00574,0.0110,0.00844,0.00377,0.00161,0.00395,0.00808,0.00728,4196.0,385964.9,794043.8,409952.1,1643281.8,225958.7,1142076.7,884737.7,571805.6,266939.3,198060.6,758544.1,845517.6,-4210.6,16755.8,43860.2,129488.1,186309.2,26569.8,158435.8,102682.6,19078.0,7782.3,-20512.8,83626.6,140661.4,-0.0000715,0.000364,-0.000247,-0.00540,0.000998,0.00131,0.00167,0.000912,0.000196,-0.000216,-0.00212,0.00109,0.00125,0.00866,0.0229,0.0183,0.0250,0.0178,0.0235,0.0185,0.0178,0.0148,0.0157,0.0213,0.0179,0.0148,-189001.3,1270083.8,1759386.7,682822.7,3555911.2,615016.0,2261799.7,1874439.0,1178969.2,622616.5,521280.7,1681472.2,1761925.9,-0.00292,0.00305,0.00266,0.0129,0.0102,0.0118,0.0155,0.00944,0.00658,0.00723,-0.00968,0.0111,0.0126,-432962.3,441176.6,1558094.8,849883.1,2422426.0,321991.5,1985797.8,1184586.1,522110.1,275013.1,-28121.3,1237839.9,1578324.4,-0.0484,-0.0367,-0.0443,-0.0265,-0.0293,-0.0143,-0.0241,-0.0303,-0.0405,-0.0404,-0.0476,-0.0282,-0.0292,-2928826.1,-742084.0,1398474.8,784928.9,-1394293.3,296609.6,-94880.7,-797318.9,475237.3,234390.9,-403644.3,-596974.5,-2166140.3,-83390145.4,128253217.4,698813058.1,805915147.3,1.59694e+09,293484476.8,1.15974e+09,1.04396e+09,479032251.3,267141081.9,-99203635.2,552981267.3,824426337.7,-51157215.8,306394160.3,497910975.8,391957119.3,1.16925e+09,206589732.5,862386418.6,457176126.3,412633549.5,191756154.4,131999313.1,712077691.4,550030535.7,-27728686.9,340437258.9,533304038.5,250456750.6,1.15975e+09,129069262.0,757147554.1,596227702.0,401203797.3,205181386.8,186058817.9,563519861.6,629474504.3,-140750834.8,13867288.2,49665458.5,-2064862.1,-62648664.4,6302545.9,-132736900.6,-3226899.7,82277899.4,57760690.3,59661614.1,-59421764.6,-151229109.7
8.year_inc,-2328976.5,569984.9,4786330.1,2011928.3,6132018.8,934880.7,4239085.7,3342514.0,3434264.9,1725869.9,945677.0,2789504.8,1762873.2,-2413617.9,602514.5,5038373.9,2413879.1,6735207.4,1020225.2,4857206.4,3617772.3,3566202.2,1782881.0,861687.8,3117435.0,2148780.0,0.000579,0.00399,-0.00426,-0.0239,0.00493,0.00855,0.00744,0.00367,0.00501,0.00158,-0.00781,0.00636,0.00332,-2655.1,169495.2,319562.1,503818.8,1006861.1,224421.8,723019.3,461125.4,364426.1,167637.4,4372.0,545735.7,418013.2,0.00633,0.00984,-0.000582,-0.00163,0.0114,0.00589,0.0161,0.0107,0.00448,0.00202,0.00214,0.0122,0.0103,47857.7,450562.6,1054508.8,737713.9,2428103.0,317900.9,1719822.4,1233462.9,862564.6,404882.5,279426.0,1194640.1,1247637.5,-1302.6,8190.9,60037.4,240967.6,308128.0,45721.4,273758.0,177318.1,29839.6,12056.3,-34882.6,130809.8,232566.9,0.00000866,0.000177,-0.000418,-0.00730,0.00164,0.00226,0.00290,0.00162,0.000302,-0.000291,-0.00359,0.00165,0.00203,0.0130,0.0296,0.0317,0.0376,0.0249,0.0326,0.0255,0.0246,0.0219,0.0231,0.0307,0.0252,0.0200,-109375.5,1351677.8,2695323.8,1166813.5,5290596.4,928062.6,3284796.9,2749619.3,1829012.7,957415.9,829122.4,2540977.1,2533521.1,-0.00386,0.0000148,0.00842,0.0185,0.0134,0.0166,0.0214,0.0126,0.00976,0.0108,-0.0153,0.0143,0.0166,-521474.1,176026.6,2348097.8,1461214.4,3543262.0,490599.9,2903478.8,1733362.0,810193.4,424096.8,-26724.2,1809900.0,2242468.6,-0.0614,-0.0569,-0.0642,-0.0348,-0.0415,-0.0202,-0.0344,-0.0436,-0.0527,-0.0542,-0.0662,-0.0391,-0.0421,-3588394.5,-1819540.1,1854854.5,1456234.0,-1589011.1,509498.7,5502.3,-1005200.1,850363.5,397982.3,-467200.4,-583810.9,-2948873.3,-45220625.7,173196114.6,883150243.0,1.47919e+09,2.57550e+09,440320174.4,1.88821e+09,1.63736e+09,799523411.9,482768981.7,-170804715.8,938137984.7,1.33566e+09,-25442469.0,286670391.6,784096527.5,569752059.8,1.64440e+09,212675929.7,1.31932e+09,692794670.0,495328516.2,225984792.2,79440603.6,951604587.8,936394812.0,-763402.0,452363117.8,778513484.2,401387879.3,1.68867e+09,223424129.6,1.16009e+09,919554091.9,511741513.2,251976018.1,257685861.3,769112873.6,953501322.8,-171186683.7,-19866543.3,66575162.5,-3922973.1,-42676992.9,16085433.7,-149169871.5,29354062.4,130893561.7,93620201.5,106894809.2,-72031055.3,-189655988.3
10.year_inc,-2309788.2,-113722.2,5823290.1,3084066.9,8223231.6,1236204.1,5505735.1,4491414.6,4598350.8,2313405.6,1376012.3,3731817.0,2388676.8,-2404225.5,-107119.9,6216129.5,3675933.0,9128869.8,1369689.1,6365922.0,4921503.4,4791034.3,2391348.5,1296685.2,4207366.4,2968146.4,0.000695,0.00527,-0.00243,-0.0311,0.00744,0.0118,0.0111,0.00568,0.00832,0.00362,-0.00893,0.00945,0.00521,1985.9,197287.8,471024.3,789835.7,1484915.7,309677.8,1069518.3,683617.5,531630.2,242386.2,46132.1,801298.2,643607.7,0.00780,0.0114,0.00515,-0.00213,0.0154,0.00915,0.0206,0.0149,0.00702,0.00564,0.00620,0.0160,0.0137,105899.6,421971.8,1470784.2,1124311.3,3325743.1,448363.9,2248888.5,1719635.1,1187336.9,576916.9,469291.5,1606108.0,1690042.2,-4027.0,21339.4,84399.8,369595.9,471641.3,68153.7,397670.0,262412.5,50426.7,24398.3,-35239.2,209228.8,353061.0,-0.0000616,0.000567,-0.000139,-0.00981,0.00257,0.00341,0.00421,0.00246,0.000871,0.000384,-0.00417,0.00269,0.00310,0.0159,0.0374,0.0439,0.0455,0.0313,0.0407,0.0316,0.0313,0.0291,0.0297,0.0390,0.0313,0.0247,3661.5,1385871.1,3510337.5,1697486.9,6922929.7,1215370.1,4209124.7,3629585.6,2486284.3,1289388.1,1154122.5,3293344.1,3221275.3,-0.00516,-0.00373,0.0143,0.0201,0.0160,0.0204,0.0258,0.0154,0.0136,0.0147,-0.0192,0.0168,0.0198,-570422.5,-172717.4,3023043.0,2157055.4,4553575.2,637939.5,3667218.3,2248587.6,1114358.6,580252.9,9041.1,2304987.5,2801277.1,-0.0683,-0.0790,-0.0774,-0.0514,-0.0518,-0.0249,-0.0433,-0.0541,-0.0639,-0.0650,-0.0831,-0.0491,-0.0529,-3855463.1,-3065426.5,2252441.1,2172039.1,-1676228.4,708274.8,89737.1,-1067915.4,1202865.6,574166.4,-482719.4,-608313.0,-3587368.8,-44658088.2,256123864.6,1.26249e+09,2.12072e+09,3.69931e+09,636611723.8,2.74133e+09,2.40202e+09,1.11048e+09,701355680.1,-69795078.2,1.29729e+09,1.95221e+09,-18958125.1,240421806.6,1.03452e+09,905913714.2,2.25287e+09,317109179.9,1.68140e+09,986456931.7,735291524.4,299129962.1,202284071.7,1.26641e+09,1.20047e+09,-62576322.9,517571418.7,1.14454e+09,701394293.9,2.40642e+09,274758049.9,1.78963e+09,1.25166e+09,667033516.0,340794776.1,267852401.1,1.15476e+09,1.46463e+09,-171642651.1,-52579302.0,74553369.7,-3390604.9,-12560100.2,25811984.4,-142626981.2,58551795.3,171333558.9,121148740.1,144346169.2,-71111895.6,-209705643.5
12.year_inc,-2185068.5,-413991.9,6802117.3,4065433.9,10190372.8,1531512.3,6591356.8,5554015.6,5743707.6,2870956.9,1830514.0,4636357.2,2915152.9,-2290107.9,-459844.9,7242943.1,4888758.0,11307739.5,1696027.0,7673629.9,6091894.7,5980104.0,2980215.0,1746827.4,5215844.8,3631608.5,0.000755,0.00525,-0.00119,-0.0331,0.00973,0.0156,0.0142,0.00772,0.0106,0.00545,-0.0103,0.0120,0.00693,5595.1,186079.2,595134.6,1116295.2,1930338.3,403284.1,1378838.3,905313.5,679624.3,315447.0,84440.1,1025024.8,847429.9,0.00934,0.0119,0.00825,-0.00124,0.0187,0.0108,0.0245,0.0179,0.00880,0.00643,0.00608,0.0196,0.0166,176326.9,396471.1,1788430.0,1514473.5,4099589.6,550682.8,2716241.1,2108685.3,1493618.7,716383.8,599206.3,1990904.3,2055288.1,506.0,13284.1,115300.9,472703.9,602049.3,88954.4,521122.6,320844.1,62864.2,30136.9,-51902.8,281205.2,450230.7,0.0000526,0.000381,0.000408,-0.0133,0.00327,0.00444,0.00550,0.00294,0.00103,0.000432,-0.00573,0.00362,0.00395,0.0176,0.0447,0.0538,0.0567,0.0375,0.0470,0.0377,0.0377,0.0366,0.0366,0.0453,0.0374,0.0293,100322.4,1527609.1,4224310.7,2276756.5,8493143.9,1468702.9,5093494.7,4457851.5,3152714.1,1623146.9,1460771.4,4035292.4,3871726.8,-0.00704,-0.00709,0.0157,0.0220,0.0182,0.0253,0.0296,0.0179,0.0164,0.0184,-0.0211,0.0187,0.0224,-627182.8,-400341.2,3511967.6,2834245.9,5458285.6,797648.0,4333331.8,2720746.8,1398409.6,734880.2,78211.5,2737538.9,3262228.0,-0.0678,-0.106,-0.0857,-0.0683,-0.0602,-0.0279,-0.0501,-0.0629,-0.0713,-0.0713,-0.0971,-0.0571,-0.0621,-3786718.0,-4280935.6,2667411.9,2808625.2,-1657328.3,912153.7,210446.4,-1092242.0,1598308.8,780182.7,-458643.6,-565086.3,-4167790.8,19475104.9,217736398.7,1.54181e+09,2.90864e+09,4.81057e+09,862712672.4,3.59370e+09,3.11189e+09,1.52580e+09,963180644.5,-3232572.0,1.69868e+09,2.42206e+09,-41316505.5,337791967.2,1.28128e+09,1.19388e+09,2.84782e+09,432185487.2,2.03654e+09,1.21715e+09,897240171.0,402869197.5,222822247.4,1.63068e+09,1.51840e+09,34992406.9,604479000.0,1.43188e+09,879852445.1,3.04873e+09,379638553.7,2.15151e+09,1.58005e+09,893946918.6,450852303.6,433699907.8,1.46869e+09,1.77515e+09,-149154920.2,-60439778.4,78845418.7,-3449396.7,18415494.7,35570514.4,-129560963.7,83976979.2,204575337.9,143005839.7,172877847.7,-65561484.4,-221730357.5
14.year_inc,-1314792.8,-1215174.8,7248886.8,5214318.9,12106101.6,1849736.1,7565709.9,6589327.3,6867253.5,3419460.9,2327598.3,5516774.3,3389112.0,-1439528.1,-1326038.7,7773969.5,6237132.4,13427440.9,2045680.8,8826785.5,7206165.5,7179397.5,3556532.9,2239015.9,6221275.4,4202362.6,0.000903,0.00589,0.00510,-0.0360,0.0131,0.0200,0.0181,0.0108,0.0142,0.00795,-0.00902,0.0157,0.00970,20997.8,183293.8,834346.4,1463903.6,2534605.1,513032.5,1748109.7,1208711.9,866173.5,397695.4,172072.4,1325893.1,1155399.1,0.00991,0.0137,0.00694,-0.000528,0.0207,0.0102,0.0276,0.0196,0.00929,0.00647,0.00584,0.0219,0.0183,276992.7,350930.8,1864965.1,1944747.6,4701667.4,623471.7,3111774.1,2397658.8,1775534.9,844802.5,738927.3,2304008.6,2302660.7,-1074.7,15324.6,134573.1,657342.7,805420.4,111978.1,691786.7,446474.2,81752.1,39685.6,-51215.2,358946.2,611690.2,-0.00000256,0.000498,0.000780,-0.0120,0.00446,0.00553,0.00735,0.00432,0.00144,0.000795,-0.00621,0.00462,0.00544,0.0173,0.0512,0.0654,0.0661,0.0427,0.0525,0.0420,0.0433,0.0420,0.0423,0.0514,0.0420,0.0329,320858.2,1436545.9,4799158.4,2905182.5,9912757.9,1726247.5,5797677.1,5229508.3,3791705.2,1945519.3,1789096.5,4683249.6,4394805.2,-0.00686,-0.00780,0.0153,0.0240,0.0199,0.0278,0.0328,0.0201,0.0195,0.0218,-0.0236,0.0198,0.0246,-494992.6,-672428.5,3730197.6,3590345.0,6283537.1,930893.4,4923526.6,3163202.1,1698284.4,888099.3,145710.0,3120335.0,3654359.3,-0.0666,-0.125,-0.0971,-0.0836,-0.0674,-0.0297,-0.0560,-0.0704,-0.0777,-0.0782,-0.108,-0.0639,-0.0702,-3370397.3,-5438719.0,2664342.3,3522835.6,-1538660.7,1149642.1,318279.0,-1072274.6,2002530.0,965246.1,-369805.9,-466386.1,-4690832.8,26281310.9,191304871.7,1.79471e+09,3.78740e+09,5.95124e+09,1.09476e+09,4.46473e+09,3.85706e+09,1.84235e+09,1.09755e+09,5678783.4,2.09418e+09,3.01413e+09,26906826.1,330436836.0,1.57547e+09,1.60509e+09,3.69889e+09,500887983.5,2.39577e+09,1.54724e+09,1.33188e+09,550767310.2,512095381.0,2.15165e+09,1.86612e+09,43637354.0,495558478.3,1.72648e+09,1.19444e+09,3.60110e+09,443110109.5,2.51045e+09,1.80775e+09,1.03375e+09,510442233.6,461991353.1,1.79335e+09,2.12424e+09,-90667886.8,-95645288.0,77790094.0,-4904259.3,58827472.3,48301827.7,-108729736.7,113364875.0,238540196.7,165882321.6,206483695.7,-54537402.7,-228014552.1
16.year_inc,-235575.2,-1982155.3,7452520.4,6188320.8,14127639.2,2248314.8,8497210.6,7655154.2,8051194.6,3995936.6,2889134.7,6472485.0,3828129.8,-343077.3,-2147436.0,8002260.9,7482514.2,15697302.8,2478163.1,9980023.2,8410292.0,8380631.6,4141815.1,2800733.6,7287010.8,4838508.1,0.000916,0.00663,0.00782,-0.0333,0.0158,0.0229,0.0213,0.0134,0.0175,0.0107,-0.00822,0.0185,0.0118,33981.3,184800.2,939626.3,1866650.3,3066398.1,610093.5,2068159.1,1485928.2,1056525.5,487330.9,262208.0,1580469.9,1399779.0,0.0104,0.0162,0.0102,0.00255,0.0236,0.0114,0.0314,0.0230,0.0104,0.00782,0.00657,0.0243,0.0210,397799.8,335965.5,2016235.7,2386472.8,5475068.4,747048.0,3566725.6,2838068.6,2073851.3,992080.7,915709.1,2636999.8,2654169.1,-582.5,7750.4,167063.3,821810.8,995312.3,125607.0,847286.8,573742.4,108187.9,53478.8,-53783.1,421570.0,761517.4,-0.00000853,0.000350,0.00172,-0.0113,0.00551,0.00590,0.00897,0.00566,0.00211,0.00146,-0.00693,0.00534,0.00678,0.0195,0.0576,0.0750,0.0739,0.0473,0.0563,0.0460,0.0483,0.0476,0.0477,0.0574,0.0461,0.0359,712518.6,1344361.6,5193990.7,3495296.1,11331334.8,2000439.5,6477949.0,5994356.6,4448998.3,2274948.5,2152591.7,5336978.2,4881897.0,-0.00728,-0.00923,0.0150,0.0267,0.0203,0.0286,0.0343,0.0215,0.0221,0.0244,-0.0247,0.0189,0.0253,-351019.5,-956608.3,3818735.7,4308462.5,6969785.6,1059128.6,5372544.5,3570283.7,1992514.4,1035992.8,248643.3,3399501.8,3918142.6,-0.0648,-0.141,-0.109,-0.100,-0.0742,-0.0324,-0.0623,-0.0769,-0.0838,-0.0829,-0.118,-0.0711,-0.0780,-2824615.4,-6404698.4,2445573.3,4105902.7,-1322648.3,1436490.0,378577.0,-949548.4,2401010.1,1174072.0,-236805.7,-373099.9,-5160148.4,68134528.0,173763954.3,2.22099e+09,4.97469e+09,7.58494e+09,1.36142e+09,5.53285e+09,4.91779e+09,2.39637e+09,1.43656e+09,231950910.9,2.66715e+09,3.82716e+09,152267810.0,363857590.9,1.63384e+09,1.87924e+09,4.17682e+09,583257340.7,2.58851e+09,1.74750e+09,1.55104e+09,626676932.3,611126321.6,2.42932e+09,2.04253e+09,141323184.0,508173395.5,1.94829e+09,1.46549e+09,4.27934e+09,521113008.8,2.87979e+09,2.08202e+09,1.39261e+09,611112811.2,680916710.7,2.19732e+09,2.36562e+09,-23415597.6,-129443067.5,72483742.8,-8166573.3,125801345.3,69028908.3,-57066951.3,158324646.0,276173505.0,192336053.3,248194332.0,-32523300.7,-219401068.0
18.year_inc,949846.9,-2209848.8,7132430.3,7016873.7,16564089.8,2779467.0,9552202.5,8922251.1,9335034.5,4623802.8,3574655.7,7641838.7,4449588.3,858556.4,-2385710.2,7627424.6,8549255.3,18325884.2,3029113.1,11213142.9,9771621.3,9741831.6,4808701.7,3482366.3,8554262.8,5554939.4,0.00107,0.00807,0.0106,-0.0265,0.0184,0.0233,0.0247,0.0168,0.0208,0.0153,-0.00721,0.0203,0.0141,54220.4,228775.8,990324.1,2296290.7,3627077.0,682844.2,2424788.0,1842509.1,1265580.5,612213.8,373565.8,1784568.0,1678652.4,0.0108,0.0183,0.0127,0.000916,0.0249,0.0115,0.0323,0.0246,0.0114,0.0105,0.00685,0.0254,0.0214,528341.8,380979.8,2008196.8,2693664.1,6079038.6,878796.9,3794003.9,3163813.1,2408599.9,1175920.8,1120156.8,2915225.5,2791641.8,-1898.0,11909.1,172299.1,1009659.2,1191340.3,167374.8,984207.5,710831.3,128073.5,69619.0,-48819.1,480509.0,895892.0,-0.0000588,0.000483,0.00209,-0.00815,0.00652,0.00780,0.0103,0.00703,0.00242,0.00217,-0.00728,0.00594,0.00794,0.0224,0.0631,0.0802,0.0874,0.0508,0.0586,0.0481,0.0525,0.0513,0.0530,0.0622,0.0487,0.0376,1165482.2,1446193.8,5190964.0,4137209.4,12724426.1,2312022.3,7041035.8,6758364.0,5141577.5,2645672.8,2561449.3,5966062.1,5270826.4,-0.00676,-0.0102,0.0136,0.0347,0.0200,0.0274,0.0355,0.0223,0.0250,0.0272,-0.0262,0.0173,0.0253,-153176.7,-1057785.9,3615767.0,5030432.3,7659910.2,1187630.1,5822272.7,3975377.8,2334435.5,1206398.2,370521.4,3684532.4,4137844.6,-0.0619,-0.148,-0.124,-0.112,-0.0793,-0.0340,-0.0673,-0.0825,-0.0847,-0.0820,-0.121,-0.0758,-0.0851,-2183756.2,-6781563.8,1767933.2,4615183.2,-697152.7,1826973.1,572490.2,-683304.9,2994869.6,1491617.4,63641.7,-13847.9,-5518995.5,104809528.9,195042365.7,2.46362e+09,6.06409e+09,9.02881e+09,1.64526e+09,6.47626e+09,5.80762e+09,2.75706e+09,1.68842e+09,394954153.2,3.22119e+09,4.62649e+09,171914424.5,406750973.6,1.79654e+09,2.03739e+09,4.59284e+09,676141609.2,2.81069e+09,1.92995e+09,1.77087e+09,728444116.1,786423937.9,2.66288e+09,2.14582e+09,267599261.9,459805297.2,2.02104e+09,1.62034e+09,4.55182e+09,585749594.1,2.99887e+09,2.21459e+09,1.54157e+09,780326386.4,792808526.1,2.33723e+09,2.42449e+09,45355525.2,-145583091.5,58120787.7,-13671383.0,242603701.3,101440335.9,38670809.0,238029433.2,331073788.9,234086878.6,318403332.5,4574268.1,-189910423.5
20.year_inc,2219383.2,-2061477.8,6671314.9,7709139.7,18717164.5,3279577.8,10362522.5,9922261.5,10675858.6,5271410.6,4263401.9,8794903.0,4761728.1,2111901.8,-2291900.3,7146619.2,9501163.3,20653671.3,3561399.2,12162558.3,10949964.4,11111849.6,5478916.1,4197460.6,9703706.9,5980422.5,0.00119,0.00900,0.0158,-0.0180,0.0215,0.0247,0.0278,0.0201,0.0245,0.0194,-0.00454,0.0231,0.0168,73705.2,264901.1,1097983.2,2739672.1,4244574.7,770613.3,2744718.0,2185598.7,1496994.0,736935.8,521868.9,2058976.0,1976967.4,0.0118,0.0184,0.0167,0.000927,0.0264,0.0120,0.0330,0.0266,0.0144,0.0122,0.00921,0.0261,0.0214,688494.9,395529.5,2020788.0,2991718.3,6657527.4,1014910.2,3972094.6,3501325.2,2804510.4,1352531.7,1374113.1,3156202.1,2838106.8,-594.0,11327.1,200967.3,1244064.4,1456920.4,197524.5,1195237.1,861110.4,177026.8,99718.6,-27703.5,595810.0,1082369.1,-0.0000467,0.000459,0.00330,-0.00209,0.00800,0.00893,0.0125,0.00858,0.00374,0.00381,-0.00679,0.00735,0.00966,0.0252,0.0677,0.0891,0.0961,0.0549,0.0614,0.0511,0.0573,0.0563,0.0583,0.0679,0.0522,0.0399,1636387.7,1651098.5,5249811.5,4671568.0,14140071.6,2624965.3,7592703.1,7522599.9,5885418.4,3025998.0,3007452.5,6617471.7,5629687.9,-0.00659,-0.0121,0.0108,0.0406,0.0192,0.0260,0.0351,0.0226,0.0267,0.0292,-0.0266,0.0154,0.0251,38540.8,-1100439.2,3325312.3,5668262.1,8199779.9,1306579.8,6057654.1,4291614.0,2650469.1,1370587.0,517652.5,3908165.9,4242731.0,-0.0596,-0.151,-0.137,-0.122,-0.0826,-0.0360,-0.0707,-0.0861,-0.0849,-0.0805,-0.122,-0.0787,-0.0898,-1539582.3,-6822098.3,1095279.3,5082511.0,14956.0,2196701.6,756652.8,-371900.8,3606475.2,1818546.5,408336.1,386856.8,-5788220.9,202675721.6,234385623.7,2.45156e+09,7.24611e+09,1.03699e+10,1.88781e+09,7.29494e+09,6.72137e+09,3.26631e+09,2.08171e+09,695135057.8,3.64855e+09,5.21579e+09,318446029.7,406796373.1,1.85217e+09,2.44609e+09,5.19644e+09,732110190.4,3.14223e+09,2.10476e+09,1.95950e+09,760310730.0,895528964.7,3.09168e+09,2.50482e+09,405929547.9,523672092.0,1.98084e+09,1.89457e+09,5.06454e+09,637985376.6,3.20401e+09,2.50301e+09,1.81346e+09,909627342.4,970055963.0,2.56153e+09,2.61310e+09,121598797.9,-145385496.2,45807699.5,-21592292.8,352536563.5,134246993.0,132123859.7,304047386.8,382971842.7,271860587.0,380703984.2,48489176.7,-164682272.2
22.year_inc,3545297.9,-1870946.5,6633196.5,8351284.0,20555457.5,3694038.6,11015419.9,10771443.9,11940698.2,5894745.1,4911966.7,9784013.6,4920720.6,3444227.6,-2084518.0,7024795.0,10334489.7,22622475.7,3993465.7,12852854.0,11861203.2,12484918.4,6144749.6,4882099.6,10761272.5,6144091.6,0.00135,0.00932,0.0170,-0.0135,0.0233,0.0259,0.0297,0.0222,0.0278,0.0231,-0.00286,0.0245,0.0177,96601.5,283672.6,1122731.8,3082584.0,4652608.1,844429.0,2946260.5,2418532.7,1729612.4,859723.7,650619.4,2234075.4,2078566.7,0.0130,0.0163,0.0143,0.00211,0.0264,0.0105,0.0329,0.0262,0.0128,0.0119,0.00859,0.0265,0.0208,863409.7,347845.5,1922360.0,3277863.6,6971164.3,1090207.2,4056046.7,3617341.9,3077510.6,1498965.1,1564426.5,3353822.4,2803446.4,-3102.0,5670.1,187552.4,1444194.5,1632832.1,221224.8,1346931.4,964649.3,207357.0,109080.8,-8585.2,668182.8,1204250.3,-0.000122,0.000288,0.00292,0.00247,0.00890,0.00976,0.0141,0.00958,0.00429,0.00389,-0.00640,0.00814,0.0108,0.0273,0.0710,0.0958,0.104,0.0588,0.0647,0.0540,0.0616,0.0613,0.0630,0.0733,0.0556,0.0417,2102540.1,1853506.4,5394381.9,5156134.6,15405536.3,2899752.3,8063756.7,8164208.5,6640285.5,3402201.1,3441759.5,7241327.8,5865498.4,-0.00654,-0.0142,0.00503,0.0404,0.0182,0.0256,0.0341,0.0224,0.0282,0.0316,-0.0271,0.0133,0.0243,236786.7,-1118037.8,3099623.8,6128785.4,8593259.2,1414127.0,6169120.0,4508590.2,2968709.2,1542073.2,655150.3,4084669.0,4210423.1,-0.0533,-0.152,-0.155,-0.129,-0.0857,-0.0377,-0.0746,-0.0891,-0.0830,-0.0766,-0.124,-0.0819,-0.0947,-670970.7,-6780815.0,477230.5,5496164.7,567407.6,2492698.8,772569.2,-151833.6,4280065.4,2181229.1,743574.8,719241.2,-6205356.6,282401495.2,253367786.2,2.50813e+09,8.14054e+09,1.14136e+10,2.05618e+09,7.96454e+09,7.50443e+09,3.71993e+09,2.32446e+09,974406117.8,3.90919e+09,5.63752e+09,403719501.0,439674127.3,1.89583e+09,2.31917e+09,5.25865e+09,779106091.5,3.04480e+09,2.08223e+09,2.15991e+09,893723999.0,1.17060e+09,3.17642e+09,2.31963e+09,525573857.5,543993524.0,2.12459e+09,1.90794e+09,5.41372e+09,699695100.4,3.31820e+09,2.67724e+09,2.14308e+09,1.09370e+09,1.17417e+09,2.73648e+09,2.57095e+09,214780901.2,-131807934.2,45278432.0,-27430975.5,437250042.4,159804100.6,204032909.5,348336236.8,428136622.7,303308496.3,427342338.1,88913805.6,-150690680.9
24.year_inc,4671013.6,-1000069.1,6168048.9,8780107.9,22174454.3,4009816.0,11508660.8,11543188.0,13197527.2,6526212.9,5523160.3,10631266.3,4967111.1,4565769.0,-1229492.5,6487885.8,10907712.5,24290864.7,4328589.5,13399191.3,12637424.1,13777448.5,6781601.6,5523546.6,11653440.6,6184826.6,0.00145,0.00977,0.0181,-0.00256,0.0253,0.0265,0.0321,0.0244,0.0295,0.0248,-0.00293,0.0264,0.0196,114191.8,329399.9,1100111.6,3479747.3,5085948.9,895187.1,3190522.6,2653622.4,1911562.9,954858.1,740236.0,2432326.5,2279198.8,0.0147,0.0177,0.0174,-0.00277,0.0271,0.0106,0.0320,0.0276,0.0145,0.0141,0.0111,0.0264,0.0203,1052493.4,510749.6,1893037.5,3361965.9,7348657.4,1172953.4,4040514.2,3849373.4,3425203.3,1677675.3,1802991.1,3499283.9,2750500.6,1331.5,4655.6,180060.2,1663106.8,1849441.1,262704.9,1510446.9,1112332.1,233154.0,122808.3,11392.5,737109.0,1353582.2,-0.0000385,0.000201,0.00297,0.00942,0.0101,0.0117,0.0158,0.0112,0.00468,0.00428,-0.00597,0.00889,0.0122,0.0309,0.0721,0.104,0.111,0.0627,0.0687,0.0565,0.0654,0.0659,0.0668,0.0785,0.0594,0.0435,2585816.9,2243164.0,5388665.4,5533912.7,16567633.5,3139962.3,8451389.0,8731200.3,7363164.2,3757644.7,3859313.2,7836433.1,6064506.9,-0.00614,-0.0160,0.00334,0.0401,0.0174,0.0256,0.0335,0.0222,0.0296,0.0330,-0.0279,0.0118,0.0237,420254.3,-946602.3,2823597.7,6442065.6,8940881.7,1504978.8,6266974.8,4690001.1,3269541.6,1695191.4,777045.2,4250880.6,4166361.2,-0.0514,-0.149,-0.168,-0.138,-0.0882,-0.0370,-0.0776,-0.0911,-0.0843,-0.0756,-0.126,-0.0849,-0.0982,-85157.9,-6268324.4,-181992.0,5698099.6,1055225.3,2758340.8,787061.2,81313.2,4829012.5,2491356.8,1027999.9,973912.1,-6532128.0,408934348.6,297336702.5,2.52503e+09,9.04861e+09,1.25312e+10,2.16322e+09,8.61393e+09,8.17331e+09,4.28540e+09,2.67851e+09,1.21232e+09,4.35784e+09,6.08254e+09,424350502.3,553295141.3,1.99604e+09,2.44960e+09,5.59603e+09,838593502.7,3.07206e+09,2.27220e+09,2.53819e+09,1.10683e+09,1.34561e+09,3.32383e+09,2.21924e+09,598850901.3,653901109.6,2.06374e+09,2.18961e+09,5.86469e+09,732418655.8,3.53830e+09,2.78597e+09,2.41756e+09,1.15454e+09,1.29858e+09,3.07872e+09,2.71470e+09,283834048.7,-104121484.0,33627901.0,-33083793.1,494626722.4,175993159.6,249473792.7,377648961.7,466886103.6,329703343.6,462862348.9,116977760.7,-148252540.8
26.year_inc,5527556.1,39547.2,5686887.5,9048479.1,23756086.7,4305324.1,11950701.9,12241529.8,14464096.1,7143222.9,6145188.5,11514556.9,4986666.5,5422288.6,-145341.1,5932702.4,11301683.2,25966048.4,4651621.6,13899190.6,13435727.9,15109943.3,7449563.2,6169357.6,12530320.5,6204483.5,0.00155,0.00820,0.0186,0.00550,0.0260,0.0258,0.0329,0.0259,0.0306,0.0265,-0.00233,0.0263,0.0200,128972.8,307326.3,1055302.1,3772499.9,5325935.1,922214.8,3286805.1,2838862.4,2084737.2,1055746.3,844048.8,2487072.8,2318983.1,0.0162,0.0169,0.0209,0.000467,0.0281,0.0111,0.0330,0.0283,0.0143,0.0133,0.0109,0.0278,0.0206,1201842.4,626041.7,1864710.3,3549088.7,7772895.9,1257288.5,4191277.4,4031625.3,3725056.3,1818829.6,1991453.1,3741270.6,2790551.1,2229.1,7994.9,150819.5,1815400.1,1975033.7,275619.1,1600349.4,1200924.9,259868.4,132943.7,10557.6,774108.8,1439546.2,-0.0000308,0.000219,0.00230,0.0141,0.0106,0.0119,0.0167,0.0120,0.00505,0.00438,-0.00656,0.00919,0.0131,0.0355,0.0737,0.112,0.117,0.0668,0.0726,0.0596,0.0699,0.0715,0.0731,0.0836,0.0631,0.0455,3047122.4,2747419.5,5373916.7,5816864.1,17797383.8,3377062.5,8884820.6,9369780.7,8147352.8,4172689.7,4281580.5,8427603.1,6272968.5,-0.00605,-0.0154,0.00108,0.0382,0.0165,0.0266,0.0323,0.0221,0.0309,0.0359,-0.0271,0.00976,0.0228,550873.5,-625186.0,2524187.1,6625984.2,9260881.7,1609756.3,6306422.6,4886130.4,3579198.5,1880703.2,932282.0,4374751.3,4071926.9,-0.0485,-0.146,-0.178,-0.148,-0.0900,-0.0363,-0.0801,-0.0934,-0.0821,-0.0737,-0.125,-0.0863,-0.102,429933.5,-5600637.0,-774392.0,5758302.6,1627320.5,3014697.7,815901.4,299231.8,5501147.9,2832795.4,1396659.3,1328088.7,-6888525.1,455634900.7,338342211.8,2.38625e+09,1.00656e+10,1.35031e+10,2.24393e+09,9.13964e+09,8.99009e+09,4.72959e+09,3.02648e+09,1.43001e+09,4.51303e+09,6.52959e+09,531076058.6,660867276.8,1.89079e+09,2.55926e+09,5.79860e+09,841162514.9,3.06578e+09,2.40456e+09,2.73954e+09,1.20661e+09,1.36956e+09,3.39403e+09,2.21789e+09,657478896.4,898532766.2,2.11183e+09,2.25952e+09,6.13200e+09,775130167.7,3.60900e+09,2.96845e+09,2.54316e+09,1.26476e+09,1.40129e+09,3.16355e+09,2.81371e+09,325603514.3,-74828746.7,22375304.9,-37464127.4,546749670.4,187568179.2,288188705.5,408759199.7,508325463.1,359658265.8,500734736.3,137990470.7,-149143971.9
ivparm1,-3637.6,-7406.8,-4808.5,-2212.3,-18065.2,-1211.8,-10114.2,-8164.6,-2449.4,-646.3,-2217.0,-9900.7,-14404.0,-0.743,-0.719,-0.173,-0.00278,-1.638,-0.147,-0.857,-1.189,-0.339,-0.327,-0.236,-0.449,-1.152,-1.68e-10,0.0000202,0.0000393,0.000241,0.0000304,0.0000755,0.00000680,0.0000433,0.0000304,0.0000164,0.000159,0.0000157,0.0000241,-0.0147,765.2,899.6,2201.0,3865.8,1032.4,505.5,2928.2,500.0,140.5,2309.6,937.6,2333.4,-1.76e-11,0.000207,0.000138,0.0000682,0.0000919,-0.0000450,0.000112,0.0000932,0.0000789,0.000140,-0.000100,0.0000903,0.000113,-0.0618,7864.7,3172.1,653.4,11690.2,-616.2,8310.1,6316.4,1300.9,1200.2,-1460.8,5373.8,11005.5,-0.00295,-0.00187,-0.000706,-218.3,-218.3,-66.54,-151.8,-66.54,-0.00116,-0.000812,-0.00254,-151.8,-151.8,-5.90e-11,-7.06e-12,7.98e-11,-0.0000239,-0.00000172,-0.00000487,-0.00000205,-0.000000985,6.68e-11,2.32e-10,2.10e-10,-0.00000257,-0.00000157,-2.77e-09,-1.34e-09,-1.32e-09,-8.25e-11,-1.70e-09,-1.60e-09,-1.07e-09,-2.51e-09,-3.95e-09,-6.77e-09,-2.17e-09,-9.54e-10,-1.21e-09,-0.305,-0.294,-0.0925,-0.00162,-0.693,-0.0866,-0.303,-0.497,-0.197,-0.189,-0.129,-0.196,-0.409,0.000410,0.000495,0.000367,0.000367,0.000374,0.000243,0.000340,0.000333,0.000407,0.000361,0.000393,0.000421,0.000387,16964.1,18813.7,8426.4,3353.2,47557.4,3335.4,25303.4,22544.6,6682.9,3083.0,5722.5,25012.8,37539.0,0.0823,0.0642,0.0494,0.0399,0.0608,0.0437,0.0601,0.0605,0.0770,0.0718,0.0669,0.0610,0.0604,3403733.0,2446272.8,1135434.3,366298.0,7728096.1,599310.8,4476979.6,4099238.5,1264695.1,613999.0,974578.0,3628857.6,5864090.2,13864773.1,21947132.8,14639940.8,11768721.5,64501122.7,10894474.3,29283139.6,49560321.3,12319063.4,8914201.8,12503602.8,14940801.5,41287585.0,7535857.7,-14986390.5,2702032.1,178671.6,-3787929.3,1853090.7,6676152.8,-1145960.3,6427681.8,3014071.9,-30517.5,-2641969.0,-12068701.7,3654389.9,-22333681.7,-2252458.7,3871567.1,-15844077.2,723288.9,-7473142.2,-13387050.4,1540435.5,-762266.6,-8067137.2,-2457026.8,-18107801.6,-5416844.9,-3903173.7,-1846765.6,-595891.9,-11762676.1,-904765.3,-13741694.3,-6200582.5,-1894911.7,-933005.5,-2896222.8,-5562093.6,-8962999.1
2.year_inc#c.ivparm1,0,0,0,0,0,0,0,0,0,0,0,0,0,0,0,0,0,0,0,0,0,0,0,0,0,0,0,0,0,0,0,0,0,0,0,0,0,0,0,0,0,0,0,0,0,0,0,0,0,0,0,0,0,0,0,0,0,0,0,0,0,0,0,0,0,0,0,0,0,0,0,0,0,0,0,0,0,0,0,0,0,0,0,0,0,0,0,0,0,0,0,0,0,0,0,0,0,0,0,0,0,0,0,0,0,0,0,0,0,0,0,0,0,0,0,0,0,0,0,0,0,0,0,0,0,0,0,0,0,0,0,0,0,0,0,0,0,0,0,0,0,0,0,0,0,0,0,0,0,0,0,0,0,0,0,0,0,0,0,0,0,0,0,0,0,0,0,0,0,0,0,0,0,0,0,0,0,0,0,0,0,0,0,0,0,0,0,0,0,0,0,0,0,0,0,0,0,0,0,0,0,0,0,0,0,0,0,0,0,0,0,0,0,0,0,0,0,0,0,0,0,0,0,0,0,0,0,0,0,0,0,0,0,0
4.year_inc#c.ivparm1,-6157.5,-8487.1,-11621.7,-6698.6,-32965.0,-3606.4,-18866.9,-15752.2,-3672.7,-2752.9,-4221.0,-17212.9,-25685.9,-3102.6,-7348.9,-5006.6,-2608.6,-18066.7,-1212.1,-10113.9,-8165.7,-2449.7,-646.5,-2216.8,-9901.0,-14405.0,-0.00000716,0.000133,0.000210,0.000197,0.0000907,0.0000596,0.000103,0.0000643,0.0000885,0.0000712,0.0000290,0.000121,0.0000950,-322.4,4996.9,4832.8,1344.1,10851.3,744.8,7586.2,4028.6,1400.5,602.6,142.9,6822.8,8706.1,-0.0000101,0.000200,0.000263,0.000322,0.000130,0.0000898,0.000110,0.000180,0.000171,0.000266,0.000219,0.0000734,0.000128,-671.5,7068.6,5636.2,2415.1,14448.4,961.2,7592.1,11385.4,2567.6,2368.8,2586.3,3063.0,10919.6,0.000839,-91.23,-1362.4,-186.3,-1639.9,111.8,-809.4,-1602.3,0.000914,0.00222,-0.000769,-37.66,-1751.8,6.51e-08,-0.00000203,-0.0000528,0.0000181,-0.0000108,0.00000899,-0.00000935,-0.0000212,0.000000990,0.000000441,0.00000338,0.000000929,-0.0000157,0.0000168,-0.0000203,0.0000277,0.0000134,0.000000617,-0.0000121,0.00000987,0.0000132,0.0000527,0.0000170,0.0000310,-0.0000128,-0.00000841,-125.3,-3364.2,-1175.4,-681.6,-5346.5,-717.8,-1989.5,-1413.9,-39.33,-113.3,-479.4,-3932.6,-4589.4,0.00102,0.000892,0.000783,0.000665,0.000776,0.000406,0.000756,0.000697,0.000852,0.000749,0.000908,0.000868,0.000817,40118.4,32913.5,17722.9,5543.7,96298.4,5441.2,55475.4,46458.9,14983.8,6914.3,12952.3,49839.5,75873.4,0.0316,0.0326,0.0246,0.0198,0.0255,0.0169,0.0253,0.0255,0.0307,0.0282,0.0286,0.0255,0.0257,1188406.0,1313861.5,682943.4,225852.3,3406704.1,249094.2,2015849.7,1818490.3,626779.1,299321.6,435048.1,1588213.7,2530830.8,10214730.2,15571794.7,18571147.2,21767525.6,66603014.7,7804913.3,19561370.5,36217128.6,10083554.6,5698149.9,19151912.0,30385886.1,48714546.9,-389556.7,20014459.8,8541050.6,6803775.2,34880900.2,3721003.3,24363316.2,10588328.8,-17451447.8,-11420011.9,-6836582.5,24292571.5,48611344.7,1575563.0,37000556.0,6105633.2,4688449.5,47982502.0,11614107.9,32105857.5,33957883.5,-8008433.8,-417616.5,3718609.2,14024618.5,44376828.0,-5350222.3,-5461695.2,-2789996.0,-902604.7,-14504518.2,-1139452.2,-16830755.0,-7767277.0,-2468002.5,-1184383.4,-3692233.5,-6737241.2,-10897063.4
6.year_inc#c.ivparm1,-11488.5,-26178.1,-32763.0,-21875.7,-92305.4,-9445.2,-52741.6,-44814.4,-9438.6,-3932.3,-10623.5,-47490.9,-73421.6,-7470.3,-13739.5,-16542.8,-13280.4,-51033.0,-4819.6,-28969.6,-23918.9,-6122.7,-3399.6,-6443.0,-27114.1,-40090.7,-0.00000259,0.000121,0.000673,0.000757,0.000210,0.000105,0.000168,0.000195,0.000269,0.000260,0.000226,0.000228,0.000213,-182.6,4402.2,16603.1,4168.9,24991.5,1052.0,12126.7,12361.2,4649.8,2253.3,2582.8,12630.3,19289.7,7.37e-08,0.000446,0.000154,0.0000388,0.000149,0.0000911,0.000226,0.000177,0.000224,0.000318,0.000161,0.000118,0.000143,-645.9,16029.1,932.2,-3591.6,12723.8,167.3,14891.0,9312.5,2975.8,2469.3,557.5,3411.4,9580.7,55.95,-272.9,414.3,-1009.6,-812.2,-716.9,1066.8,-1710.8,-324.6,-324.6,-1640.2,898.6,229.3,0.00000155,-0.00000606,0.0000246,0.0000720,-0.000000526,-0.0000451,0.0000180,-0.0000183,-0.0000151,-0.0000308,-0.0000995,0.0000195,0.00000892,0.00000323,0.0000773,-0.0000480,0.00000711,0.00000159,-0.0000320,0.0000333,0.000000541,0.0000162,-0.0000369,-0.0000440,0.00000475,0.000000371,-1853.8,-1928.0,-7467.3,-4310.9,-15559.9,-2681.8,-5471.6,-6985.0,-2164.3,-1771.4,-3482.3,-8574.9,-10713.8,0.00226,0.00215,0.00196,0.00204,0.00183,0.00115,0.00173,0.00151,0.00233,0.00154,0.00242,0.00221,0.00184,86563.7,80602.1,46354.0,15000.0,228519.9,15412.8,127976.4,100672.6,43461.3,14767.8,35068.4,127847.3,169645.8,0.0546,0.0614,0.0508,0.0380,0.0470,0.0289,0.0466,0.0478,0.0576,0.0544,0.0519,0.0461,0.0473,1968182.6,2465973.2,1510204.0,444921.2,6390276.4,438396.9,3786091.8,3464726.4,1252722.5,609795.7,808362.5,2925550.0,4699156.9,19081846.7,34241250.6,45109085.3,35955646.4,134664099.5,25912335.6,48547351.4,79907477.1,35595349.1,19414201.1,40143566.8,54756622.4,73156414.9,11586094.8,23856157.7,12891698.1,3790698.7,47477589.7,7367606.7,29014979.2,23979978.9,1797047.9,-8900110.2,3218194.1,23497610.8,38312935.1,18670139.9,67185917.9,16350435.1,2581334.1,99626012.3,10159099.8,62873658.2,41941503.0,13817963.0,4112196.3,13194984.6,57684509.3,75648949.5,-9402642.1,-11311633.4,-6372115.2,-1905431.4,-28991822.1,-2268987.4,-34017908.0,-15573815.1,-5059074.8,-2495466.9,-7288592.1,-13418006.9,-21663759.9
8.year_inc#c.ivparm1,-19072.0,-51250.1,-60331.0,-43580.0,-174233.0,-15263.0,-92790.1,-86606.5,-26583.7,-10267.0,-26540.6,-87626.5,-132386.3,-10041.8,-31083.7,-40900.0,-28348.8,-110374.3,-10658.1,-62854.9,-52981.9,-11888.6,-4579.3,-12840.7,-57392.3,-87827.5,-0.0000164,0.000266,0.000599,0.00137,0.000271,0.000139,0.000207,0.000217,0.000393,0.000483,0.000552,0.000333,0.000264,-749.9,9407.7,13593.8,8008.6,30260.1,1003.6,14249.9,12488.9,6985.9,4620.3,6853.1,17771.3,22270.6,-0.00000561,0.000672,0.000507,-0.000278,0.000230,0.000214,0.000248,0.000319,0.000576,0.000326,0.000309,0.000128,0.000157,-1111.3,22193.1,6166.9,-11961.3,15287.4,649.9,13371.5,15672.3,9174.2,2638.9,987.4,-384.9,5463.3,-498.8,262.3,1093.0,107.2,963.7,-1009.7,613.5,1201.0,487.4,666.7,-1372.6,-237.3,1486.0,-0.0000127,0.00000864,0.0000599,0.000323,0.0000194,-0.0000585,0.0000172,0.0000307,0.0000286,0.0000681,-0.0000707,0.00000613,0.0000295,0.00000194,0.000165,-0.0000321,0.000308,0.0000318,-0.0000285,0.0000263,0.0000188,0.0000807,-0.0000338,-0.00000312,0.0000503,0.0000213,-2603.5,-5046.5,-16898.4,-6081.2,-30629.6,-5438.0,-15845.1,-14539.4,-3255.2,-2291.0,-5760.7,-16090.2,-21936.4,0.00271,0.00435,0.00348,0.00303,0.00293,0.00189,0.00287,0.00263,0.00311,0.00231,0.00332,0.00328,0.00306,102810.2,159335.2,81721.1,20725.5,364592.1,25224.6,212238.9,175935.1,61396.7,23718.9,48549.2,188657.0,277970.7,0.0697,0.0910,0.0767,0.0529,0.0656,0.0397,0.0654,0.0677,0.0779,0.0777,0.0722,0.0633,0.0666,2507215.2,3535025.7,2363843.7,685214.5,9120044.8,619686.1,5429506.3,5009549.1,1825294.1,928433.4,1161699.4,4110495.7,6675064.6,28616235.3,52816816.2,81689876.2,45234018.2,207187048.5,28051263.7,101528679.5,118923045.9,47904414.5,23868047.0,44689287.4,88264002.6,131231370.3,18825595.8,41790926.0,28596353.1,-10052774.7,80444306.6,6811439.2,22786457.3,24423361.2,25322211.5,7358816.2,15605527.5,56020945.5,48310656.0,25451371.1,80977135.8,19389331.8,-7075669.9,122807031.2,3797600.7,65874875.8,60399046.7,29672467.0,21981688.8,22939105.4,62407984.5,89336963.6,-12225273.2,-16880284.3,-10441943.6,-3020602.7,-42568103.8,-3313262.2,-49966498.6,-23274390.1,-7764437.9,-3794267.6,-10774162.3,-19293713.7,-31490403.7
10.year_inc#c.ivparm1,-22970.3,-75609.9,-94933.8,-67191.4,-260705.4,-22602.8,-145198.6,-128001.8,-39387.7,-12607.8,-35271.8,-132703.6,-198714.9,-15642.3,-49932.0,-69553.2,-57174.7,-192302.2,-16478.4,-102907.5,-94774.3,-29033.7,-10913.9,-28756.7,-97528.0,-146790.1,-0.0000123,0.000212,0.000940,0.00106,0.000267,0.0000770,0.000237,0.000272,0.000504,0.000858,0.000486,0.000260,0.000242,-654.4,6551.7,21727.2,-2368.4,25256.1,-499.8,15172.0,14202.3,8347.1,8431.0,3927.5,11053.8,17408.9,-0.0000113,0.000618,0.000911,0.000460,0.000321,0.000560,0.000460,0.000329,0.000188,-0.000100,0.0000113,0.000314,0.000309,-1853.0,17074.6,12333.4,-11665.1,15890.0,4483.0,26150.1,10704.7,-2104.5,-3179.1,-8414.4,5185.3,13511.4,59.83,-186.2,1274.5,-4943.4,-3795.2,-1021.9,-1107.4,-2621.9,111.6,427.0,-2131.2,-1173.3,-2885.0,0.00000178,-0.00000119,0.0000778,0.000177,-0.00000552,-0.0000508,0.00000334,-0.0000108,0.0000155,0.0000472,-0.0000975,-0.000000412,-0.00000298,0.00000753,0.0000850,-0.000186,0.000295,-0.0000519,-0.000123,-0.0000467,-0.0000924,-0.0000209,-0.000145,-0.000111,-0.000000702,-0.0000585,-3920.9,-15466.4,-33431.8,-16233.9,-69052.9,-9747.0,-33766.7,-35740.7,-12639.8,-6301.0,-14770.3,-33312.3,-46666.2,0.00325,0.00607,0.00603,0.00419,0.00412,0.00278,0.00416,0.00378,0.00414,0.00315,0.00442,0.00452,0.00432,123196.5,215798.3,147724.8,24074.1,510793.7,37749.0,309538.8,252274.0,84328.3,33195.5,63851.0,258519.6,388716.4,0.0784,0.119,0.0986,0.0742,0.0817,0.0491,0.0815,0.0842,0.0960,0.0963,0.0889,0.0788,0.0830,2845267.6,4492666.1,3127019.9,1050588.8,11545497.5,785690.2,6896954.0,6342717.7,2384245.3,1217184.7,1475335.6,5202779.9,8375562.0,28296984.0,47691069.9,119791942.9,62891882.0,257321874.9,37330904.9,123886702.3,174140817.9,50225207.4,34113481.5,41063847.3,83181057.0,169765762.5,27677654.4,86634647.4,44780831.3,-30401116.3,132755160.2,-449074.7,50346464.1,80321939.3,35980478.1,24691382.9,12534170.7,52433220.9,97223756.8,11037142.1,100463466.4,35217445.2,-23907456.3,123154468.5,10353409.4,75469961.9,45201330.3,22379777.6,21090434.8,12349941.3,77953138.2,90421281.5,-13929825.4,-22063765.2,-14528673.6,-4591692.7,-55113956.9,-4309825.8,-65156375.6,-30584951.7,-10328986.4,-5245255.8,-13956806.4,-24529005.1,-40475144.7
12.year_inc#c.ivparm1,-23790.9,-97843.6,-136991.7,-112809.0,-371435.2,-30135.4,-211505.9,-187065.1,-56991.8,-19014.4,-47858.2,-184370.1,-284308.1,-13647.0,-75438.1,-98041.9,-91647.7,-278774.7,-23820.2,-155318.5,-136169.6,-41837.6,-13254.6,-37481.3,-142605.1,-213116.8,0.00000107,0.000366,0.00105,0.00165,0.000354,0.000170,0.000300,0.000335,0.000631,0.000682,0.000661,0.000374,0.000315,-109.8,11427.1,23401.5,-2585.9,32132.8,58.68,18069.8,16419.3,10641.0,6695.2,5976.1,15713.5,21433.2,0.00000907,0.00100,0.00128,0.000928,0.000513,0.000388,0.000492,0.000602,0.000460,0.000796,0.000766,0.000414,0.000534,-899.4,27870.2,17713.5,-15110.7,29573.7,270.3,23072.7,24944.2,1367.0,6695.3,1260.8,4629.5,27936.3,0.0699,2526.1,4169.5,-5141.5,1554.1,103.0,-1215.1,228.9,-82.38,-78.55,-764.0,1325.1,1533.4,0.000000243,0.0000719,0.000185,0.000436,0.0000446,0.0000334,0.0000130,0.0000396,0.0000113,0.00000349,-0.00000561,0.0000488,0.0000544,-0.00000237,0.0000640,-0.0000363,0.000255,-0.0000694,-0.0000210,-0.0000656,-0.0000785,-0.0000700,-0.000143,-0.0000182,-0.0000522,-0.0000954,-3786.8,-26543.7,-41432.6,-29461.3,-101224.3,-11903.7,-51588.9,-48354.9,-19454.6,-7479.5,-17425.6,-52869.4,-69866.0,0.00303,0.00834,0.00796,0.00541,0.00512,0.00331,0.00524,0.00473,0.00516,0.00391,0.00590,0.00557,0.00539,115239.9,291267.0,199244.1,27852.5,633603.5,44866.3,388306.6,316572.7,109925.9,43569.9,88290.7,317030.9,478811.3,0.0763,0.149,0.118,0.0942,0.0950,0.0554,0.0943,0.0980,0.110,0.111,0.105,0.0915,0.0969,2781945.5,5533901.1,3842389.2,1438816.2,13627285.0,906165.8,8091117.6,7501264.6,2904529.5,1481154.9,1801478.5,6126020.4,9816589.7,31482004.2,64243689.3,135375009.2,70493578.5,301002383.0,32020837.2,141160939.6,195436681.8,101901013.7,65232487.1,69196566.3,105565701.2,167080532.1,27160098.7,60310817.8,40930245.9,-16196158.8,113177998.6,-8554935.0,33941397.9,81429411.9,41312240.9,37256894.9,31769631.3,31748586.7,80420692.6,3359136.7,68643104.1,48456016.9,-11338708.5,109360084.0,8907141.3,115821530.5,23038061.0,-5763395.3,-9223262.9,-10350894.0,86322023.0,106216338.0,-13527207.6,-27876566.9,-18502568.3,-6454475.4,-66360818.3,-5116115.0,-78451800.1,-37020756.6,-12831614.4,-6572982.6,-16907558.1,-29340061.7,-48413088.9
14.year_inc#c.ivparm1,-18802.0,-130516.3,-187604.1,-160545.7,-497468.1,-42070.5,-282496.0,-249506.2,-82500.9,-25139.7,-63062.6,-247961.9,-372896.6,-13593.9,-96953.5,-137307.5,-141649.6,-389504.5,-31351.4,-221628.7,-195232.9,-59441.5,-19661.0,-50057.3,-194271.6,-298711.6,0.00000115,0.000450,0.00132,0.00213,0.000423,0.000127,0.000298,0.000459,0.000753,0.000872,0.000739,0.000382,0.000381,-109.9,13442.2,28005.2,-6764.1,34573.4,-1472.4,14703.4,21766.9,12676.8,8789.0,5869.5,12806.5,23368.9,-0.0000129,0.000814,0.00172,0.000566,0.000447,0.000732,0.000518,0.000413,0.000243,0.0000589,0.000347,0.000490,0.000434,-1771.5,16991.8,23774.1,-35266.4,3728.1,3956.7,17454.6,2367.0,-7190.2,-3196.6,-9030.0,1361.1,6961.5,495.9,2978.0,6235.5,-9360.9,348.4,-276.7,-4516.1,1120.4,2258.4,1940.8,-344.5,-771.9,-1633.3,0.0000127,0.0000888,0.000270,0.000541,0.0000518,0.0000184,-0.0000102,0.0000707,0.000118,0.000176,0.0000324,0.0000288,0.0000427,0.0000298,0.000103,-0.000172,0.000275,-0.000129,-0.0000618,-0.000126,-0.000107,0.0000273,-0.0000829,-0.0000205,-0.000147,-0.000209,-2550.2,-34086.4,-63374.4,-48074.6,-148085.6,-16403.1,-77369.7,-70151.8,-25005.8,-9728.7,-23494.6,-77933.7,-106676.7,0.00261,0.0109,0.00970,0.00797,0.00615,0.00412,0.00611,0.00589,0.00614,0.00527,0.00717,0.00647,0.00648,101390.3,370157.8,239522.5,46885.6,757956.3,56716.1,447135.1,392986.3,135861.6,61158.6,109952.5,364970.0,565378.5,0.0749,0.172,0.137,0.114,0.106,0.0590,0.105,0.110,0.124,0.126,0.117,0.102,0.108,2862339.2,6172249.4,4487504.8,1876046.7,15431517.2,990467.7,9106475.0,8494644.5,3443152.2,1764060.4,2082700.4,6936872.7,10997897.4,30168187.8,104041131.6,154082852.9,132519459.0,419921196.3,51277371.1,216403603.1,288512577.5,114722737.4,84526896.9,104824037.6,131408618.7,253921087.8,24115620.7,138380271.5,48488835.7,-20407938.0,190904449.4,6020698.9,95770475.6,77855605.2,60544564.0,41404101.9,30005046.6,113048844.2,124339186.4,36838412.1,91287526.0,30162825.2,-9529198.6,148641449.9,4745891.1,123559272.1,84100091.5,13037725.1,390263.9,-5291151.6,64541358.4,130857833.7,-13615497.7,-31836311.8,-22125473.0,-8743929.9,-76321212.4,-5857332.6,-90030489.0,-42817316.0,-15229754.6,-7839786.7,-19751178.1,-33503896.4,-55234125.2
16.year_inc#c.ivparm1,-16191.0,-155773.1,-265331.9,-220128.8,-657424.8,-53050.0,-375407.8,-331957.2,-110508.0,-37330.5,-83017.6,-325467.6,-493866.9,-9329.4,-114941.2,-191891.0,-199375.6,-515537.2,-43290.6,-292653.5,-257673.8,-84950.4,-25786.1,-65228.7,-257863.3,-387296.1,0.00000261,0.000566,0.00163,0.00223,0.000446,0.000211,0.000308,0.000498,0.000688,0.000874,0.00107,0.000385,0.000412,-0.0583,16609.1,32198.6,-19574.9,29232.7,-1581.8,11705.4,20521.2,9479.1,8621.7,10042.8,8711.6,21335.5,-0.000000370,0.00134,0.00155,0.000727,0.000471,-0.0000496,0.000588,0.000348,0.000449,0.000286,-0.000227,0.000618,0.000543,-879.6,32362.6,6047.4,-50141.1,-12610.7,-11262.5,14546.7,-12077.4,-7552.4,-1523.9,-23320.8,-533.2,6204.1,-67.83,1683.9,4243.4,-2737.0,3122.5,-230.0,2258.1,3587.0,-529.9,767.6,-331.5,-464.5,3882.5,-0.00000150,0.0000558,0.000235,0.00134,0.0000900,0.0000348,0.0000900,0.000124,0.0000103,0.0000812,0.0000445,0.0000487,0.000119,-0.0000122,0.000246,-0.0000325,-0.000156,-0.000189,-0.000172,-0.000164,-0.000154,-0.000103,0.0000957,-0.000290,-0.000221,-0.000251,-3093.2,-36657.1,-84217.1,-77536.8,-201504.2,-24260.3,-103439.7,-94998.7,-39617.7,-10462.4,-35576.3,-106505.5,-137626.2,0.00269,0.0125,0.0125,0.0102,0.00720,0.00485,0.00720,0.00692,0.00686,0.00610,0.00780,0.00753,0.00766,108515.6,412031.6,302444.0,61354.1,884345.3,67064.8,525476.9,462113.0,155981.8,73601.3,121567.3,422232.3,661298.7,0.0745,0.191,0.157,0.133,0.116,0.0630,0.115,0.120,0.137,0.138,0.129,0.112,0.119,3020447.0,6635398.7,5095878.0,2332906.6,17173245.5,1088336.1,10090902.6,9437294.8,3972963.9,2030701.8,2379552.7,7735950.6,12111945.5,19791774.1,119304000.0,254486926.7,189043071.5,582748513.4,52396810.7,328686834.8,364627969.2,147895158.8,95613166.9,104494719.2,218120544.1,382456543.8,46201785.9,100054613.9,49433212.9,-47032857.0,149865342.8,11313628.5,65960506.3,67027897.0,26455374.7,23716919.8,27709790.8,82837445.8,112096339.7,48714769.3,112554213.9,24387577.8,-12285300.4,174743955.6,5074289.8,113511678.3,102297261.8,60217973.8,39907094.0,26845869.5,72446693.8,109451692.0,-13719247.5,-34245196.4,-25822245.2,-10905204.0,-84691893.2,-6464449.7,-99468620.0,-48059527.9,-17386536.8,-9059316.0,-22173655.2,-36632365.2,-60840906.8
18.year_inc#c.ivparm1,-21129.6,-166733.3,-294538.9,-287788.9,-770190.8,-61693.4,-458189.8,-398826.2,-127375.2,-45872.3,-97786.8,-371364.5,-581122.2,-12063.2,-133798.5,-255274.7,-274357.4,-675493.9,-54268.8,-385539.6,-340124.9,-112957.5,-37976.9,-85221.4,-335369.0,-508267.6,-0.00000119,0.000660,0.00172,0.00332,0.000491,0.000224,0.000423,0.000347,0.000698,0.000299,0.000920,0.000654,0.000463,-189.7,18943.9,27373.4,-21886.7,24240.9,-2547.3,15896.2,2662.8,7750.6,225.1,5294.7,21578.1,19037.7,-0.00000431,0.00140,0.00246,-0.000495,0.000411,0.000122,0.000390,0.000607,0.000978,0.00137,0.000573,0.000190,0.000284,-1307.9,31375.6,17904.3,-93992.2,-46020.3,-11044.5,-13445.9,-4545.7,437.5,10381.7,-15085.6,-41474.6,-35413.3,0.00200,1562.8,6767.0,1373.6,9703.5,847.1,8293.7,1738.3,-2289.0,-446.7,-1847.4,7965.2,11145.4,0.000000184,0.0000548,0.000361,0.00209,0.000160,0.000116,0.000185,0.000129,-0.0000476,-0.00000267,-0.0000235,0.000192,0.000221,-0.0000272,-0.0000213,0.0000910,0.0000555,-0.000299,-0.000110,-0.000303,-0.000311,-0.0000352,-0.0000758,-0.0000881,-0.000277,-0.000459,-4521.4,-54455.3,-109270.3,-106132.1,-274379.3,-28855.9,-144587.5,-135373.9,-50686.7,-18412.5,-42139.8,-139005.3,-194836.7,0.00280,0.0138,0.0148,0.0123,0.00798,0.00492,0.00802,0.00786,0.00733,0.00692,0.00831,0.00814,0.00867,116541.9,450139.0,339146.8,65921.0,971748.6,68076.2,576672.0,522727.5,172329.2,86163.4,131877.1,449021.1,731343.2,0.0773,0.201,0.178,0.151,0.124,0.0648,0.123,0.128,0.143,0.144,0.135,0.119,0.128,3324660.9,6897630.8,5600106.0,2760407.2,18657267.4,1166373.5,10954423.8,10280465.3,4406608.8,2244539.6,2604601.4,8376802.1,13084285.1,50863001.8,80953607.6,224889527.5,256950563.0,612470652.3,41587835.9,380760996.4,401797169.4,137135128.1,105586355.8,98348412.7,210673482.9,433747688.2,64758972.4,107147939.1,88416606.1,-49803001.9,208502619.2,7292992.5,100781920.7,130225697.5,75049955.3,51222721.5,34852344.3,78276921.7,126159671.4,40114461.8,138946166.3,54254421.6,-8027229.7,223445385.7,16917116.9,124852924.3,81468899.7,75922144.4,9313648.2,38317078.2,141976486.0,130606124.4,-14758792.9,-35877114.5,-29143389.4,-12735437.8,-92514734.6,-7104446.8,-108879811.7,-53149368.3,-19643125.4,-10402964.9,-24348494.9,-39365366.4,-65767162.5
20.year_inc#c.ivparm1,-18603.4,-162772.9,-358062.8,-388469.9,-927908.9,-72095.9,-550744.0,-486961.7,-155522.6,-60608.1,-115158.6,-440947.2,-700290.4,-14387.1,-123992.1,-296376.1,-353504.5,-788259.8,-62910.8,-468357.8,-406993.9,-129824.7,-46518.7,-99956.9,-381265.9,-595524.4,0.000000849,0.000842,0.00192,0.00261,0.000346,0.000144,0.000272,0.000259,0.00118,0.000840,0.000924,0.000444,0.000130,-128.3,25746.8,26760.7,-58489.5,-6110.3,-4834.7,-2491.1,-9843.3,19950.9,6994.4,3872.1,3733.0,-21226.5,0.0000225,0.00111,0.00212,0.000910,0.000329,-0.0000397,0.000332,0.000498,0.0000832,0.000636,0.000332,0.000136,0.000414,-381.1,22314.0,-3875.2,-94181.8,-76124.1,-15938.5,-28631.5,-23344.3,-27028.5,-968.2,-24031.0,-52779.8,-33157.2,0.00681,750.3,1581.2,-4012.5,-1681.0,-2552.3,-6808.2,-4156.1,-648.6,298.6,-2132.8,2475.0,1519.8,0.000000210,0.0000302,0.000226,0.00238,0.000103,-0.0000719,0.0000379,0.0000798,0.0000255,0.0000646,-0.0000251,0.000127,0.000155,-0.0000361,0.0000355,0.000149,-0.0000382,-0.000351,-0.000230,-0.000362,-0.000292,-0.000341,-0.000154,-0.000318,-0.000412,-0.000460,-5616.1,-49059.1,-128095.9,-141794.1,-324565.2,-35454.6,-176940.4,-158133.2,-67228.3,-23663.0,-53992.9,-166431.9,-221882.2,0.00273,0.0147,0.0173,0.0144,0.00868,0.00512,0.00841,0.00850,0.00877,0.00829,0.00931,0.00890,0.00929,117080.1,488528.7,387451.9,68477.0,1061537.7,71991.8,593932.3,564745.0,218462.8,108258.1,153299.9,496792.7,771083.1,0.0768,0.206,0.196,0.167,0.130,0.0674,0.130,0.135,0.148,0.148,0.140,0.124,0.135,3502060.5,7132428.9,5983321.1,3161968.5,19870191.4,1261585.2,11597520.3,10975887.5,4831281.6,2434572.2,2820031.3,8894303.9,13777324.6,40176251.5,138126460.7,334982720.8,238141926.4,750827145.5,57802670.5,392112952.5,480984918.0,201584490.9,113535958.5,141809516.3,269842227.5,491439984.1,33690118.5,164176286.9,82660927.1,-64311092.4,218848989.1,17272470.7,67166190.1,128681391.5,112928144.9,60789240.9,65054703.4,90167597.7,88648373.6,37647950.8,81230289.7,6021293.5,-35205756.8,90005611.0,12097986.7,89611360.2,19178288.7,25972398.3,1767386.6,-12966772.2,70827322.3,51935226.0,-15618797.5,-37064948.9,-31613078.1,-14659327.6,-98956152.1,-7518337.0,-116471112.0,-57567656.7,-21411153.9,-11427381.0,-26138538.6,-41388495.5,-70026661.2
22.year_inc#c.ivparm1,-21313.7,-158122.4,-432957.2,-470001.8,-1082395.1,-79181.8,-631396.7,-572360.1,-194755.7,-80382.6,-139336.6,-510035.0,-808457.6,-13954.4,-121184.6,-343710.1,-467128.8,-945977.9,-73315.9,-560895.5,-495129.3,-157972.2,-61254.6,-117323.1,-450848.6,-714689.9,-0.00000848,0.000864,0.00194,0.00357,0.000286,-0.000125,0.000107,0.000212,0.00122,0.00116,0.000934,0.000368,0.0000584,-542.1,26654.2,21712.9,-75535.1,-27710.1,-10825.6,-22713.6,-21006.9,19293.8,10481.8,2124.1,-6703.2,-36178.3,0.0000192,0.00112,0.00233,0.000543,0.000191,0.000329,0.000182,0.000228,0.000110,-0.000127,0.000154,0.000149,0.000129,-468.6,24076.4,-8203.9,-136342.6,-120938.7,-11756.5,-52746.4,-57678.8,-32199.5,-14987.7,-32148.3,-63259.9,-76982.7,-0.00655,1375.1,3674.1,-23471.6,-18422.4,-3483.4,-22072.9,-12010.0,-2364.5,65.04,-2747.4,-6412.3,-12574.5,0.000000158,0.0000471,0.000323,0.00221,0.0000178,-0.000109,-0.000105,0.0000153,-0.0000226,0.0000578,-0.0000375,0.0000197,0.0000549,0.0000300,0.0000590,-0.0000301,-0.000109,-0.000459,-0.000304,-0.000465,-0.000312,-0.000539,-0.000286,-0.000348,-0.000624,-0.000581,-2610.7,-47624.2,-157312.1,-192045.6,-399592.7,-42303.9,-216464.4,-191350.7,-86750.7,-32724.3,-63811.0,-208242.0,-270538.1,0.00249,0.0145,0.0211,0.0164,0.00929,0.00557,0.00901,0.00910,0.00987,0.00937,0.0103,0.00951,0.00980,110664.0,483305.3,479589.7,51020.4,1124579.3,79464.7,624835.1,596852.9,256413.0,126333.1,174634.9,527726.5,788701.7,0.0732,0.207,0.219,0.181,0.136,0.0703,0.136,0.141,0.152,0.152,0.144,0.130,0.141,3551614.8,7227120.1,6588407.4,3492607.9,20994495.2,1350693.0,12217176.3,11562352.9,5223631.2,2623154.8,3036216.4,9432142.3,14420171.0,35370078.3,120765965.0,341295168.9,206620110.3,716735208.8,45753425.7,381875033.4,433600628.9,242812938.2,142732009.7,146647354.4,283134579.9,428168844.9,39217546.3,124943731.0,96364168.0,-106170107.1,155999714.2,8797392.3,77485976.0,108575829.8,71017953.0,24194588.8,17758812.4,47423884.4,76184368.9,40424406.9,109799975.9,18595541.3,-52390849.5,115602868.1,12797567.3,95258231.4,17908493.0,30050254.6,13133118.4,11799818.3,97694375.1,72755046.2,-15681234.4,-37319616.7,-35204689.7,-15982792.8,-104188333.6,-8082254.0,-122125773.9,-61077888.5,-23314820.7,-12403468.7,-27722919.2,-43110445.1,-72791258.8
24.year_inc#c.ivparm1,-21567.2,-152663.4,-492516.7,-564246.8,-1230994.0,-88341.5,-706446.4,-663681.0,-228528.6,-95291.3,-160411.3,-567313.0,-914123.9,-12465.7,-120683.6,-407712.4,-559602.4,-1100464.0,-80404.6,-641514.1,-580527.7,-197205.2,-81029.1,-141498.7,-519936.4,-822854.2,-0.0000163,0.00113,0.00229,0.00315,0.000179,-0.000141,-0.0000169,0.000253,0.00107,0.00141,0.000603,0.0000939,-0.0000664,-892.2,37068.3,23551.1,-116757.2,-57029.9,-12052.7,-39537.6,-25502.0,11858.1,12719.3,-7288.3,-31527.9,-56835.4,-0.0000124,0.000794,0.00260,0.00136,0.000142,0.000205,0.000246,0.0000836,-0.000262,-0.000517,-0.000221,0.000208,0.000177,-1778.6,12918.6,-17841.8,-146872.2,-153573.9,-15586.2,-56704.0,-83148.8,-52433.2,-25552.0,-47057.5,-70425.1,-85554.5,-0.00710,2422.1,11441.8,-44463.6,-30599.7,-4051.4,-19334.6,-21055.6,-3205.8,-1342.8,-6985.7,-9544.1,-23342.5,0.000000156,0.0000738,0.000642,0.00190,-0.0000328,-0.000119,-0.0000398,-0.0000590,-0.0000318,-0.0000190,-0.000223,-0.00000358,-0.0000133,0.0000313,0.000179,-0.000295,0.0000141,-0.000562,-0.000395,-0.000431,-0.000321,-0.00104,-0.000845,-0.000638,-0.000837,-0.000592,-2127.8,-43059.6,-197394.2,-231443.6,-474025.2,-47938.0,-240674.1,-223229.5,-121054.4,-50928.6,-82384.6,-250795.6,-305032.8,0.00266,0.0148,0.0244,0.0180,0.0100,0.00599,0.00949,0.00986,0.0110,0.0103,0.0119,0.0102,0.0105,122181.8,508644.9,535581.5,38948.2,1205356.3,86865.6,648396.2,641994.7,293846.8,142699.2,208233.9,563361.6,824644.0,0.0756,0.205,0.235,0.196,0.141,0.0717,0.141,0.146,0.157,0.155,0.151,0.136,0.147,3839764.1,7380609.1,6852857.2,3820489.6,21980788.2,1408108.6,12710924.9,12043067.2,5659705.1,2793620.3,3292287.7,9937721.1,14912974.5,45293545.1,143890347.3,317415126.8,215469415.9,723587763.5,44485588.5,400314126.6,472216981.2,226227853.3,142859361.6,165049407.6,251370782.4,452874321.7,90508968.9,177455189.4,37006725.9,-121851967.4,188538140.5,464126.0,8500168.9,38297372.8,139908273.1,31147194.1,114764897.6,150240767.7,48165741.4,28192019.0,149994206.4,-45537745.9,-107733430.9,23360649.3,-513367.8,32175691.6,-7918626.5,-3863442.0,-5356682.2,11726538.7,31279275.9,27737459.1,-16242852.7,-38310744.0,-36778792.4,-17215291.5,-108547680.6,-8556048.5,-127071828.2,-63813723.0,-24615917.6,-13149762.5,-28710878.5,-44733957.6,-75375714.5
26.year_inc#c.ivparm1,-17199.9,-157924.5,-508234.8,-670167.0,-1353526.2,-96541.8,-791164.3,-733547.7,-259164.9,-115378.5,-168986.7,-619978.5,-997819.4,-13869.1,-112525.4,-438135.4,-684533.0,-1249062.9,-89555.9,-716733.7,-671848.5,-230978.2,-95937.8,-162582.2,-577214.4,-928528.8,-0.0000108,0.000870,0.00291,0.00407,0.000112,-0.000268,0.0000369,0.000216,0.000538,0.00115,0.0000376,-0.00000367,0.00000105,-668.0,29128.7,36252.9,-143845.1,-79131.5,-15462.6,-39980.0,-36471.9,-6892.8,7758.2,-21505.8,-42659.6,-56776.2,-0.0000183,0.00170,0.00190,0.000661,-0.0000138,0.000101,-0.0000445,0.0000955,0.000236,0.000702,-0.0000384,-0.000138,-0.000197,-2220.5,49200.5,-48002.3,-200805.1,-201827.5,-19653.9,-91785.9,-96820.5,-44877.8,-10021.9,-49661.1,-105006.9,-137295.8,-0.00129,1152.5,3962.1,-56135.9,-51021.3,-6060.9,-33688.3,-38336.4,-3139.7,406.2,-2136.7,-12684.8,-41820.6,0.000000196,0.0000377,0.000399,0.00236,-0.000140,-0.000213,-0.000175,-0.000235,-0.0000153,0.000104,0.0000323,-0.0000305,-0.000159,0.0000247,0.000215,-0.000592,0.000351,-0.000645,-0.000393,-0.000492,-0.000364,-0.00117,-0.00104,-0.000805,-0.000966,-0.000700,-2901.2,-38397.0,-223201.7,-280602.7,-545102.5,-53010.6,-272216.4,-261039.8,-142976.4,-62247.5,-97262.6,-284062.7,-349115.5,0.00283,0.0146,0.0262,0.0225,0.0106,0.00621,0.0103,0.0106,0.0118,0.0114,0.0120,0.0106,0.0111,132585.9,521966.1,558063.6,63225.1,1275840.6,90319.1,704271.0,687626.0,327959.6,163740.7,212631.1,588214.6,857562.0,0.0764,0.203,0.249,0.212,0.146,0.0733,0.146,0.152,0.160,0.159,0.153,0.139,0.152,4009647.8,7596420.4,7062446.8,4123595.6,22876710.5,1465429.5,13207300.4,12575511.6,6023056.8,2998444.8,3447991.2,10301198.9,15388224.2,56217636.5,137373809.3,385887374.7,114538546.6,694025292.2,70893214.6,383358821.3,409245158.8,253830576.3,176666975.7,162269089.5,284780133.4,369301501.3,64558096.2,128124030.1,86914477.4,-144038358.1,135769611.3,3515437.0,15276847.6,72834258.2,100540803.9,53651990.8,64660892.7,62935353.1,31713370.4,25756533.5,169943354.8,15233578.3,-194266900.0,15152891.7,5135891.0,-30112163.2,-52355082.2,39903012.8,5426439.8,34587787.1,67507973.9,-29886012.1,-17133132.5,-38919040.6,-37983054.9,-18729439.5,-112764667.4,-8899550.7,-132050043.2,-66681323.7,-26162948.2,-13953057.1,-30118055.6,-46083343.7,-77702168.5
_cons,40780580.0,36920377.5,21228240.2,7023234.1,121473894.3,13046081.1,71749432.3,64915739.3,15935049.6,8320587.6,13625459.4,56558154.9,92492763.6,41335359.0,38106168.6,23001303.7,9187986.5,127202603.5,13705272.3,74435827.3,67742455.3,16426603.1,8552161.0,14564892.4,59460148.2,97070728.1,0.0104,0.0250,0.0871,0.324,0.0515,0.0965,0.0275,0.0550,0.0741,0.0847,0.145,0.0474,0.0413,431240.7,951389.6,2003188.7,2973280.5,6547911.6,1322172.8,2045271.0,3727284.7,1217277.9,724717.0,2105943.2,2820626.9,4008460.9,0.0823,0.115,0.212,0.313,0.134,0.227,0.0918,0.129,0.217,0.216,0.286,0.139,0.106,3400168.2,4376387.8,4887835.2,2877420.7,16993914.5,3106655.8,6835522.3,8734357.9,3560676.5,1843560.5,4168600.8,8259556.5,10326582.2,28002.9,85408.9,326718.3,1241269.7,1684247.9,166204.4,672983.3,1151664.0,109430.6,72237.1,345800.4,532583.8,1408612.9,0.000677,0.00224,0.0142,0.135,0.0132,0.0121,0.00904,0.0170,0.00666,0.00844,0.0237,0.00896,0.0145,0.256,0.338,0.359,0.303,0.291,0.439,0.260,0.275,0.390,0.403,0.413,0.310,0.254,10566476.4,12892887.3,8246783.0,2779569.2,37050465.2,6021817.9,19384243.8,18629996.4,6407098.5,3447013.4,6015645.7,18420468.8,24621548.7,0.154,0.291,0.419,0.516,0.259,0.241,0.248,0.230,0.172,0.175,0.242,0.293,0.276,6355373.5,11106959.1,9639815.6,4743221.3,32965560.0,3300017.3,18455715.9,15557294.0,2831303.5,1499776.6,3523463.2,17408266.0,26834239.3,0.498,0.631,0.725,0.770,0.588,0.790,0.562,0.581,0.534,0.537,0.642,0.597,0.569,20565219.3,24061982.0,16679670.4,7073930.8,74858434.6,10829965.9,41835493.5,39353815.1,8764379.8,4592345.6,9352619.8,35504619.5,55264088.9,1.35186e+09,1.95624e+09,3.87648e+09,6.96493e+09,1.48070e+10,2.85696e+09,5.23318e+09,1.10165e+10,2.91372e+09,2.20412e+09,4.44015e+09,3.79042e+09,9.03629e+09,1.78646e+09,2.53854e+09,3.18359e+09,1.74268e+09,9.80827e+09,1.23587e+09,4.25386e+09,4.29160e+09,1.81440e+09,799934709.2,2.11309e+09,5.51667e+09,6.75800e+09,2.10001e+09,2.87423e+09,2.96010e+09,1.31361e+09,9.89652e+09,1.14444e+09,4.82312e+09,5.43092e+09,1.71171e+09,879878730.9,1.83755e+09,4.46561e+09,7.04037e+09,2.76942e+09,1.35498e+09,284940937.6,-39756825.3,5.63696e+09,758232507.0,6.89129e+09,3.64136e+09,898874122.8,633839198.7,1.21953e+09,1.99559e+09,3.97985e+09
