Unnamed: 0,n_endpop_5564,n_endpop_6574,n_endpop_7584,n_endpop_85p,n_endpop_all,n_endpop_blk,n_endpop_college,n_endpop_f,n_endpop_his,n_endpop_his_f,n_endpop_hsless,n_endpop_m,n_endpop_wht,n_startpop_5564,n_startpop_6574,n_startpop_7584,n_startpop_85p,n_startpop_all,n_startpop_blk,n_startpop_college,n_startpop_f,n_startpop_his,n_startpop_his_f,n_startpop_hsless,n_startpop_m,n_startpop_wht,p_cogstate1_5564,p_cogstate1_6574,p_cogstate1_7584,p_cogstate1_85p,p_cogstate1_all,p_cogstate1_blk,p_cogstate1_college,p_cogstate1_f,p_cogstate1_his,p_cogstate1_his_f,p_cogstate1_hsless,p_cogstate1_m,p_cogstate1_wht,n_cogstate1_5564,n_cogstate1_6574,n_cogstate1_7584,n_cogstate1_85p,n_cogstate1_all,n_cogstate1_blk,n_cogstate1_college,n_cogstate1_f,n_cogstate1_his,n_cogstate1_his_f,n_cogstate1_hsless,n_cogstate1_m,n_cogstate1_wht,p_cogstate2_5564,p_cogstate2_6574,p_cogstate2_7584,p_cogstate2_85p,p_cogstate2_all,p_cogstate2_blk,p_cogstate2_college,p_cogstate2_f,p_cogstate2_his,p_cogstate2_his_f,p_cogstate2_hsless,p_cogstate2_m,p_cogstate2_wht,n_cogstate2_5564,n_cogstate2_6574,n_cogstate2_7584,n_cogstate2_85p,n_cogstate2_all,n_cogstate2_blk,n_cogstate2_college,n_cogstate2_f,n_cogstate2_his,n_cogstate2_his_f,n_cogstate2_hsless,n_cogstate2_m,n_cogstate2_wht,n_nhmliv_5564,n_nhmliv_6574,n_nhmliv_7584,n_nhmliv_85p,n_nhmliv_all,n_nhmliv_blk,n_nhmliv_college,n_nhmliv_f,n_nhmliv_his,n_nhmliv_his_f,n_nhmliv_hsless,n_nhmliv_m,n_nhmliv_wht,p_nhmliv_5564,p_nhmliv_6574,p_nhmliv_7584,p_nhmliv_85p,p_nhmliv_all,p_nhmliv_blk,p_nhmliv_college,p_nhmliv_f,p_nhmliv_his,p_nhmliv_his_f,p_nhmliv_hsless,p_nhmliv_m,p_nhmliv_wht,p_diabe_5564,p_diabe_6574,p_diabe_7584,p_diabe_85p,p_diabe_all,p_diabe_blk,p_diabe_college,p_diabe_f,p_diabe_his,p_diabe_his_f,p_diabe_hsless,p_diabe_m,p_diabe_wht,n_diabe_5564,n_diabe_6574,n_diabe_7584,n_diabe_85p,n_diabe_all,n_diabe_blk,n_diabe_college,n_diabe_f,n_diabe_his,n_diabe_his_f,n_diabe_hsless,n_diabe_m,n_diabe_wht,p_hearte_5564,p_hearte_6574,p_hearte_7584,p_hearte_85p,p_hearte_all,p_hearte_blk,p_hearte_college,p_hearte_f,p_hearte_his,p_hearte_his_f,p_hearte_hsless,p_hearte_m,p_hearte_wht,n_hearte_5564,n_hearte_6574,n_hearte_7584,n_hearte_85p,n_hearte_all,n_hearte_blk,n_hearte_college,n_hearte_f,n_hearte_his,n_hearte_his_f,n_hearte_hsless,n_hearte_m,n_hearte_wht,p_hibpe_5564,p_hibpe_6574,p_hibpe_7584,p_hibpe_85p,p_hibpe_all,p_hibpe_blk,p_hibpe_college,p_hibpe_f,p_hibpe_his,p_hibpe_his_f,p_hibpe_hsless,p_hibpe_m,p_hibpe_wht,n_hibpe_5564,n_hibpe_6574,n_hibpe_7584,n_hibpe_85p,n_hibpe_all,n_hibpe_blk,n_hibpe_college,n_hibpe_f,n_hibpe_his,n_hibpe_his_f,n_hibpe_hsless,n_hibpe_m,n_hibpe_wht,helphoursyr_nonsp_5564,helphoursyr_nonsp_6574,helphoursyr_nonsp_7584,helphoursyr_nonsp_85p,helphoursyr_nonsp_all,helphoursyr_nonsp_blk,helphoursyr_nonsp_college,helphoursyr_nonsp_f,helphoursyr_nonsp_his,helphoursyr_nonsp_his_f,helphoursyr_nonsp_hsless,helphoursyr_nonsp_m,helphoursyr_nonsp_wht,helphoursyr_sp_5564,helphoursyr_sp_6574,helphoursyr_sp_7584,helphoursyr_sp_85p,helphoursyr_sp_all,helphoursyr_sp_blk,helphoursyr_sp_college,helphoursyr_sp_f,helphoursyr_sp_his,helphoursyr_sp_his_f,helphoursyr_sp_hsless,helphoursyr_sp_m,helphoursyr_sp_wht,help_to_spouse_5564,help_to_spouse_6574,help_to_spouse_7584,help_to_spouse_85p,help_to_spouse_all,help_to_spouse_blk,help_to_spouse_college,help_to_spouse_f,help_to_spouse_his,help_to_spouse_his_f,help_to_spouse_hsless,help_to_spouse_m,help_to_spouse_wht,parhelphours_5564,parhelphours_6574,parhelphours_7584,parhelphours_85p,parhelphours_all,parhelphours_blk,parhelphours_college,parhelphours_f,parhelphours_his,parhelphours_his_f,parhelphours_hsless,parhelphours_m,parhelphours_wht,n_startpop_7584.1
2.year_inc,0.0,0.0,0.0,0.0,0.0,0.0,0.0,0.0,0.0,0.0,0.0,0.0,0.0,0.0,0.0,0.0,0.0,0.0,0.0,0.0,0.0,0.0,0.0,0.0,0.0,0.0,0.0,0.0,0.0,0.0,0.0,0.0,0.0,0.0,0.0,0.0,0.0,0.0,0.0,0.0,0.0,0.0,0.0,0.0,0.0,0.0,0.0,0.0,0.0,0.0,0.0,0.0,0.0,0.0,0.0,0.0,0.0,0.0,0.0,0.0,0.0,0.0,0.0,0.0,0.0,0.0,0.0,0.0,0.0,0.0,0.0,0.0,0.0,0.0,0.0,0.0,0.0,0.0,0.0,0.0,0.0,0.0,0.0,0.0,0.0,0.0,0.0,0.0,0.0,0.0,0.0,0.0,0.0,0.0,0.0,0.0,0.0,0.0,0.0,0.0,0.0,0.0,0.0,0.0,0.0,0.0,0.0,0.0,0.0,0.0,0.0,0.0,0.0,0.0,0.0,0.0,0.0,0.0,0.0,0.0,0.0,0.0,0.0,0.0,0.0,0.0,0.0,0.0,0.0,0.0,0.0,0.0,0.0,0.0,0.0,0.0,0.0,0.0,0.0,0.0,0.0,0.0,0.0,0.0,0.0,0.0,0.0,0.0,0.0,0.0,0.0,0.0,0.0,0.0,0.0,0.0,0.0,0.0,0.0,0.0,0.0,0.0,0.0,0.0,0.0,0.0,0.0,0.0,0.0,0.0,0.0,0.0,0.0,0.0,0.0,0.0,0.0,0.0,0.0,0.0,0.0,0.0,0.0,0.0,0.0,0.0,0.0,0.0,0.0,0.0,0.0,0.0,0.0,0.0,0.0,0.0,0.0,0.0,0.0,0.0,0.0,0.0,0.0,0.0,0.0,0.0,0.0,0.0,0.0,0.0,0.0,0.0,0.0,0.0,0.0,0.0,0.0,0.0,0.0,0.0,0.0,0.0,0.0,0.0,0.0,0.0,0.0,0.0,0.0,0.0,0.0,0.0,0.0,0.0,0.0
4.year_inc,-994203.7,725841.0,1579659.9,675860.9,1850088.7,275010.1,1389055.0,1020263.8,1114521.6,564902.4,244234.6,829824.9,460557.0,-1012001.5,794933.9,1629321.8,783757.5,2066579.8,312712.2,1618432.3,1135329.3,1159070.6,589729.8,210682.6,931250.4,594796.9,0.000125,0.000945,-0.00458,-0.0125,0.000802,0.00219,0.0018,0.000276,-6.63e-05,-0.00247,-0.0044,0.0014,0.00041,-5529.4,56519.8,29386.1,129447.2,210204.6,60770.7,181200.2,81612.5,84679.4,27582.0,-34302.2,128592.1,64754.5,0.00227,0.0032,-0.00245,-0.00271,0.00357,0.000626,0.00459,0.00406,0.00165,0.00154,0.0021,0.00302,0.00322,8278.0,215933.1,285451.9,218624.9,737687.8,79615.6,497763.6,425789.6,280002.3,140997.6,91202.1,311898.1,378069.9,2683.5,-3305.2,20012.0,57948.2,75781.7,9648.7,66724.3,48426.2,14248.6,7133.6,-7094.6,27355.5,51884.5,8.31e-05,-0.000131,-0.000129,-0.00479,0.000375,0.000413,0.000686,0.000422,0.000373,0.000241,-0.000819,0.000315,0.000443,-0.0204,-0.0127,-0.011,-0.00495,-0.0107,-0.00836,-0.00965,-0.00908,-0.0167,-0.0174,-0.0121,-0.0125,-0.0111,-1019231.0,-266579.2,251761.1,166835.6,-871056.4,4789.4,-381804.5,-359397.0,85689.9,42348.1,-103033.8,-511659.4,-961535.7,-0.000415,0.00328,-0.000536,0.00588,0.00602,0.00635,0.00879,0.00533,0.0038,0.0041,-0.00362,0.00683,0.00735,-172485.6,359240.0,670220.3,463089.1,1313679.5,164369.6,1069953.0,628157.4,266780.0,140962.7,-2319.8,685522.0,882529.8,0.00284,0.0122,0.00252,0.0051,0.00904,0.00848,0.0115,0.00906,0.00769,0.00601,0.00316,0.00902,0.00935,-471938.9,1026597.4,1323879.0,685081.5,2509619.9,379533.4,1878741.4,1351972.4,842504.1,413718.5,196050.3,1157647.6,1287582.5,-9136969.6,79501580.1,387850616.4,448600133.9,946608379.3,178768671.0,605460659.2,631091065.9,244276621.1,150150144.0,-11247451.7,315517313.3,523563087.2,17216868.8,162789078.7,200468206.5,225886184.6,612912348.7,110552126.7,392808558.9,188737433.4,139815683.1,17068564.4,97745749.8,424174915.3,362544538.9,-88620562.5,169310083.4,164739744.1,161118962.7,424627835.7,54830363.7,354171410.2,203063288.9,128100720.2,55487083.9,42267438.1,221564546.8,241696751.8,-70157009.3,12757204.1,26035048.2,-83450.5,-38840164.3,2248036.9,-74768378.4,-7085525.0,42993772.4,30160043.6,30481136.4,-31754639.3,-84081973.7,-84081973.7
6.year_inc,-2011285.5,1063285.0,3445616.4,1170040.9,3875470.2,590201.4,2792464.5,2101534.5,2241467.7,1131667.0,535827.7,1773935.7,1043801.1,-2063035.5,1121137.8,3569798.7,1386555.6,4223324.0,641557.1,3180015.3,2300335.4,2320833.7,1170495.8,496854.3,1922988.5,1260933.2,0.000345,0.00182,-0.00516,-0.0156,0.00256,0.00435,0.00439,0.00182,0.00226,8.21e-05,-0.00715,0.00341,0.00166,-7988.5,99172.8,173845.5,283782.2,554139.3,124442.0,428429.8,253780.2,214109.7,99970.4,-35666.3,300359.1,215587.5,0.00445,0.00631,0.000765,-0.00238,0.00802,0.00518,0.0108,0.00812,0.00379,0.00151,0.00399,0.00791,0.00702,5084.8,376205.7,778435.0,409166.8,1618017.4,219644.8,1127255.4,864949.8,573937.3,266901.1,202102.4,753067.6,824435.3,-3735.8,15873.6,37529.9,123701.3,173784.7,23500.8,149268.1,95161.9,17409.0,7141.3,-23375.5,78622.7,132874.8,-6e-05,0.000341,-0.000495,-0.00598,0.000898,0.00109,0.00155,0.0008,0.000104,-0.000285,-0.00233,0.001,0.00117,-0.035,-0.0302,-0.0225,-0.00447,-0.0209,-0.0161,-0.0185,-0.0178,-0.0327,-0.0342,-0.0242,-0.0243,-0.0217,-1780096.1,-860545.3,548740.2,335371.3,-1700201.9,19505.8,-740586.3,-709454.0,146874.1,67028.5,-185963.5,-990747.9,-1866581.8,-0.00138,0.00397,0.00347,0.0146,0.0113,0.0123,0.0164,0.0103,0.0082,0.00793,-0.00777,0.0125,0.0137,-371505.5,482928.6,1589534.8,870162.5,2577354.2,330769.7,2064850.3,1248735.7,554543.5,282756.3,3341.0,1328618.5,1692041.0,0.0044,0.023,0.00511,0.0108,0.0164,0.0141,0.0213,0.0162,0.0149,0.0121,0.00276,0.0166,0.0169,-1022857.3,1681913.5,2900165.5,1236643.8,4890050.7,736644.0,3628131.9,2608430.2,1696126.9,829348.6,394043.7,2281620.5,2457279.8,-83584812.6,123468785.6,736368629.7,848838170.1,1670000000.0,304813857.2,1160000000.0,1100000000.0,505773004.7,292141383.6,-63926799.3,568702068.3,861516073.4,-56233476.3,301240782.4,458517257.0,391195456.1,1110000000.0,196923247.0,814039696.1,452066143.6,414150877.8,181522641.4,135216832.9,661906326.0,502898344.7,-60484354.4,356936590.2,508004831.5,246032543.0,1110000000.0,126765885.1,736959794.1,543597515.2,388050944.9,199586432.5,168374048.8,562354522.5,591135207.7,-142720414.0,12429856.9,48448128.6,-2719415.8,-67927558.5,6962024.5,-139442757.7,-7192894.8,81410511.7,57431003.9,58217664.3,-60734663.7,-156300094.6,-156300094.6
8.year_inc,-2313824.7,603465.2,4831354.5,2026038.1,6239785.2,951655.4,4285756.3,3392674.6,3439553.6,1733073.8,956213.7,2847110.5,1848576.2,-2402879.1,619402.8,5073093.3,2430452.6,6814127.4,1032314.2,4887457.0,3653241.2,3579493.3,1791914.8,879385.0,3160886.3,2202319.9,0.000564,0.00362,-0.00475,-0.0239,0.00474,0.0077,0.00729,0.0035,0.00474,0.00115,-0.00804,0.00615,0.00324,-3099.3,155387.1,308195.3,508860.0,985983.2,213295.1,712897.5,450823.4,359674.5,163711.3,3137.0,535159.8,413013.6,0.00636,0.00935,-0.0022,-0.00262,0.0109,0.00586,0.0154,0.0103,0.00432,0.00177,0.00231,0.0115,0.00958,49929.2,433380.0,1015770.3,731068.7,2367608.2,320175.4,1670758.1,1208846.8,862152.5,404404.7,286943.1,1158761.4,1185280.3,-2490.3,6028.7,55220.9,231873.4,290867.4,41313.4,259504.0,166396.4,30315.9,12853.8,-35440.1,124471.0,219238.0,-2.28e-05,0.00012,-0.000604,-0.00824,0.0015,0.00195,0.00272,0.00146,0.000322,-0.000221,-0.00364,0.00154,0.00189,-0.0441,-0.049,-0.0319,-0.00628,-0.0304,-0.0237,-0.0273,-0.0264,-0.0458,-0.0466,-0.035,-0.0351,-0.032,-2188813.5,-1716743.4,734006.1,598517.6,-2397369.1,54360.1,-1099623.5,-1024750.8,256954.8,128983.1,-224239.6,-1372618.3,-2708683.9,-0.00222,0.00225,0.0103,0.0207,0.0152,0.0174,0.0231,0.0142,0.0118,0.0117,-0.013,0.0163,0.0185,-456231.5,267979.5,2415183.9,1496178.8,3802508.1,505374.2,3048412.7,1855476.8,853583.2,435821.4,11985.6,1947031.3,2443550.7,0.00616,0.0309,0.0106,0.0175,0.0223,0.0185,0.0293,0.0223,0.022,0.0208,0.00355,0.0222,0.0228,-1152700.6,1626979.4,4224850.9,2171058.8,7407032.0,1132617.9,5362099.3,3935912.7,2625416.2,1304843.4,678739.8,3471119.3,3648998.0,-57398078.7,151470055.4,934629521.7,1520000000.0,2630000000.0,434226095.5,1910000000.0,1660000000.0,802128463.4,482170433.8,-140497105.0,968459976.2,1390000000.0,-35450178.7,275510481.1,727625995.2,541527183.7,1540000000.0,196602865.1,1240000000.0,652694319.9,472651361.4,211202235.2,72505765.8,886661832.9,870101926.2,-38668224.5,437973657.2,728647157.0,393129529.1,1590000000.0,202369872.9,1070000000.0,863016473.7,482399995.6,256288973.4,249497417.3,724298552.7,902545157.9,-173354464.5,-21786428.5,64959117.5,-4876350.2,-49334080.9,17204655.5,-157839832.0,23885480.0,129728418.7,93319003.4,105066815.8,-73219560.9,-196267155.1,-196267155.1
10.year_inc,-2298209.2,-70210.4,5888923.3,3121189.2,8381078.0,1260784.2,5581698.7,4567426.7,4607683.4,2326893.0,1388745.5,3813651.3,2512610.4,-2398147.9,-65479.2,6260334.4,3704746.6,9249606.6,1388558.2,6419541.3,4977312.7,4799504.9,2401644.2,1312037.0,4272293.9,3061543.5,0.000687,0.00475,-0.00289,-0.0322,0.00713,0.0109,0.0108,0.00546,0.0081,0.00363,-0.00897,0.00902,0.00496,1708.4,178870.4,460686.4,782759.6,1448806.8,298328.2,1051507.5,671081.8,527073.7,243130.4,47672.3,777725.0,623404.9,0.00782,0.0105,0.00325,-0.00234,0.0148,0.00878,0.02,0.0145,0.0056,0.00339,0.00502,0.0152,0.0132,107279.8,390380.3,1424742.8,1130272.0,3255451.1,446946.4,2208695.2,1693585.9,1158866.4,554803.4,454572.9,1561865.3,1649638.3,-4089.1,18221.2,75093.5,357830.0,447388.7,64183.4,377627.1,250294.4,51675.8,25974.6,-35292.1,197094.3,331529.5,-6.39e-05,0.000482,-0.000476,-0.011,0.00238,0.00313,0.00395,0.00228,0.000927,0.000518,-0.00419,0.00249,0.00287,-0.0489,-0.0672,-0.0412,-0.0141,-0.0387,-0.0302,-0.035,-0.0329,-0.0574,-0.0556,-0.0451,-0.0453,-0.0409,-2373685.5,-2568357.2,806174.3,842035.0,-2992034.2,87945.7,-1427640.0,-1222750.8,355213.0,210850.6,-243659.1,-1769283.4,-3435192.9,-0.00296,-0.00102,0.0177,0.023,0.0185,0.0215,0.0283,0.0178,0.0159,0.0158,-0.0167,0.0194,0.0225,-484163.1,-57646.7,3142776.4,2210360.3,4927943.5,659329.9,3884826.5,2441767.2,1166541.2,595189.4,51634.5,2486176.3,3102072.4,0.00725,0.0361,0.0183,0.0211,0.0273,0.0227,0.0358,0.0276,0.0275,0.0268,0.00251,0.0269,0.0278,-1107521.7,1326055.2,5382575.7,3272042.8,9724559.1,1499668.2,6890164.3,5195750.0,3512547.3,1753247.4,970492.3,4528809.1,4712343.6,-63575446.2,202620260.2,1290000000.0,2190000000.0,3720000000.0,629359719.4,2740000000.0,2430000000.0,1100000000.0,695080383.9,-78518151.4,1290000000.0,2000000000.0,-24650713.5,247565220.2,984978835.2,866387337.5,2170000000.0,290436223.5,1620000000.0,970362328.5,720583643.0,295941296.7,191556216.6,1200000000.0,1160000000.0,-129560199.6,491500003.1,1080000000.0,667485069.1,2220000000.0,263868226.6,1690000000.0,1130000000.0,619325200.0,330600272.3,233435164.2,1090000000.0,1340000000.0,-174205208.2,-53907030.3,72744472.4,-4977444.6,-19846122.7,27454325.1,-152693914.4,52145447.3,170142971.2,120870114.7,142258871.1,-71991570.1,-217443419.0,-217443419.0
12.year_inc,-2181224.9,-343278.8,6912514.9,4113705.8,10423599.0,1576522.0,6710878.7,5668201.9,5755375.3,2888069.5,1848536.5,4755397.1,3091701.8,-2282183.1,-419323.9,7319797.1,4934274.7,11478556.1,1722699.7,7756576.7,6173555.3,5992618.4,2996794.1,1764355.5,5305000.8,3763238.1,0.000783,0.00477,-0.00197,-0.0347,0.00935,0.0143,0.0139,0.00737,0.0101,0.00456,-0.0109,0.0116,0.0067,6788.3,169172.2,577673.8,1106411.0,1887279.5,386621.3,1355449.9,884609.2,669918.8,306474.2,77849.7,1002670.3,830739.5,0.0094,0.0107,0.00607,-0.00073,0.018,0.0102,0.0238,0.0175,0.00777,0.00621,0.00585,0.0187,0.016,179337.6,357413.7,1738814.4,1536044.6,4035498.5,547756.4,2669342.2,2086266.0,1473090.6,717825.1,600083.7,1949232.5,2014651.5,-360.6,11390.6,104623.0,462253.7,578161.0,86317.0,498926.7,308163.0,61530.6,29732.2,-51493.6,269998.0,430313.4,2.97e-05,0.000327,1.98e-05,-0.0144,0.00307,0.00424,0.00522,0.00275,0.000964,0.000382,-0.00572,0.00344,0.00373,-0.0475,-0.0881,-0.0541,-0.019,-0.0462,-0.0359,-0.0426,-0.0395,-0.0642,-0.0612,-0.0501,-0.0537,-0.0498,-2301075.5,-3427839.4,717040.5,1098520.5,-3556089.1,121827.3,-1801457.9,-1465738.1,526614.1,316340.9,-182655.1,-2090351.0,-4204530.5,-0.00503,-0.00253,0.0201,0.0255,0.0215,0.0264,0.033,0.0211,0.0196,0.0202,-0.0173,0.0221,0.026,-547730.4,-217347.7,3679013.2,2910046.8,5963577.9,822124.6,4637284.7,2979915.3,1474081.6,759769.1,144949.5,2983662.7,3667371.6,0.00552,0.0376,0.0278,0.0232,0.0315,0.0256,0.0412,0.0321,0.0338,0.0342,0.00332,0.0309,0.0318,-1106994.4,1125405.3,6511691.6,4323410.3,11820957.8,1830341.6,8209463.2,6328382.8,4414657.0,2216356.1,1305510.9,5492575.1,5575959.2,7540758.7,149091214.2,1540000000.0,2990000000.0,4810000000.0,826220394.3,3560000000.0,3110000000.0,1540000000.0,977968122.5,-239638.9,1700000000.0,2440000000.0,-58789505.6,278869200.4,1160000000.0,1160000000.0,2630000000.0,387098566.5,1880000000.0,1150000000.0,843832567.4,364695227.6,211092917.1,1470000000.0,1390000000.0,-23168748.6,572641068.6,1350000000.0,877931335.5,2870000000.0,338651687.6,2110000000.0,1440000000.0,828371200.0,414966830.4,368786626.0,1430000000.0,1710000000.0,-151166187.1,-62716774.9,77535541.0,-5766429.3,10500321.1,37729763.6,-140908988.2,76826725.6,203459711.1,142629904.6,170845481.5,-66326404.5,-230689153.7,-230689153.7
14.year_inc,-1304101.6,-1147501.0,7385683.9,5294522.5,12401467.3,1911355.9,7711674.4,6727188.4,6888767.5,3443836.2,2363372.2,5674279.0,3601344.0,-1434527.2,-1273280.7,7884752.7,6314786.7,13673637.3,2092783.4,8953256.6,7326000.2,7194246.7,3576737.1,2261879.8,6347637.1,4386607.2,0.000951,0.00492,0.0036,-0.0377,0.0125,0.0184,0.0176,0.0103,0.0131,0.00693,-0.011,0.0149,0.00932,22984.6,149272.9,797695.0,1460730.6,2462746.6,493164.6,1711746.9,1179283.7,842784.8,386846.3,141950.3,1283462.9,1126797.2,0.00998,0.0124,0.00602,-0.0018,0.0201,0.00977,0.027,0.019,0.00795,0.00496,0.006,0.0214,0.018,280003.0,310480.8,1860529.7,1948886.8,4663931.6,628289.3,3077128.4,2373742.5,1747013.3,831341.9,747618.7,2290189.1,2288628.9,-835.1,10859.7,117782.9,634070.5,761132.6,107182.4,657233.7,423180.4,79483.4,40068.1,-53794.5,337952.2,574466.9,3.02e-06,0.000373,0.000182,-0.014,0.00412,0.00517,0.00691,0.00398,0.00134,0.000812,-0.00639,0.00427,0.00504,-0.0459,-0.106,-0.0639,-0.0274,-0.0527,-0.0402,-0.0494,-0.0451,-0.0699,-0.0669,-0.0545,-0.0613,-0.0579,-2110730.3,-4244772.9,574411.8,1327408.4,-4016008.7,186186.6,-2148508.1,-1649984.0,709554.3,410743.6,-101513.9,-2366024.7,-4911749.6,-0.00544,-0.00193,0.0199,0.0291,0.0237,0.0293,0.0366,0.024,0.0228,0.0244,-0.0195,0.0234,0.0288,-437831.7,-441787.9,3922718.8,3713377.3,6886892.2,966555.8,5276699.3,3485468.3,1780625.1,924532.2,219442.5,3401423.8,4139711.2,0.0059,0.0397,0.0348,0.0268,0.035,0.0271,0.0456,0.0356,0.0407,0.0415,0.0044,0.0344,0.0348,-595870.3,577001.4,7182708.6,5528706.7,13810413.9,2172347.5,9372717.9,7369689.2,5350266.9,2677989.5,1677916.9,6440724.7,6287799.4,23069992.6,159227584.9,1780000000.0,3910000000.0,6030000000.0,1100000000.0,4470000000.0,3940000000.0,1880000000.0,1140000000.0,70172699.6,2090000000.0,3060000000.0,3068299.0,317331057.1,1490000000.0,1570000000.0,3540000000.0,479011322.8,2280000000.0,1460000000.0,1280000000.0,520442545.4,492944016.0,2080000000.0,1790000000.0,30710476.0,436457419.2,1650000000.0,1210000000.0,3460000000.0,411845566.0,2460000000.0,1760000000.0,989281005.4,502388749.5,416533484.1,1700000000.0,2060000000.0,-92877976.6,-96910025.5,76661673.1,-7899204.3,51229279.1,51270785.8,-119130476.9,106362304.0,237260186.2,165398419.3,204189352.3,-55133025.0,-237301692.9,-237301692.9
16.year_inc,-216175.7,-1909674.8,7606014.3,6300626.7,14485319.1,2325602.8,8680990.6,7820297.3,8082853.3,4025591.7,2923421.4,6665021.8,4076862.9,-333261.1,-2087769.1,8133121.4,7590506.5,16005638.6,2541863.8,10132959.8,8553801.4,8405326.9,4169281.9,2841347.3,7451837.3,5058447.9,0.000954,0.00567,0.00602,-0.0356,0.0151,0.0213,0.0207,0.013,0.0164,0.00991,-0.00955,0.0175,0.0113,35646.0,152122.7,895654.5,1859189.7,2983952.8,591788.6,2027917.1,1458871.5,1030016.4,479166.5,244675.1,1525081.4,1362147.8,0.0104,0.0149,0.00818,0.00229,0.023,0.0109,0.0306,0.0222,0.00956,0.00633,0.00617,0.024,0.0204,399831.9,298200.7,1982018.8,2416251.6,5434897.6,753030.1,3518278.6,2797474.9,2059112.4,979694.8,919861.2,2637422.6,2622755.1,-571.2,3476.7,142757.6,797323.5,942256.9,118456.3,811548.1,544596.6,103092.9,53025.2,-58440.3,397660.3,720707.7,-8.52e-06,0.000227,0.000872,-0.0135,0.0051,0.00539,0.00851,0.00523,0.0019,0.0014,-0.00723,0.00494,0.00634,-0.044,-0.117,-0.081,-0.0346,-0.059,-0.0447,-0.0565,-0.0507,-0.0779,-0.0743,-0.061,-0.0685,-0.0654,-1869071.3,-4779817.7,116144.6,1530486.5,-4460008.7,273312.2,-2543084.6,-1843551.8,827445.9,479589.6,-36519.5,-2616456.9,-5560766.8,-0.00594,-0.00289,0.0209,0.0332,0.0247,0.0308,0.0386,0.0259,0.0258,0.0275,-0.0197,0.0232,0.0301,-294927.6,-711979.9,4061050.4,4479486.7,7683844.8,1112092.6,5778359.2,3946272.8,2092154.6,1082433.1,344965.4,3737572.0,4479597.6,0.00728,0.0418,0.0418,0.0282,0.038,0.0284,0.0488,0.039,0.0463,0.0486,0.00571,0.0368,0.037,105406.1,55394.1,7601686.4,6618831.7,15822928.9,2580245.5,10428407.4,8456583.9,6277604.2,3152667.3,2113877.4,7366345.0,6965079.2,58777901.2,130735653.5,2230000000.0,5170000000.0,7740000000.0,1370000000.0,5590000000.0,5030000000.0,2430000000.0,1480000000.0,291799705.3,2700000000.0,3940000000.0,146982093.7,259639091.2,1490000000.0,1820000000.0,3860000000.0,554285420.0,2370000000.0,1660000000.0,1450000000.0,599249653.2,580450065.1,2200000000.0,1860000000.0,111478044.1,443181972.9,1800000000.0,1440000000.0,4000000000.0,496018743.3,2720000000.0,2010000000.0,1330000000.0,621924110.8,629531518.4,2000000000.0,2170000000.0,-25442778.0,-130386290.7,71988510.4,-12017675.8,118484606.9,72608935.6,-66460832.1,151300228.8,274885101.4,191771820.4,245310137.5,-32815621.9,-229009430.1,-229009430.1
18.year_inc,967419.4,-2125939.6,7339028.7,7168725.2,17024021.3,2873208.3,9775578.8,9130694.4,9387692.5,4658936.6,3621323.3,7893326.9,4763120.5,871422.4,-2329668.8,7768736.3,8709686.2,18696534.3,3108482.3,11403922.7,9942412.8,9776671.7,4841448.3,3521433.8,8754121.5,5811380.3,0.00109,0.0071,0.00815,-0.0287,0.0177,0.0221,0.0241,0.0161,0.0193,0.0139,-0.009,0.0195,0.0136,55259.0,196061.2,928031.4,2306330.3,3543147.8,672076.5,2380320.9,1797767.1,1228699.9,595627.6,346632.1,1745380.7,1642371.3,0.0109,0.0161,0.011,-0.000274,0.0241,0.0109,0.0313,0.0242,0.0113,0.0106,0.00705,0.0241,0.0204,530660.0,308093.2,1988764.4,2722858.6,6018232.3,888287.6,3738662.6,3159615.1,2414196.1,1186163.3,1134114.0,2858617.2,2715748.6,-1479.2,4835.2,145004.1,990043.8,1137774.8,161824.0,945409.9,680130.1,116214.6,66642.2,-53068.0,457644.7,859736.2,-4.89e-05,0.000281,0.00112,-0.0104,0.0061,0.00738,0.00981,0.00658,0.00195,0.00192,-0.00755,0.00556,0.00754,-0.0421,-0.123,-0.0963,-0.0414,-0.064,-0.0482,-0.0623,-0.0553,-0.0837,-0.0807,-0.0642,-0.0738,-0.0717,-1605384.7,-5033928.3,-429362.2,1693454.0,-4657308.7,413023.1,-2819741.3,-1935751.5,1021227.7,575105.0,109480.6,-2721557.2,-6091559.5,-0.00526,-0.00342,0.0202,0.0427,0.0249,0.0297,0.0405,0.0274,0.0282,0.0303,-0.0219,0.022,0.0311,-87875.0,-801021.6,3882623.4,5263978.3,8482378.5,1248769.1,6307002.4,4417322.7,2426090.6,1256804.0,456854.0,4065055.8,4807518.9,0.0127,0.0435,0.0467,0.0335,0.0405,0.0284,0.0519,0.0418,0.0517,0.0556,0.00821,0.039,0.0389,1042775.6,-63728.6,7454155.6,7652072.5,18045589.0,3068812.0,11550404.6,9622176.8,7318191.2,3688079.9,2644964.8,8423412.2,7658585.8,113453944.4,112724580.6,2410000000.0,6380000000.0,9220000000.0,1640000000.0,6580000000.0,6000000000.0,2770000000.0,1750000000.0,452196514.2,3220000000.0,4810000000.0,206104108.3,285966006.3,1720000000.0,2020000000.0,4410000000.0,639546541.4,2690000000.0,1900000000.0,1720000000.0,733501755.6,782073173.8,2510000000.0,2050000000.0,225573161.1,368320038.5,1890000000.0,1640000000.0,4310000000.0,535920750.4,2840000000.0,2100000000.0,1510000000.0,757467513.2,748908326.9,2210000000.0,2260000000.0,43319617.5,-145994224.8,57928349.8,-17578580.8,236057024.8,105436020.0,29967937.7,231012107.2,330032148.6,233423529.2,316235332.1,5044917.5,-199411143.8,-199411143.8
20.year_inc,2232406.2,-1953592.6,6905159.4,7883669.0,19246446.4,3387296.1,10632425.8,10153505.0,10753369.5,5315823.9,4327036.9,9092941.4,5105780.8,2120481.4,-2215306.9,7327398.6,9708112.7,21126573.0,3657218.7,12392918.8,11164056.0,11167689.1,5517141.4,4248895.7,9962517.0,6301665.3,0.00121,0.00804,0.0122,-0.0229,0.0203,0.0233,0.0268,0.0191,0.0231,0.0177,-0.00623,0.0216,0.0156,74641.0,233161.2,1010423.8,2712562.0,4099101.1,758354.0,2668873.5,2125508.3,1463134.3,715775.5,497656.6,1973592.8,1877612.7,0.0119,0.0157,0.0155,0.00187,0.0259,0.0109,0.0323,0.0263,0.0128,0.0116,0.00867,0.0255,0.0213,691356.8,311054.8,2027290.2,3073427.6,6664126.0,1018056.8,3946636.5,3511244.6,2774557.4,1353107.8,1377645.0,3152881.4,2871511.8,-251.5,5962.9,168333.1,1212645.6,1387845.6,189640.3,1146007.7,824128.5,166306.4,93815.5,-31934.2,563717.1,1031898.9,-3.85e-05,0.000304,0.00211,-0.0052,0.00747,0.00836,0.0119,0.00804,0.00333,0.00335,-0.00705,0.00683,0.0091,-0.0412,-0.125,-0.113,-0.0516,-0.0688,-0.0515,-0.068,-0.0596,-0.0886,-0.0861,-0.0679,-0.0793,-0.0783,-1372752.9,-5107897.9,-1005410.0,1749456.7,-4906946.4,545640.1,-3148360.5,-2042299.5,1231597.2,677093.8,257959.0,-2864646.9,-6684183.6,-0.0051,-0.00479,0.018,0.0501,0.0247,0.0287,0.0403,0.0283,0.0306,0.0334,-0.0215,0.0205,0.0314,104467.7,-817444.9,3622345.8,5962899.0,9140371.6,1379222.2,6576129.5,4798769.6,2773958.8,1438476.2,624957.1,4341602.0,4987190.6,0.0148,0.0463,0.0503,0.0394,0.043,0.0289,0.0547,0.0446,0.0563,0.0604,0.0108,0.0412,0.0407,1871546.4,123611.6,7199605.4,8606899.6,20092039.3,3549837.0,12461165.0,10677786.8,8367386.0,4202975.7,3214495.3,9414252.5,8174816.2,196103754.5,151113309.4,2490000000.0,7570000000.0,10600000000.0,1910000000.0,7440000000.0,6990000000.0,3300000000.0,2140000000.0,746293133.0,3650000000.0,5440000000.0,317314052.2,389537100.9,1780000000.0,2440000000.0,5100000000.0,728963062.1,3070000000.0,2100000000.0,1950000000.0,767546755.4,905123582.9,3000000000.0,2420000000.0,338936398.9,408458838.7,1860000000.0,1880000000.0,4740000000.0,608954978.6,3040000000.0,2330000000.0,1730000000.0,875762905.5,865447309.9,2410000000.0,2400000000.0,118881487.5,-145313369.2,46579899.8,-26066736.8,346189136.3,138822024.9,123292201.5,297036502.3,382134816.0,271408074.6,378249330.0,49152634.1,-174767704.5,-174767704.5
22.year_inc,3555804.7,-1751170.7,6892127.0,8571885.4,21165272.0,3823037.2,11333258.0,11040686.7,12044176.0,5946653.0,4990799.5,10124585.3,5298058.8,3449055.1,-2003843.0,7250605.2,10565429.2,23164728.0,4103253.5,13129744.0,12098095.2,12565610.9,6192254.5,4950558.2,11066632.8,6495863.6,0.00136,0.00801,0.0126,-0.0172,0.022,0.0241,0.0287,0.0211,0.0257,0.0212,-0.0056,0.023,0.0167,97031.4,239064.2,1013074.7,3081621.6,4497810.2,824980.5,2870728.9,2348905.9,1677031.4,837552.4,607237.7,2148904.3,1995798.3,0.013,0.0149,0.0117,0.00246,0.0259,0.0101,0.0321,0.0259,0.0129,0.0113,0.01,0.0258,0.0201,865794.1,307412.8,1895188.6,3356835.4,6984916.4,1110192.7,4020646.2,3628233.6,3097616.6,1502237.1,1610837.9,3356682.8,2777107.1,-5264.4,2247.7,150077.8,1388661.3,1534239.6,211727.6,1273956.2,910167.9,192625.1,100911.5,-19827.4,624071.6,1129886.8,-0.000169,0.000187,0.00154,-0.00196,0.00816,0.00909,0.0132,0.00882,0.00375,0.0033,-0.00704,0.00744,0.01,-0.0388,-0.122,-0.128,-0.0627,-0.0715,-0.0536,-0.0722,-0.0622,-0.0889,-0.087,-0.0676,-0.082,-0.0832,-1058048.0,-4938941.2,-1466216.9,1743308.8,-4924331.5,661331.8,-3398931.6,-2077405.5,1563613.0,838863.1,470687.2,-2846926.0,-7149276.3,-0.00514,-0.00778,0.0151,0.05,0.0241,0.0288,0.0399,0.0283,0.033,0.0361,-0.0217,0.0191,0.0309,300590.8,-864725.4,3498837.6,6447339.5,9628143.6,1501734.4,6755956.4,5039321.3,3126962.4,1619406.2,775256.1,4588822.4,4999446.8,0.0175,0.0459,0.0526,0.0449,0.0455,0.0301,0.0571,0.0474,0.0617,0.0674,0.0143,0.0434,0.0423,2781622.5,265364.8,7208414.2,9445094.7,21880637.1,3957556.9,13168019.1,11536946.6,9453856.0,4758564.8,3788467.5,10343690.5,8469224.1,260505483.1,198499506.0,2490000000.0,8600000000.0,11800000000.0,2070000000.0,8120000000.0,7800000000.0,3810000000.0,2400000000.0,1050000000.0,3990000000.0,5910000000.0,358907764.0,380878906.9,1810000000.0,2300000000.0,5050000000.0,752186130.1,2920000000.0,2040000000.0,2120000000.0,838049407.4,1120000000.0,3010000000.0,2170000000.0,434193008.4,434947049.4,2030000000.0,1880000000.0,5090000000.0,667373188.4,3170000000.0,2480000000.0,2020000000.0,1050000000.0,1090000000.0,2610000000.0,2400000000.0,212609636.6,-131850131.4,46230698.7,-31806959.2,431612863.6,164773690.1,196394667.3,341888023.8,427312421.9,302935389.0,424964121.6,89724839.8,-160473248.4,-160473248.4
24.year_inc,4682815.4,-868351.9,6445664.9,9043949.1,22859430.5,4150599.7,11869483.1,11808126.7,13333751.7,6588864.8,5625201.3,11051303.8,5375079.0,4570569.5,-1128327.9,6714203.4,11198214.6,24913649.5,4459660.6,13724080.1,12912315.4,13884108.0,6836601.1,5607077.5,12001334.1,6569880.9,0.00145,0.009,0.0136,-0.00771,0.024,0.0249,0.0311,0.0233,0.028,0.0232,-0.0049,0.025,0.0184,114310.5,304671.9,989727.3,3469732.4,4940940.5,883665.0,3114633.1,2587210.7,1876020.7,935213.5,712548.0,2353729.7,2181254.7,0.0147,0.0155,0.0147,-0.00111,0.0266,0.0105,0.0315,0.0275,0.0135,0.0138,0.011,0.0256,0.0199,1052768.2,444642.1,1865996.5,3485200.3,7379018.1,1200045.2,4041461.5,3885489.6,3418790.6,1686744.8,1824006.3,3493528.5,2760182.2,1207.3,1358.1,148260.0,1593884.6,1744996.9,252678.1,1444303.7,1059856.0,217605.2,114924.7,-7910.6,685140.9,1274713.5,-4.04e-05,0.000104,0.00176,0.00393,0.0093,0.0109,0.015,0.0104,0.00412,0.00372,-0.00699,0.00808,0.0114,-0.0378,-0.118,-0.14,-0.0716,-0.074,-0.0543,-0.0762,-0.0652,-0.0928,-0.0927,-0.0695,-0.0841,-0.087,-834343.2,-4668824.2,-1925883.8,1718540.7,-4982116.0,770828.2,-3642976.0,-2164715.1,1766996.9,917346.5,628046.3,-2817400.8,-7519941.0,-0.00474,-0.00864,0.015,0.0501,0.024,0.0295,0.0398,0.029,0.0355,0.0383,-0.0206,0.018,0.031,485688.5,-647728.9,3266192.3,6808833.8,10114552.1,1610438.6,6914477.3,5309121.1,3472199.9,1790766.9,941464.9,4805431.0,5031913.7,0.0212,0.0467,0.0548,0.049,0.0478,0.0322,0.059,0.0499,0.0651,0.0705,0.018,0.0454,0.044,3623328.9,944933.2,6830921.0,10067737.5,23444499.9,4302896.2,13733925.6,12301342.2,10441935.9,5241199.5,4337487.4,11143157.6,8699667.7,392913731.9,241822844.3,2380000000.0,9650000000.0,12900000000.0,2200000000.0,8770000000.0,8520000000.0,4330000000.0,2710000000.0,1250000000.0,4400000000.0,6390000000.0,445212056.6,508570449.2,1860000000.0,2460000000.0,5460000000.0,785968406.8,2880000000.0,2190000000.0,2550000000.0,1090000000.0,1390000000.0,3270000000.0,2120000000.0,513659865.1,593167897.7,1880000000.0,2130000000.0,5470000000.0,697126688.5,3320000000.0,2620000000.0,2270000000.0,1120000000.0,1200000000.0,2860000000.0,2510000000.0,281867459.3,-104359567.1,35446115.0,-37592938.4,489731118.6,181360511.3,243720361.2,372147364.6,466273758.9,329839307.2,460382882.9,117583754.1,-157903151.6,-157903151.6
26.year_inc,5544009.0,155894.8,5993027.3,9352467.3,24499015.1,4456556.1,12316169.6,12526310.1,14627755.2,7213778.0,6267921.1,11972705.0,5414703.9,5431398.5,-44140.0,6186185.0,11635835.9,26663994.7,4794478.4,14267025.8,13706315.1,15249349.5,7515306.8,6276098.7,12957679.6,6620166.8,0.00155,0.00728,0.015,0.000731,0.0251,0.0248,0.0321,0.0251,0.0293,0.0254,-0.00344,0.0251,0.0191,129252.5,275779.6,979856.0,3785425.0,5232147.2,921496.5,3237323.1,2802647.2,2058603.6,1044809.6,836093.7,2429500.0,2252047.2,0.0162,0.0152,0.0168,0.000525,0.0274,0.0104,0.0323,0.0276,0.013,0.0127,0.00952,0.027,0.02,1204503.2,574484.8,1805965.7,3655487.7,7771654.2,1279105.5,4178350.0,4017438.4,3715595.8,1823965.8,1992895.8,3754215.8,2776952.9,896.2,-501.2,113750.9,1745518.9,1858254.7,261917.5,1531850.7,1134353.1,236808.9,124585.4,-4915.2,723901.6,1359528.2,-5.83e-05,-1.11e-05,0.000864,0.00822,0.00978,0.011,0.0158,0.0111,0.00426,0.0038,-0.00738,0.00839,0.0122,-0.0363,-0.117,-0.147,-0.0829,-0.0759,-0.056,-0.0792,-0.0669,-0.0948,-0.0952,-0.0704,-0.0862,-0.0901,-628417.9,-4426883.5,-2202163.4,1600805.6,-4933656.8,854689.0,-3816944.0,-2154563.7,2033018.6,1049121.0,806178.7,-2779093.1,-7821364.4,-0.00454,-0.00863,0.0146,0.0506,0.0237,0.0306,0.0394,0.0292,0.0375,0.041,-0.0196,0.017,0.0307,623530.1,-340111.8,3025811.9,7069515.3,10563768.5,1721079.6,7039600.0,5532582.8,3821246.4,1979226.6,1109998.3,5031185.6,5021442.5,0.0251,0.0485,0.0577,0.0542,0.0505,0.0344,0.0616,0.0529,0.0701,0.0766,0.0217,0.0476,0.0457,4320937.7,1816960.9,6477090.6,10553299.4,25068873.0,4633409.6,14337979.0,13097062.7,11523477.6,5799489.5,4900577.0,11971810.4,8911985.9,454234916.8,241826259.2,2290000000.0,10700000000.0,14000000000.0,2330000000.0,9340000000.0,9280000000.0,4790000000.0,3060000000.0,1510000000.0,4680000000.0,6830000000.0,526365377.8,551658622.0,1700000000.0,2520000000.0,5460000000.0,805442556.3,2840000000.0,2340000000.0,2620000000.0,1180000000.0,1340000000.0,3120000000.0,2040000000.0,553050954.8,818818771.4,1970000000.0,2160000000.0,5700000000.0,742066541.1,3280000000.0,2760000000.0,2470000000.0,1230000000.0,1360000000.0,2950000000.0,2500000000.0,323755337.9,-74753375.2,24075435.2,-43062695.0,541078428.3,193439252.9,281643506.6,403516174.6,507596309.3,360286037.5,497253596.1,137562253.7,-159957133.9,-159957133.9
ivparm1,-5889.2,-10224.6,-9038.5,-5561.4,-30713.7,-3170.8,-16635.2,-13535.4,-5637.6,-3825.9,-7187.6,-17178.4,-21905.4,-1.082,-1.281,-0.33,-0.0055,-2.698,-0.339,-1.28,-1.923,-0.654,-0.64,-0.535,-0.775,-1.706,-6.71e-10,2.13e-05,0.00012,0.000257,4.67e-05,5.97e-05,2.4e-05,6.06e-05,0.000118,0.000119,0.000138,3.08e-05,3.28e-05,-0.039,813.7,2757.8,2365.7,5937.1,816.8,1786.8,4101.6,1937.5,1019.9,2002.8,1835.5,3182.8,-2.18e-09,0.000346,0.000223,0.000163,0.000156,0.000116,0.000122,0.000131,0.000108,5.75e-05,0.000173,0.000184,0.000169,-0.179,13180.3,5129.0,1480.5,19789.6,1587.3,9106.1,8882.5,1768.1,487.3,2501.2,10907.1,16434.3,424.9,77.78,342.1,1000.8,1845.6,37.76,751.4,1386.5,-0.00056,-0.000555,576.3,459.1,1807.8,1.03e-05,2.04e-06,1.47e-05,0.000109,1.45e-05,2.77e-06,1.01e-05,2.05e-05,2.29e-10,5.7e-10,3.91e-05,7.68e-06,1.86e-05,0.0593,0.0525,0.038,0.0272,0.0459,0.0497,0.0432,0.0414,0.0628,0.0626,0.0554,0.0511,0.0426,2450304.0,2000060.2,874616.3,249466.3,5844712.2,681108.9,3217629.8,2804454.6,1030882.8,535163.0,806803.0,3040257.6,4132720.6,0.000289,0.000294,0.000187,0.000104,0.000223,0.000246,0.000223,0.000169,0.000175,0.000109,0.000269,0.000285,0.000228,11962.7,11193.2,4284.0,952.7,28392.6,3365.4,16565.3,11438.3,2884.8,931.6,3916.0,16954.3,22142.3,0.00038,0.000208,0.000104,5.1e-05,0.000208,0.000174,0.000211,0.000237,0.000376,0.000383,0.000249,0.000175,0.000185,15688.8,7934.9,2385.9,474.3,26484.0,2382.2,15708.8,16060.1,6168.7,3268.6,3617.1,10423.9,17933.0,21358077.2,15407941.0,19086570.9,1090340.1,58787867.4,8291145.3,24222580.9,37293415.1,18957330.3,12949231.9,13273568.0,21494452.3,31539391.8,41792223.1,38196887.6,18929342.4,7397894.6,107777240.8,11405063.7,42016645.6,60317561.5,31592379.3,18103664.0,27899266.1,47459679.4,64779797.9,19709180.1,27947008.3,17462361.1,5315191.8,72212613.2,5171270.5,40510390.4,35139564.3,15526307.4,11264078.1,9413649.0,37073048.9,51515035.3,-3748985.0,-3149300.5,-1346621.9,-384142.3,-8629049.8,-978806.1,-9557476.0,-4210918.5,-1500793.6,-791774.6,-2349202.3,-4418131.3,-6149450.0,-6149450.0
2.year_inc#c.ivparm1,0.0,0.0,0.0,0.0,0.0,0.0,0.0,0.0,0.0,0.0,0.0,0.0,0.0,0.0,0.0,0.0,0.0,0.0,0.0,0.0,0.0,0.0,0.0,0.0,0.0,0.0,0.0,0.0,0.0,0.0,0.0,0.0,0.0,0.0,0.0,0.0,0.0,0.0,0.0,0.0,0.0,0.0,0.0,0.0,0.0,0.0,0.0,0.0,0.0,0.0,0.0,0.0,0.0,0.0,0.0,0.0,0.0,0.0,0.0,0.0,0.0,0.0,0.0,0.0,0.0,0.0,0.0,0.0,0.0,0.0,0.0,0.0,0.0,0.0,0.0,0.0,0.0,0.0,0.0,0.0,0.0,0.0,0.0,0.0,0.0,0.0,0.0,0.0,0.0,0.0,0.0,0.0,0.0,0.0,0.0,0.0,0.0,0.0,0.0,0.0,0.0,0.0,0.0,0.0,0.0,0.0,0.0,0.0,0.0,0.0,0.0,0.0,0.0,0.0,0.0,0.0,0.0,0.0,0.0,0.0,0.0,0.0,0.0,0.0,0.0,0.0,0.0,0.0,0.0,0.0,0.0,0.0,0.0,0.0,0.0,0.0,0.0,0.0,0.0,0.0,0.0,0.0,0.0,0.0,0.0,0.0,0.0,0.0,0.0,0.0,0.0,0.0,0.0,0.0,0.0,0.0,0.0,0.0,0.0,0.0,0.0,0.0,0.0,0.0,0.0,0.0,0.0,0.0,0.0,0.0,0.0,0.0,0.0,0.0,0.0,0.0,0.0,0.0,0.0,0.0,0.0,0.0,0.0,0.0,0.0,0.0,0.0,0.0,0.0,0.0,0.0,0.0,0.0,0.0,0.0,0.0,0.0,0.0,0.0,0.0,0.0,0.0,0.0,0.0,0.0,0.0,0.0,0.0,0.0,0.0,0.0,0.0,0.0,0.0,0.0,0.0,0.0,0.0,0.0,0.0,0.0,0.0,0.0,0.0,0.0,0.0,0.0,0.0,0.0,0.0,0.0,0.0,0.0,0.0,0.0
4.year_inc#c.ivparm1,-12125.7,-26464.8,-22730.9,-8203.4,-69524.9,-9423.7,-31324.3,-29242.2,-8584.3,-2878.1,-11522.4,-40282.7,-51516.8,-5578.8,-9022.7,-10080.6,-6034.1,-30716.2,-3171.8,-16637.3,-13537.2,-5638.2,-3826.5,-7187.5,-17179.0,-21906.3,1.48e-06,0.000208,0.000302,0.000372,0.00014,0.000145,6.54e-05,0.000195,0.000193,0.000365,0.000421,7.74e-05,0.00013,-0.0419,7863.5,6763.3,2004.5,16631.3,1741.8,4524.2,12774.8,3095.3,3078.8,5205.7,3856.4,11794.2,-3.04e-05,0.00036,0.000355,-0.000302,0.000137,0.000511,0.000221,5.89e-05,0.000143,1.05e-06,-0.000204,0.000228,8.45e-05,-1698.7,13284.4,7024.1,-4721.6,13888.3,6502.6,15466.8,2398.0,1407.1,-775.2,-4982.2,11490.2,5978.6,-225.3,1151.2,2312.9,2500.1,5739.0,1447.6,3516.4,4099.6,467.7,87.26,700.3,1639.3,3823.7,-5.2e-06,3.01e-05,9.94e-05,0.000325,4.75e-05,0.000106,4.82e-05,6.28e-05,2.9e-05,1.35e-05,5.89e-05,2.97e-05,4.24e-05,0.0244,0.0256,0.0205,0.015,0.0199,0.0208,0.0195,0.0183,0.0231,0.0245,0.0215,0.0217,0.019,922326.9,1033597.3,562980.9,168203.9,2656661.2,305505.3,1546158.8,1301692.1,476567.4,259078.4,326517.5,1354969.1,1874588.5,0.000235,0.000476,0.000393,4.2e-05,0.000272,0.000367,0.000314,0.000209,5.73e-05,4.17e-05,-4.71e-05,0.000348,0.000296,8338.8,16044.5,5773.6,-2651.4,27505.5,4429.1,19924.1,11430.7,202.6,-252.1,-2351.0,16074.8,22873.8,0.000501,0.000522,0.000218,9.48e-06,0.000335,0.000135,0.000301,0.000269,0.000467,0.000342,0.000383,0.000412,0.000338,16565.8,14049.2,-2318.3,-4788.9,23507.8,-725.8,12705.2,9968.8,5170.5,998.8,602.4,13538.9,19063.0,11563389.8,13166580.6,-8096569.2,11504063.3,26218469.2,2853304.4,25361322.4,11738150.2,-4908780.0,-6074192.6,-18507980.9,14480319.0,28273944.8,10271289.0,19941356.5,14687083.1,1028224.3,45730755.5,-119644.5,30198188.0,23450204.2,12402680.9,11792706.1,-922461.4,22280551.3,33447719.2,26978790.6,30090588.3,6157675.0,7473991.0,69239918.1,4662079.7,37135695.2,33806230.8,25814296.8,1663208.0,12860059.5,35433687.4,38763541.6,-4135764.9,-4483930.5,-2260324.6,-564615.4,-11444635.5,-1402537.1,-12885214.6,-5529980.8,-2031399.8,-1066212.0,-3070420.2,-5914654.6,-8010698.5,-8010698.5
6.year_inc#c.ivparm1,-21053.9,-46189.3,-62666.5,-27301.6,-157211.4,-19820.1,-73691.3,-74935.8,-19128.8,-9629.6,-24089.8,-82275.6,-118262.6,-14269.3,-31320.6,-36944.6,-17708.5,-100243.0,-12595.1,-47964.2,-42780.9,-14222.9,-6705.1,-18706.7,-57462.1,-73424.9,-9.82e-06,0.000403,0.000624,0.000821,0.000284,0.000502,0.00022,0.000254,0.000502,0.00039,0.000588,0.000317,0.00021,-541.8,14966.4,13995.0,3645.3,32064.9,5960.8,15604.8,15479.2,8591.6,3374.5,6363.1,16585.7,17512.4,-2.84e-06,0.000729,0.000916,0.000263,0.000396,0.000635,0.000454,0.00048,0.000229,0.0004,0.000134,0.000302,0.000396,-1345.9,25190.7,17113.1,-2564.0,38393.8,6244.0,30607.8,28028.4,1384.0,2442.7,-3341.0,10365.4,30765.8,-424.9,408.9,6624.1,4763.5,11371.6,2167.1,10166.0,5317.8,1345.4,365.6,1168.3,6053.8,7859.2,-1e-05,1.25e-05,0.000267,0.000658,9.7e-05,0.000162,0.000137,8.63e-05,7.68e-05,4.35e-05,0.000103,0.000108,9.15e-05,0.044,0.0535,0.0408,0.0294,0.0388,0.0396,0.0372,0.0358,0.048,0.0502,0.0456,0.0424,0.0366,1602090.8,2143249.9,1203989.1,341563.6,5264263.3,593877.1,3010949.6,2586891.3,1039817.1,558399.6,705806.9,2677371.9,3630569.0,0.000707,0.00126,0.00106,0.000383,0.000758,0.000644,0.000778,0.000649,0.000784,0.000948,0.00053,0.000893,0.000769,24949.3,40296.9,13125.5,-5159.6,73212.1,6200.0,48340.1,35541.3,12532.0,8131.5,3832.0,37670.8,54480.1,0.000906,0.00112,0.000547,0.000144,0.000664,0.00025,0.000573,0.000633,0.000974,0.000967,0.000732,0.000704,0.000664,26414.3,21719.3,-13919.6,-12964.6,21249.4,-6996.6,14177.2,16670.8,10253.0,5643.4,-2120.2,4578.6,17993.0,19664747.5,35494682.5,8807954.6,-3465173.7,60724730.4,14131296.1,44632090.5,22423499.5,11078186.5,-3418152.7,7666321.1,38301230.9,35515247.8,16696176.8,30625219.8,55802556.1,4886860.0,107854895.8,16214440.2,84056441.5,30868604.8,-391222.2,96490.2,-1780579.6,76986291.0,92031677.8,52408548.8,52180144.1,44981583.8,7311799.2,159074580.6,9612024.6,85791883.1,93737766.8,30453525.6,9719563.2,32110131.6,65336813.8,119009030.4,-7373895.2,-9875620.2,-5073165.1,-1228172.9,-23550853.5,-2919014.9,-27120242.9,-11489774.7,-4169025.0,-2144744.0,-5793639.7,-12061078.8,-16462813.6,-16462813.6
8.year_inc#c.ivparm1,-33535.1,-85427.6,-103099.8,-57375.5,-279437.9,-32124.0,-135639.2,-135479.0,-30993.8,-16732.8,-36638.6,-143959.0,-216320.2,-20706.8,-48583.9,-73257.6,-45382.5,-187930.8,-22991.7,-90334.6,-88475.6,-24767.6,-13456.7,-31273.7,-99455.3,-140171.6,-2.76e-06,0.000649,0.00111,0.00135,0.000462,0.000942,0.000347,0.000396,0.000733,0.00104,0.000815,0.000536,0.000333,-335.6,23708.5,25512.7,2595.0,51480.6,11508.9,24433.2,23250.1,13129.2,9795.2,8443.4,28230.5,26842.5,-3.8e-05,0.00116,0.00211,0.000699,0.000756,0.000302,0.000893,0.000703,0.000704,0.00044,0.000142,0.000818,0.000834,-3305.5,38913.1,45001.2,-5578.2,75030.5,-781.0,61612.1,38270.3,9024.1,1771.7,-6716.6,36760.1,66787.4,850.5,2362.2,5376.9,8503.8,17093.4,3195.4,13932.7,10576.7,219.4,-50.43,-643.3,6516.7,13678.6,2.3e-05,6.4e-05,0.000225,0.00121,0.000148,0.000238,0.000189,0.00017,1.9e-05,5.61e-06,-4.5e-06,0.000121,0.000161,0.0578,0.0792,0.0638,0.0442,0.0556,0.0566,0.053,0.0513,0.0687,0.0707,0.0663,0.0606,0.0523,2099696.2,3080115.2,1951642.4,561921.8,7700457.5,873756.1,4387843.3,3780419.2,1587937.9,837112.1,1057976.5,3920038.3,5238763.5,0.00109,0.00212,0.00154,0.000761,0.00115,0.001,0.00112,0.00102,0.00119,0.00157,0.00112,0.00131,0.00117,38647.2,67555.4,12566.2,-15252.0,103516.9,9065.0,65335.5,51456.8,19920.8,13859.4,10537.4,52060.1,74531.1,0.00128,0.0018,0.00107,0.000143,0.000996,0.00049,0.000964,0.000933,0.00153,0.00157,0.00103,0.00107,0.000963,36851.7,34352.9,-27090.3,-35796.6,8317.6,-12226.2,18585.9,8629.7,16196.3,8318.1,-6184.0,-312.1,4347.5,45445654.8,69648989.4,27813377.7,12889839.9,155632477.9,34043782.2,76058848.1,94428726.9,47984025.1,25392491.5,18100296.1,61203751.1,73604670.7,30151346.8,56107123.9,86961726.5,19789606.4,193199728.2,23736642.2,114509762.9,71146473.3,45932412.5,19940946.2,23228185.5,122053254.9,123530673.5,62653047.8,98331562.0,70797345.3,199289.5,228697030.6,25671001.4,163632069.4,115547288.4,56887083.3,15566930.3,26967852.4,113149742.2,146138945.9,-9981765.4,-14920936.3,-8723442.3,-2033105.4,-35659249.3,-4414577.7,-40929495.7,-17624562.5,-6559281.6,-3462326.5,-8869926.2,-18034686.8,-24685390.0,-24685390.0
10.year_inc#c.ivparm1,-33661.3,-120792.3,-159039.3,-103150.5,-416643.4,-47449.0,-216641.4,-202924.9,-48828.3,-25183.2,-48559.5,-213718.5,-320366.1,-21009.8,-92127.1,-111144.5,-85876.5,-310157.8,-35296.6,-152273.9,-149019.1,-36632.4,-20559.8,-43827.2,-161138.7,-238228.8,-3.61e-06,0.000752,0.00142,0.00224,0.000591,0.000973,0.00049,0.000497,0.000794,0.00091,0.000597,0.000696,0.000483,-371.5,25748.9,32673.8,4522.9,62574.2,10947.6,33827.1,27330.0,14392.8,8383.3,3641.6,35244.2,37233.8,-3.51e-05,0.00155,0.00282,0.000619,0.000954,0.000942,0.000999,0.000774,0.00165,0.0021,0.00116,0.00116,0.000801,-3260.8,47227.4,59430.8,-18225.1,85172.3,6043.3,64232.3,35455.5,27246.9,18555.8,5881.0,49716.8,51882.1,97.7,2830.0,10544.2,6883.3,20355.2,2751.1,19169.0,9076.0,-1158.3,-1194.7,-2064.6,11279.2,18762.4,3.5e-06,8.13e-05,0.000411,0.00134,0.000184,0.000218,0.000262,0.000164,-4.13e-05,-9.15e-05,-7.99e-05,0.000206,0.000229,0.0655,0.105,0.0854,0.06,0.0704,0.0714,0.0669,0.0647,0.0876,0.0866,0.085,0.077,0.0659,2402900.7,3965310.2,2686657.4,840082.5,9916501.1,1128188.7,5634647.8,4854857.0,2143184.6,1089282.0,1399062.1,5061644.1,6645127.9,0.00108,0.00341,0.00253,0.00123,0.00162,0.0016,0.00163,0.00132,0.00192,0.00231,0.002,0.00198,0.00158,38000.9,102465.6,26083.7,-30326.1,136224.1,15096.0,90869.4,59806.5,34492.2,21586.3,22161.2,76417.6,86635.8,0.00154,0.00262,0.00166,0.000478,0.00134,0.000805,0.00137,0.00128,0.00217,0.00278,0.00139,0.00142,0.00124,46703.3,31930.3,-39035.5,-65103.3,-25505.2,-17910.8,11808.3,-5689.9,24374.9,18126.6,-8837.7,-19815.3,-31969.3,49405656.0,95930421.6,78732901.0,1699490.4,226416389.9,43585339.6,127360729.3,140749417.4,61937048.2,39989132.6,46784539.6,85666972.5,120894002.1,30505452.9,75888742.1,95941295.7,13656846.9,217426628.4,28997365.4,116279739.8,94946811.4,43416126.1,21567580.6,21083354.2,122479817.1,145013136.9,73081636.3,128796733.8,94455684.2,11504549.9,308117564.3,21868665.4,173277382.6,171627776.7,63401571.0,29915891.8,39436101.1,136489787.6,222847327.9,-11278035.8,-20643128.7,-12567484.6,-2973925.8,-47462574.8,-5927127.4,-54573070.1,-23939030.5,-9076738.0,-4929607.5,-11784322.0,-23523544.3,-32458709.5,-32458709.5
12.year_inc#c.ivparm1,-26552.4,-169024.4,-246131.9,-157182.0,-598890.7,-75602.3,-325850.8,-296700.1,-67897.9,-34688.6,-66186.3,-302190.5,-455390.4,-21575.7,-117311.1,-172868.6,-135607.7,-447363.1,-50621.3,-233312.7,-216464.9,-54466.6,-29009.8,-55719.9,-230898.2,-342275.2,-2.55e-05,0.00081,0.00178,0.00326,0.000723,0.00137,0.00062,0.00067,0.0011,0.00158,0.00122,0.000783,0.00053,-1236.5,26897.8,39786.1,7670.1,73117.4,15591.6,41258.1,36152.5,20615.9,15942.1,12627.8,36964.9,36909.9,-5.22e-05,0.0022,0.00352,0.000292,0.00117,0.00106,0.00119,0.00106,0.0015,0.000979,0.000963,0.0013,0.0011,-4013.1,67562.7,69684.2,-37874.8,95359.0,4536.1,70923.0,47026.8,21888.5,5018.2,-370.6,48332.2,68934.3,863.0,4305.1,14954.7,5219.9,25342.7,3081.8,20531.8,12412.4,1221.5,299.9,-839.5,12930.3,21039.4,2.31e-05,0.000123,0.000576,0.00152,0.000235,0.000253,0.000291,0.000225,7.39e-05,5.03e-05,7.89e-06,0.000244,0.000271,0.0656,0.134,0.109,0.0758,0.0843,0.0837,0.0807,0.0778,0.102,0.0997,0.0967,0.0917,0.0794,2419568.1,4974115.5,3492521.9,1149080.9,12039393.9,1348582.9,6882842.0,5924311.9,2638297.6,1324485.4,1648065.6,6115082.0,8052513.4,0.00106,0.00383,0.00349,0.00189,0.00184,0.00212,0.00183,0.00154,0.002,0.00242,0.00209,0.0022,0.00179,37489.1,109787.5,30247.8,-46751.3,130773.1,19326.2,86071.2,60174.0,35136.6,22515.4,21880.1,70599.1,76310.3,0.00174,0.00327,0.0025,0.00112,0.00169,0.000878,0.00165,0.00151,0.00281,0.00314,0.00211,0.0019,0.00156,54170.1,36473.4,-62775.5,-97045.7,-69177.7,-29752.8,-18043.8,-33072.0,29910.0,18596.8,-4960.2,-36105.7,-69334.8,43741341.9,128916846.0,124091623.8,4466170.9,301840514.0,67748016.5,184447689.2,196335950.0,84713064.0,51016310.4,62998012.0,105504564.0,149379433.6,44875410.0,124982938.5,163609773.7,15672603.6,349104409.1,37279777.8,200738851.8,155097820.0,95780653.1,76834185.4,45875963.0,194006589.1,216043978.2,62089220.3,103150120.6,128090603.4,-11262225.7,282319577.8,46688510.7,161368836.4,156974673.3,64835121.0,28148961.2,54054035.8,125344904.5,170795946.2,-11456777.4,-25457046.2,-16984778.8,-4099390.0,-57997992.4,-7264784.4,-66469919.2,-29614994.1,-11624712.1,-6170675.2,-14779641.1,-28382998.3,-39108495.9,-39108495.9
14.year_inc#c.ivparm1,-29251.9,-198097.5,-320882.7,-237861.1,-786093.2,-103560.1,-424174.5,-381666.4,-101623.0,-48677.2,-97205.9,-404426.8,-580910.1,-18427.9,-148238.1,-247245.8,-215698.5,-629610.3,-78773.5,-342491.5,-310240.0,-73535.9,-38514.9,-73383.7,-319370.3,-477300.9,-4.67e-05,0.00141,0.00283,0.00386,0.00106,0.00175,0.000811,0.000975,0.00183,0.00197,0.00281,0.00115,0.000755,-2071.1,47275.9,64903.6,-1910.8,108197.6,18625.9,52017.3,52822.8,37596.8,20622.5,37480.1,55374.8,51974.9,-8.18e-05,0.00217,0.00258,0.00157,0.000957,0.0011,0.00109,0.000935,0.0016,0.00153,0.000139,0.000987,0.000767,-4960.7,59940.7,26388.8,-42184.9,39183.9,-1239.8,50739.4,24797.0,21830.2,10194.1,-18727.0,14386.9,18593.5,191.1,7723.4,23268.1,13043.7,44226.3,4797.6,29716.2,23581.9,4273.7,1136.2,2223.8,20644.4,35155.0,5.52e-06,0.000221,0.000874,0.00252,0.000393,0.000393,0.000423,0.000401,0.000207,0.000123,0.000204,0.000379,0.000441,0.0637,0.159,0.13,0.0938,0.0961,0.094,0.092,0.0891,0.114,0.111,0.108,0.104,0.0912,2448639.8,5716217.8,4205303.5,1533089.9,13914398.9,1544995.2,7932263.7,6875805.1,3102703.2,1553802.8,1897945.8,7038593.8,9266700.5,0.00118,0.00507,0.00512,0.00273,0.0024,0.00265,0.00233,0.00204,0.0028,0.00291,0.00307,0.00282,0.0023,43961.5,142447.7,48950.9,-75624.3,159735.8,20713.9,97771.9,74851.1,52612.3,27838.9,35563.3,84884.7,86409.5,0.00156,0.00414,0.00305,0.0012,0.00181,0.000775,0.0018,0.00162,0.00327,0.00364,0.00217,0.00202,0.00163,50666.6,42210.2,-106407.5,-161846.2,-175376.8,-55324.7,-77522.0,-87364.7,31696.0,20209.1,-15634.1,-88012.1,-151748.1,35553295.7,134795845.9,157547364.5,6996480.6,333926079.7,46203105.2,214634710.8,200735738.1,83242881.3,43938852.8,45075926.3,133190341.6,204480093.2,50118720.6,154022758.4,149288119.1,8750318.0,363423017.6,28623125.7,214364890.4,177636278.0,122980220.4,75256889.8,54859335.8,185786739.7,211819671.5,51283147.5,147692803.2,112109314.2,-16392004.7,296567985.9,35907469.2,179788641.4,130583159.9,65784901.0,10672709.4,40912972.3,165984826.0,194875615.8,-11328474.1,-30314204.7,-20820971.1,-5682734.9,-68146384.8,-8804795.7,-78914580.7,-35490442.7,-13803429.9,-7324697.9,-17260752.8,-32655942.1,-45538159.2,-45538159.2
16.year_inc#c.ivparm1,-34698.3,-228412.4,-412872.3,-326698.4,-1002681.4,-130126.8,-550887.5,-491405.4,-137588.9,-65421.8,-115099.3,-511276.0,-734965.7,-19541.1,-174239.1,-318635.8,-304396.6,-816812.6,-106722.6,-440870.4,-395206.1,-107260.7,-52503.2,-104374.8,-421606.6,-602829.4,-3.05e-05,0.00151,0.00349,0.00452,0.00118,0.00183,0.000859,0.000987,0.00188,0.00172,0.00251,0.00139,0.000889,-1469.1,48502.5,78355.8,-12099.7,113289.5,17064.5,51058.9,48350.4,37735.7,17252.7,29601.5,64939.1,58489.3,-2.76e-05,0.00258,0.00357,0.000959,0.00108,0.000521,0.00134,0.00114,0.00135,0.00174,0.000239,0.00102,0.00109,-2943.9,68812.8,41303.4,-79358.8,27813.5,-16626.4,59967.8,27354.9,9817.2,10583.5,-25890.8,458.6,34622.7,-118.7,5892.7,28855.9,21622.9,56252.9,7130.6,38675.0,31979.4,4431.1,877.8,4482.3,24273.4,44691.2,-2.46e-06,0.000177,0.00109,0.00354,0.0005,0.000559,0.000552,0.000536,0.000218,0.00011,0.000354,0.000454,0.000564,0.0638,0.177,0.158,0.109,0.107,0.102,0.103,0.0999,0.127,0.124,0.12,0.115,0.102,2588303.2,6165291.1,5049391.2,1895245.3,15740403.8,1729903.3,8993158.5,7817920.0,3636095.2,1815076.3,2190349.5,7922483.8,10374405.4,0.00136,0.00613,0.00653,0.00346,0.00282,0.00258,0.00295,0.00253,0.00303,0.00324,0.00264,0.0032,0.00285,52673.1,168390.7,61517.2,-110270.9,172310.0,13023.9,122832.6,91757.4,54731.9,30603.9,23053.9,80552.7,104554.3,0.00147,0.00481,0.00332,0.00203,0.00191,0.000654,0.00196,0.0017,0.00348,0.00371,0.00263,0.00215,0.00174,48642.9,43082.2,-157456.9,-221388.2,-287120.0,-81072.3,-129177.6,-137854.4,18442.4,13981.9,-28615.9,-149265.6,-224490.1,29074988.3,162301120.0,242981250.0,-10293019.6,424188798.5,43844814.2,271146430.7,247987847.2,109538617.7,45656326.3,47478467.6,176200951.3,270805366.5,51880454.8,207198591.8,201077827.2,20355164.5,481034357.3,39762493.6,300229715.3,156099785.9,133134572.6,49867609.7,65685910.6,324934571.5,308137291.2,76952723.8,175787639.6,181539146.3,25206425.0,462711437.0,26955531.5,271223784.4,179076374.9,118994914.8,26587488.9,82187275.2,283635062.1,316760990.7,-11631254.6,-33098129.4,-25168606.1,-6901041.0,-76799031.2,-10012865.3,-89352165.6,-40682962.6,-16013503.9,-8469448.5,-19117687.1,-36116068.6,-50772662.0,-50772662.0
18.year_inc#c.ivparm1,-36774.1,-249292.5,-495838.6,-434875.2,-1216780.3,-155552.8,-673234.8,-599780.2,-173811.3,-78183.5,-141932.7,-617000.1,-887416.1,-24399.6,-189059.2,-391619.1,-428323.0,-1033400.9,-133288.7,-567586.1,-504945.1,-143226.5,-69247.8,-122250.0,-528455.8,-756885.7,-2e-05,0.00164,0.00422,0.00527,0.00124,0.00142,0.00103,0.00108,0.00231,0.00182,0.00285,0.00143,0.000925,-1121.4,52139.8,91106.4,-33570.9,108554.0,8101.0,58725.8,47459.8,47694.3,17960.5,34800.5,61094.2,52758.7,-2.82e-05,0.00365,0.0039,0.000825,0.0012,0.000708,0.00132,0.00098,0.000952,0.00115,0.000189,0.00146,0.00133,-3462.6,103777.9,31764.2,-118677.9,13401.5,-19530.7,43865.3,-639.3,-6802.1,-233.0,-31750.2,14040.8,39734.4,-424.8,8307.0,34833.6,20505.5,63221.3,6719.5,47327.4,30637.1,10040.5,2222.1,2774.4,32584.3,46461.3,-9.85e-06,0.000248,0.00135,0.00423,0.000574,0.000558,0.000681,0.000551,0.000435,0.00022,0.000257,0.000595,0.000619,0.0647,0.188,0.179,0.129,0.116,0.108,0.111,0.109,0.137,0.136,0.128,0.123,0.11,2775138.6,6504965.8,5574609.4,2354436.1,17273288.9,1897124.8,9799971.4,8641154.8,4131627.0,2087858.3,2447008.8,8632134.1,11244537.2,0.00125,0.00707,0.00798,0.00422,0.00304,0.00252,0.003,0.00275,0.00411,0.00399,0.00389,0.0034,0.0029,49436.5,195613.2,70051.8,-166264.2,148837.3,6427.1,93327.5,83447.4,79777.8,39161.3,43666.0,65389.9,62632.4,0.00135,0.00529,0.00379,0.00222,0.00188,0.000582,0.00194,0.00168,0.00343,0.00361,0.00272,0.0021,0.00171,42893.1,47531.6,-206338.5,-322383.5,-438297.3,-104708.2,-215581.4,-213156.9,-2160.7,3793.9,-38092.5,-225140.3,-331428.4,43919100.9,168690804.9,275739797.8,-63765500.3,423723127.6,50813363.1,266232476.7,215871536.7,137586856.1,50215744.3,53607604.2,207851590.9,235322908.4,29394488.3,229409641.4,159811482.8,-20139709.6,399355837.0,45715009.2,231597576.8,167298930.4,132990742.1,49412386.9,35966795.1,232056906.5,220650085.7,80675680.9,230730869.3,181409322.4,-25720860.9,468006635.2,64733018.8,278329082.8,202842371.8,107222913.1,33585662.5,85251896.2,265164263.4,296050703.3,-12580562.1,-35280246.8,-28690625.5,-8766113.5,-85317548.0,-11067624.3,-99415599.0,-45710957.6,-18496235.9,-9690832.5,-22033175.1,-39606590.4,-55753687.7,-55753687.7
20.year_inc#c.ivparm1,-31157.5,-268144.7,-586254.3,-558753.4,-1444309.8,-179911.7,-812354.8,-709754.0,-227815.0,-102074.9,-176681.0,-734555.8,-1036583.1,-22388.1,-197081.0,-474391.4,-553639.2,-1247499.7,-158711.5,-689949.0,-613319.8,-179449.0,-82009.5,-149032.0,-634179.9,-909339.2,-1.89e-05,0.0019,0.00536,0.00747,0.00158,0.00152,0.0013,0.00126,0.00266,0.00268,0.00272,0.00195,0.00129,-1080.6,61077.7,112585.9,-29205.2,143377.8,7170.0,74283.3,53557.9,56562.5,29610.4,30388.1,89819.9,79645.3,-2.32e-05,0.00369,0.0032,-1.08e-05,0.000768,0.00111,0.000927,0.000784,0.00159,0.00121,0.00091,0.000756,0.000454,-3116.0,104849.7,-12122.9,-173200.4,-83589.6,-18191.9,-4833.5,-32919.5,3510.2,-1343.0,-26156.8,-50670.1,-68907.9,-290.5,6498.9,34899.5,29356.9,70464.9,5725.2,42443.6,33545.4,11903.4,6623.6,3958.5,36919.5,52836.3,-6.77e-06,0.000196,0.00144,0.00554,0.000655,0.00052,0.000661,0.000624,0.000501,0.000545,0.000337,0.000683,0.000727,0.0666,0.195,0.204,0.148,0.125,0.114,0.12,0.118,0.147,0.147,0.138,0.132,0.119,3014415.9,6792519.1,6201919.7,2800761.4,18913582.7,2072827.4,10662214.9,9503728.9,4658166.6,2365727.6,2738664.1,9409853.7,12182588.7,0.0012,0.00739,0.00995,0.00485,0.0032,0.00239,0.00317,0.00281,0.00463,0.00436,0.004,0.00368,0.003,49361.7,205728.3,88525.3,-225308.7,118306.7,-994.9,75269.0,62287.7,91766.4,44238.3,42578.3,56019.0,27535.2,0.00119,0.00557,0.00416,0.00275,0.00179,0.000498,0.00171,0.00165,0.00331,0.00399,0.00263,0.00196,0.00162,39192.1,51770.6,-267296.7,-420211.3,-596545.2,-127702.4,-318063.7,-289160.6,-25039.9,3034.1,-57490.9,-307384.6,-443803.0,43657819.9,224890896.2,290511102.7,-72885552.0,487572841.6,40063488.3,248332296.2,223081542.0,178067124.3,58169716.2,99879384.7,264491299.6,269442229.1,31952730.3,182950162.2,162881550.7,-46739998.8,333732375.5,25429345.3,155841292.1,130368143.0,126530484.6,52210734.5,57135186.6,203364232.5,181772545.6,102077090.1,204910411.9,123048649.5,-15832206.5,416910026.0,41119157.7,251993243.0,188949750.8,109592236.2,31715357.4,92580592.1,227960275.3,266198632.1,-12726763.5,-36835781.8,-32080861.7,-10121436.2,-91764843.2,-12065496.6,-106640374.1,-50061524.8,-20415347.6,-10907887.2,-23571013.7,-41703318.4,-59283999.0,-59283999.0
22.year_inc#c.ivparm1,-31318.7,-278527.4,-685780.4,-684008.6,-1679635.1,-207561.0,-941565.7,-831695.9,-292240.7,-129676.6,-215085.5,-847939.2,-1179833.3,-19150.0,-199876.6,-563749.9,-692252.9,-1475029.3,-183063.1,-829059.1,-723293.8,-233452.7,-105901.0,-183838.4,-751735.6,-1058513.5,-1.75e-05,0.00219,0.00647,0.00748,0.00164,0.00177,0.00119,0.00139,0.00338,0.00302,0.0038,0.00192,0.00111,-1006.3,71746.4,134871.8,-69440.7,136171.2,9311.9,56607.0,55305.2,74821.3,33551.0,48271.2,80866.0,52038.0,-2.31e-05,0.00259,0.00491,4.4e-05,0.000665,0.000603,0.000989,0.000548,5.11e-05,0.000508,-0.00134,0.000807,0.000811,-2858.5,66161.0,19526.4,-216191.2,-133362.4,-32320.9,-15900.4,-67493.7,-50740.1,-16262.3,-79360.4,-65868.7,-50301.4,2263.3,5052.6,42226.7,34952.6,84495.2,6823.4,53754.6,45485.6,13697.8,8824.5,9332.4,39009.5,63974.0,4.99e-05,0.000155,0.00174,0.00674,0.000781,0.000609,0.000834,0.000811,0.000563,0.000694,0.000637,0.000738,0.00088,0.0666,0.195,0.227,0.168,0.131,0.12,0.127,0.125,0.152,0.153,0.143,0.139,0.125,3180465.6,6822323.9,6803245.3,3252902.1,20156970.7,2228974.2,11358808.2,10164967.7,5075072.9,2583260.2,2957138.1,9992003.1,12852923.6,0.00106,0.00794,0.0111,0.00649,0.00336,0.00222,0.00313,0.00323,0.00494,0.0051,0.00471,0.00355,0.00316,45432.9,226765.4,82251.3,-270038.7,84410.9,-9422.2,34366.9,69348.7,95621.2,52644.8,51504.3,15062.2,-1788.0,0.00144,0.00571,0.00486,0.00319,0.00186,0.000424,0.00171,0.00169,0.00339,0.00422,0.00276,0.00206,0.00167,54277.3,55849.0,-322774.6,-531991.8,-744640.2,-149994.0,-412687.0,-362393.2,-54862.9,-7625.7,-78629.2,-382246.9,-539783.3,55599075.8,173597123.6,347583852.8,-228296281.8,347702765.5,32865197.5,237824208.1,162434837.9,144576402.0,70026003.2,68013388.0,185267927.7,170261166.0,86564408.2,187328115.8,204054847.4,-71003857.5,409326068.6,41796456.6,233852943.2,163142831.6,110383410.1,82177541.4,64131372.9,246183237.1,257146202.0,131728007.2,222825940.2,118098666.7,-22509754.0,452457887.4,46140795.3,251125712.2,226475609.2,151023962.3,66918805.4,92660212.3,225982278.1,255293129.8,-13402716.1,-36987397.4,-35783173.9,-11480433.4,-97653720.8,-13012973.8,-113407669.8,-54065353.0,-22344815.6,-11968213.3,-25197843.7,-43588367.8,-62295931.4,-62295931.4
24.year_inc#c.ivparm1,-32746.6,-285048.8,-763013.9,-820493.3,-1901302.6,-228919.6,-1058771.4,-915733.7,-356368.2,-152593.1,-257399.5,-985568.9,-1316014.8,-17018.5,-220667.8,-630731.9,-841936.3,-1710354.5,-210718.1,-958313.9,-845235.6,-297878.6,-133502.8,-222089.6,-865118.9,-1201757.8,-1.62e-05,0.00191,0.00682,0.00835,0.00147,0.00148,0.0011,0.00137,0.00257,0.00296,0.00274,0.00158,0.00113,-946.4,62507.9,133715.6,-103001.2,92275.8,1042.4,39510.1,43575.7,47886.0,31286.2,24141.6,48700.1,43347.4,-1.04e-05,0.00293,0.00541,-0.000303,0.000619,0.000378,0.000734,0.000219,0.000881,7.64e-05,-0.000216,0.00108,0.000553,-2128.2,78250.0,13465.5,-267496.4,-177909.1,-42633.2,-53167.0,-113373.8,-40863.8,-28967.2,-69420.5,-64535.3,-94412.0,117.4,5815.8,44468.2,25407.8,75809.2,6514.0,48157.3,33292.3,13515.2,7552.1,13791.0,42517.0,55780.0,1.84e-06,0.000173,0.0019,0.00736,0.000762,0.000637,0.000818,0.000706,0.000562,0.000605,0.000873,0.000813,0.000851,0.0692,0.193,0.248,0.184,0.138,0.125,0.134,0.132,0.16,0.162,0.15,0.144,0.131,3441491.8,6943205.7,7231718.1,3626115.1,21328185.9,2357839.5,11977284.0,10798251.6,5567022.2,2843639.2,3202173.6,10529934.4,13403324.2,0.00118,0.00742,0.0124,0.00765,0.00331,0.00202,0.00304,0.00303,0.00492,0.00512,0.00445,0.00368,0.00311,52794.7,208910.2,83619.5,-329609.3,15715.2,-19769.2,-9817.2,23470.9,87442.4,50072.2,40467.4,-7755.7,-51958.0,0.00179,0.00552,0.00603,0.00382,0.00201,0.000416,0.00181,0.00186,0.00408,0.00484,0.00313,0.00218,0.00167,73517.3,38093.5,-348866.3,-649723.6,-886979.2,-174309.2,-492879.8,-433257.8,-74148.0,-14494.2,-98021.1,-453721.4,-638521.9,61536809.8,205417191.5,450747641.7,-373383013.6,344894680.4,10167651.1,269585061.4,128007022.8,183546443.3,101001688.5,130795584.3,216887657.6,151180586.0,73732602.4,222926895.1,192332773.1,-117729703.9,371784815.6,60292729.4,228647063.2,139688982.3,142689384.4,52694809.4,87867401.3,232095833.3,168802701.7,113831479.0,222366810.5,156884589.7,-40242988.1,453537294.7,36575064.4,255030077.0,170515990.4,162483690.5,40378196.5,125821411.8,283021304.4,254478539.9,-14151545.5,-37854636.6,-38226307.7,-12500806.3,-102733296.0,-13897542.6,-120128949.1,-57713675.5,-23932164.2,-13262658.7,-26223928.8,-45019620.5,-64903589.2,-64903589.2
26.year_inc#c.ivparm1,-33742.4,-275061.8,-809555.0,-965077.5,-2083436.8,-247262.3,-1150195.1,-1005115.5,-413006.4,-179366.3,-289026.0,-1078321.3,-1423168.0,-23379.6,-214123.7,-687548.7,-1006969.7,-1932021.8,-232069.7,-1075628.5,-929273.4,-362006.1,-156419.3,-264422.8,-1002748.4,-1337946.0,-1.19e-05,0.00172,0.00653,0.00903,0.00112,0.000813,0.000907,0.00098,0.00186,0.00233,0.00124,0.00127,0.000926,-832.8,58050.9,114456.0,-148979.6,22694.5,-13107.3,15305.7,4707.8,22256.0,20588.1,-10915.7,17986.8,13545.8,-5.67e-05,0.00349,0.00591,0.000436,0.000726,0.000686,0.000607,0.000806,0.00159,0.00145,0.00136,0.000648,0.00044,-4955.0,103665.9,10236.8,-306628.3,-197680.7,-42003.7,-79122.8,-79256.6,-32166.4,-12217.9,-49434.2,-118424.0,-123510.6,1242.1,9356.7,42664.8,17063.3,70327.0,8289.7,39194.6,30042.1,21317.8,9039.0,13166.4,40284.8,40719.4,2.58e-05,0.00026,0.00188,0.0083,0.000758,0.000751,0.000755,0.000697,0.000811,0.000691,0.00084,0.000811,0.000751,0.0724,0.192,0.263,0.202,0.144,0.13,0.14,0.138,0.168,0.171,0.156,0.15,0.136,3698803.0,7206987.3,7479927.8,3984951.4,22460258.8,2508938.7,12566441.2,11400402.4,6076744.5,3125722.4,3435677.6,11059856.4,13874575.6,0.00122,0.00769,0.0123,0.00959,0.00325,0.00223,0.00304,0.00345,0.00487,0.00633,0.00425,0.00309,0.00297,55039.6,229284.6,49797.7,-384964.3,-50842.4,-21283.6,-41682.7,37522.9,78115.1,67149.2,29745.0,-88365.3,-107673.8,0.00148,0.00516,0.00683,0.00429,0.00181,0.000328,0.00163,0.00182,0.00341,0.00444,0.0025,0.00181,0.00156,57144.4,35630.5,-379179.2,-786633.9,-1073038.1,-194671.6,-590430.4,-495910.7,-134247.5,-34036.0,-140673.0,-577127.5,-744119.1,53419707.6,233906261.1,471744676.9,-524881754.0,233826264.6,-18767568.6,178803677.4,113386810.4,196825527.3,139584378.5,83281953.9,120439454.3,55768306.0,65251197.4,245190404.7,290431786.2,-117153394.6,484475423.8,42387341.4,236831383.5,133504792.5,240950348.8,79064054.7,112764380.0,350970631.2,201137733.5,126942802.2,257937589.6,176653757.7,-98140398.4,464798724.8,39899426.1,306977388.9,174204982.5,127804290.1,50424957.4,82249891.3,290593742.4,297095008.6,-15191813.7,-38679086.5,-39379240.2,-12806885.2,-106057025.6,-14768023.3,-124158899.9,-60721505.3,-25329176.2,-14536055.0,-26521088.3,-45335520.3,-65959826.1,-65959826.1
_cons,40782442.3,36924162.3,21232486.1,7026309.4,121486862.5,13048177.6,71756384.4,64921386.4,15938231.1,8323679.1,13630273.5,56565476.1,92500453.9,41335359.4,38106169.2,23001303.8,9187986.5,127202604.5,13705272.5,74435827.7,67742456.0,16426603.4,8552161.4,14564892.7,59460148.5,97070728.6,0.0104,0.025,0.087,0.324,0.0515,0.0965,0.0275,0.055,0.074,0.0846,0.145,0.0474,0.0413,431240.7,951177.5,2001194.9,2973052.6,6545477.8,1322283.6,2043907.3,3725837.7,1215793.8,723823.3,2106044.6,2819640.0,4007400.4,0.0823,0.115,0.212,0.313,0.134,0.227,0.0918,0.129,0.217,0.216,0.286,0.139,0.106,3400168.3,4371375.3,4885729.1,2876762.5,16986137.7,3104597.4,6835017.7,8732423.3,3560079.8,1844446.5,4164743.2,8253714.4,10321460.5,27584.0,85325.2,326419.0,1239966.1,1682142.4,166103.9,672183.6,1150216.3,109430.6,72237.1,345241.3,531926.1,1406607.9,0.000667,0.00224,0.0142,0.135,0.0132,0.0121,0.00903,0.017,0.00666,0.00844,0.0237,0.00895,0.0145,0.196,0.286,0.32,0.275,0.245,0.39,0.217,0.234,0.327,0.341,0.358,0.259,0.211,8117992.6,10899433.8,7367568.1,2530139.7,31210719.6,5341938.2,16165306.5,15824506.5,5378469.0,2912941.2,5209813.1,15386213.0,20490312.4,0.154,0.292,0.419,0.517,0.259,0.241,0.248,0.23,0.173,0.176,0.242,0.293,0.277,6359604.8,11114452.8,9643960.3,4745882.8,32984091.3,3300113.1,18463755.3,15568239.6,2835253.2,1501955.2,3525363.7,17415851.6,26848725.0,0.579,0.695,0.774,0.81,0.649,0.834,0.622,0.641,0.61,0.608,0.709,0.658,0.629,23950468.5,26490851.7,17812289.0,7439152.3,82545877.5,11425221.0,46288876.2,43422549.0,10019553.2,5198396.6,10322580.3,39123328.5,61101103.3,1340000000.0,1960000000.0,3870000000.0,6980000000.0,14800000000.0,2860000000.0,5240000000.0,11000000000.0,2910000000.0,2200000000.0,4440000000.0,3780000000.0,9050000000.0,1750000000.0,2480000000.0,3170000000.0,1740000000.0,9690000000.0,1230000000.0,4220000000.0,4230000000.0,1790000000.0,786416281.3,2090000000.0,5470000000.0,6680000000.0,2080000000.0,2820000000.0,2940000000.0,1310000000.0,9810000000.0,1140000000.0,4770000000.0,5380000000.0,1700000000.0,868128789.6,1820000000.0,4420000000.0,6970000000.0,2770000000.0,1350000000.0,284439948.2,-39966372.8,5630000000.0,758305107.8,6890000000.0,3640000000.0,898481616.1,633705248.5,1220000000.0,1990000000.0,3980000000.0,3980000000.0
