Unnamed: 0,n_startpop_5564,n_startpop_6574,n_startpop_7584,n_startpop_85p,n_startpop_all,n_startpop_blk,n_startpop_college,n_startpop_f,n_startpop_his,n_startpop_his_f,n_startpop_hsless,n_startpop_m,n_startpop_wht,p_cogstate1_5564,p_cogstate1_6574,p_cogstate1_7584,p_cogstate1_85p,p_cogstate1_all,p_cogstate1_blk,p_cogstate1_college,p_cogstate1_f,p_cogstate1_his,p_cogstate1_his_f,p_cogstate1_hsless,p_cogstate1_m,p_cogstate1_wht,n_cogstate1_5564,n_cogstate1_6574,n_cogstate1_7584,n_cogstate1_85p,n_cogstate1_all,n_cogstate1_blk,n_cogstate1_college,n_cogstate1_f,n_cogstate1_his,n_cogstate1_his_f,n_cogstate1_hsless,n_cogstate1_m,n_cogstate1_wht,p_cogstate2_5564,p_cogstate2_6574,p_cogstate2_7584,p_cogstate2_85p,p_cogstate2_all,p_cogstate2_blk,p_cogstate2_college,p_cogstate2_f,p_cogstate2_his,p_cogstate2_his_f,p_cogstate2_hsless,p_cogstate2_m,p_cogstate2_wht,n_cogstate2_5564,n_cogstate2_6574,n_cogstate2_7584,n_cogstate2_85p,n_cogstate2_all,n_cogstate2_blk,n_cogstate2_college,n_cogstate2_f,n_cogstate2_his,n_cogstate2_his_f,n_cogstate2_hsless,n_cogstate2_m,n_cogstate2_wht,n_nhmliv_dem_5564,n_nhmliv_dem_6574,n_nhmliv_dem_7584,n_nhmliv_dem_85p,n_nhmliv_dem_all,n_nhmliv_dem_blk,n_nhmliv_dem_college,n_nhmliv_dem_f,n_nhmliv_dem_his,n_nhmliv_dem_his_f,n_nhmliv_dem_hsless,n_nhmliv_dem_m,n_nhmliv_dem_wht,p_nhmliv_dem_5564,p_nhmliv_dem_6574,p_nhmliv_dem_7584,p_nhmliv_dem_85p,p_nhmliv_dem_all,p_nhmliv_dem_blk,p_nhmliv_dem_college,p_nhmliv_dem_f,p_nhmliv_dem_his,p_nhmliv_dem_his_f,p_nhmliv_dem_hsless,p_nhmliv_dem_m,p_nhmliv_dem_wht,helphoursyr_dem_5564,helphoursyr_dem_6574,helphoursyr_dem_7584,helphoursyr_dem_85p,helphoursyr_dem_all,helphoursyr_dem_blk,helphoursyr_dem_college,helphoursyr_dem_f,helphoursyr_dem_his,helphoursyr_dem_his_f,helphoursyr_dem_hsless,helphoursyr_dem_m,helphoursyr_dem_wht,t_totmd_dem_5564,t_totmd_dem_6574,t_totmd_dem_7584,t_totmd_dem_85p,t_totmd_dem_all,t_totmd_dem_blk,t_totmd_dem_college,t_totmd_dem_f,t_totmd_dem_his,t_totmd_dem_hsless,t_totmd_dem_m,t_totmd_dem_wht,t_mcare_dem_5564,t_mcare_dem_6574,t_mcare_dem_7584,t_mcare_dem_85p,t_mcare_dem_all,t_mcare_dem_blk,t_mcare_dem_college,t_mcare_dem_f,t_mcare_dem_his,t_mcare_dem_hsless,t_mcare_dem_m,t_mcare_dem_wht,t_caidmd_dem_5564,t_caidmd_dem_6574,t_caidmd_dem_7584,t_caidmd_dem_85p,t_caidmd_dem_all,t_caidmd_dem_blk,t_caidmd_dem_college,t_caidmd_dem_f,t_caidmd_dem_his,t_caidmd_dem_hsless,t_caidmd_dem_m,t_caidmd_dem_wht,t_oopmd_dem_5564,t_oopmd_dem_6574,t_oopmd_dem_7584,t_oopmd_dem_85p,t_oopmd_dem_all,t_oopmd_dem_blk,t_oopmd_dem_college,t_oopmd_dem_f,t_oopmd_dem_his,t_oopmd_dem_hsless,t_oopmd_dem_m,t_oopmd_dem_wht,t_qalys_dem_5564,t_qalys_dem_6574,t_qalys_dem_7584,t_qalys_dem_85p,t_qalys_dem_all,t_qalys_dem_blk,t_qalys_dem_college,t_qalys_dem_f,t_qalys_dem_his,t_qalys_dem_hsless,t_qalys_dem_m,t_qalys_dem_wht,t_est_helperct_dem_5564,t_est_helperct_dem_6574,t_est_helperct_dem_7584,t_est_helperct_dem_85p,t_est_helperct_dem_all,t_est_helperct_dem_blk,t_est_helperct_dem_college,t_est_helperct_dem_f,t_est_helperct_dem_his,t_est_helperct_dem_hsless,t_est_helperct_dem_m,t_est_helperct_dem_wht
2.year_inc,0.0,0.0,0.0,0.0,0.0,0.0,0.0,0.0,0.0,0.0,0.0,0.0,0.0,0.0,0.0,0.0,0.0,0.0,0.0,0.0,0.0,0.0,0.0,0.0,0.0,0.0,0.0,0.0,0.0,0.0,0.0,0.0,0.0,0.0,0.0,0.0,0.0,0.0,0.0,0.0,0.0,0.0,0.0,0.0,0.0,0.0,0.0,0.0,0.0,0.0,0.0,0.0,0.0,0.0,0.0,0.0,0.0,0.0,0.0,0.0,0.0,0.0,0.0,0.0,0.0,0.0,0.0,0.0,0.0,0.0,0.0,0.0,0.0,0.0,0.0,0.0,0.0,0.0,0.0,0.0,0.0,0.0,0.0,0.0,0.0,0.0,0.0,0.0,0.0,0.0,0.0,0.0,0.0,0.0,0.0,0.0,0.0,0.0,0.0,0.0,0.0,0.0,0.0,0.0,0.0,0.0,0.0,0.0,0.0,0.0,0.0,0.0,0.0,0.0,0.0,0.0,0.0,0.0,0.0,0.0,0.0,0.0,0.0,0.0,0.0,0.0,0.0,0.0,0.0,0.0,0.0,0.0,0.0,0.0,0.0,0.0,0.0,0.0,0.0,0.0,0.0,0.0,0.0,0.0,0.0,0.0,0.0,0.0,0.0,0.0,0.0,0.0,0.0,0.0,0.0,0.0,0.0,0.0,0.0,0.0,0.0,0.0,0.0,0.0,0.0,0.0,0.0,0.0,0.0,0.0,0.0,0.0,0.0,0.0,0.0,0.0
4.year_inc,-1018100.1,733557.0,1654740.6,751233.2,1991998.8,291043.0,1591526.2,1095244.8,1157627.4,589914.3,200497.8,896754.0,543328.4,0.00022200000000000003,0.000558,-0.00307,-0.00485,0.00158,0.00205,0.0025399999999999997,0.00131,0.000884,0.00023999999999999998,-0.00344,0.0018899999999999998,0.0013,-1648.1,40733.1,72740.8,192563.8,304770.5,56170.4,234723.7,148800.7,100302.1,51316.2,-21377.3,155969.8,148298.0,0.00233,0.00385,-0.0034100000000000003,-0.00212,0.00373,0.00197,0.00517,0.00285,0.00313,0.0031100000000000004,0.00237,0.00473,0.00298,10020.3,235165.4,275787.7,215671.5,746044.9,93392.5,538115.6,338012.7,305471.3,155217.8,92476.7,408032.2,347181.0,-1138.1,-2921.5,-2734.7,29249.0,22063.2,4335.4,14317.0,7106.7,7220.3,5402.7,-9851.3,14956.5,10507.5,-0.00267,-0.0036200000000000004,-0.0026899999999999997,-0.00534,-0.00224,-0.00022400000000000002,-0.007209999999999999,-0.004070000000000001,0.0014,0.00288,-0.00381,0.000754,-0.00313,-22193730.1,57457159.8,176395487.9,289821957.2,1983100000.0,62359678.1,335475450.8,272110322.4,177962760.6,89043005.2,-32586371.2,233548833.4,265336717.0,-99005420.7,958507934.6,2208860000.0,5335670000.0,8387200000.0,1784980000.0,6303790000.0,4074170000.0,2382110000.0,-785062104.7,4313030000.0,4220110000.0,-69448874.3,426966938.4,1258590000.0,2888200000.0,4498300000.0,1037100000.0,3602200000.0,2138210000.0,1228590000.0,-376698985.1,2360090000.0,2232610000.0,67386197.1,95118043.0,224056141.8,1254550000.0,1658590000.0,436373796.3,680412584.2,731077617.8,651568973.0,62146692.6,927509972.9,570644821.4,-8625236.6,184659451.5,356321349.1,1156830000.0,1687100000.0,308089315.5,1202920000.0,890305486.1,449820616.4,-166807270.2,796791864.2,929187418.4,71632976.7,4935310000.0,3286370000.0,13186100000.0,21516100000.0,3674760000.0,17900000000.0,9496650000.0,7738160000.0,-1391620000.0,12019400000.0,10103200000.0,-9965.6,44495.8,56002.2,291352.7,385046.0,64527.2,281887.9,215763.7,118463.7,-25981.5,169282.3,202055.1
6.year_inc,-2051896.7,1045698.2,3566987.4,1307442.5,4077098.8,621927.0,3085632.2,2256689.7,2315748.6,1175202.7,475436.8,1820409.1,1139423.3,0.000339,0.00221,-0.0036299999999999995,-0.00788,0.00355,0.00566,0.005220000000000001,0.00277,0.0037700000000000003,0.00137,-0.004520000000000001,0.00443,0.0025,-8004.4,113265.2,222654.6,336856.6,670099.4,139887.0,485332.4,314582.0,240174.9,110997.6,1681.5,355517.3,290037.5,0.004529999999999999,0.0044399999999999995,-0.00246,-0.00116,0.00701,0.00209,0.0105,0.00619,0.00351,0.00259,-0.000138,0.00795,0.00617,8981.4,295845.7,709607.5,398416.2,1461975.9,170752.8,1096348.0,725692.6,567013.4,277917.3,134878.5,736283.2,724209.7,-1623.5,-3658.0,3416.1,49865.5,47519.4,6506.5,44329.9,17980.7,14039.7,9746.0,-15998.7,29538.7,26973.2,-0.0034799999999999996,-0.0054,-0.00299,-0.009009999999999999,-0.00464,-0.0033,-0.00722,-0.00717,0.000785,0.0032700000000000003,-0.00801,0.000118,-0.0040100000000000005,-22616694.5,74035334.2,355794889.7,570051458.3,4073420000.0,183860073.0,745814052.0,482269717.2,359035353.4,150435690.4,-9191127.9,487055365.3,426429656.1,-249534411.7,2815660000.0,5468250000.0,9553130000.0,17614400000.0,4061100000.0,13065500000.0,8279370000.0,5627250000.0,-559301311.3,9335020000.0,7926040000.0,-28117822.4,1664170000.0,3081270000.0,5020520000.0,9735440000.0,2426080000.0,7066870000.0,4625320000.0,3073160000.0,-299414988.9,5110120000.0,4236210000.0,-33300787.6,626080524.2,572775121.6,1417900000.0,2610890000.0,707742506.5,1426190000.0,1124330000.0,1229400000.0,209588793.5,1486550000.0,673745431.3,-34653060.6,395483805.7,940030239.8,2116630000.0,3420260000.0,676415638.5,2696900000.0,1711650000.0,986750995.3,-185087203.8,1708610000.0,1757090000.0,22398184.4,11859400000.0,13640900000.0,21826900000.0,47816200000.0,9452740000.0,35692500000.0,19179300000.0,18710900000.0,1079060000.0,28636900000.0,19652600000.0,-28562.2,87809.4,222539.3,459437.5,755961.6,142268.7,586402.4,449019.2,232818.4,-47040.8,306942.3,380874.5
8.year_inc,-2400221.9,556327.9,4921422.2,2313103.4,6484689.5,1002253.2,4666595.7,3598533.6,3563152.7,1795217.1,873923.1,2886155.9,1919283.6,0.000466,0.0035700000000000003,-0.00425,-0.0155,0.0054,0.008029999999999999,0.00825,0.00443,0.0056700000000000006,0.00207,-0.00747,0.0065,0.00389,-6819.8,152140.2,321401.2,563890.2,1047251.9,212785.0,774905.2,508311.4,374018.5,170542.8,12174.7,538940.5,460448.5,0.00618,0.00735,-0.00183,-0.00387,0.0102,0.0059700000000000005,0.0144,0.009590000000000001,0.00488,0.00503,0.0030399999999999997,0.011,0.00854,42568.2,348027.2,1017637.4,682771.4,2228464.2,314626.4,1563022.7,1150017.6,868901.2,438272.2,298055.8,1078446.6,1044936.7,-1120.4,-3408.2,9419.4,111861.4,116891.3,18704.6,96984.7,57384.1,21532.5,13050.6,-19282.0,59507.2,76654.3,-0.0025,-0.00562,-0.00238,-0.0058200000000000005,-0.0012900000000000001,0.000866,-0.00079,-0.0042899999999999995,0.0011099999999999999,0.00281,-0.00987,0.0043100000000000005,0.00141,-15827450.6,118903921.3,503657284.5,994236230.0,6245690000.0,316375689.5,1143000000.0,829321697.2,608385332.0,306762387.2,-2693918.6,787414376.1,691975051.7,-267282891.9,3553760000.0,8086310000.0,17575900000.0,29058900000.0,6088680000.0,21878400000.0,14182400000.0,8977480000.0,-433422743.0,14876600000.0,13992800000.0,-45350394.8,2024820000.0,4420560000.0,8886090000.0,15296300000.0,3718680000.0,11507600000.0,7548490000.0,4819890000.0,-114604954.8,7747780000.0,6757700000.0,-61086609.2,622822382.8,1055880000.0,3159320000.0,4830600000.0,899323425.4,2881090000.0,2381220000.0,2042050000.0,107160971.4,2449390000.0,1889230000.0,-40619988.5,524188419.8,1450350000.0,4017400000.0,5962050000.0,1016180000.0,4672430000.0,3024760000.0,1575530000.0,-259577636.0,2937290000.0,3370350000.0,-238955443.1,17676900000.0,19926300000.0,34896000000.0,73852400000.0,14175000000.0,56488600000.0,33312500000.0,28909800000.0,2940820000.0,40539900000.0,30767500000.0,-13430.6,112635.1,333331.4,780403.4,1227844.1,237108.5,937889.7,641818.9,405814.3,-35181.8,586025.2,584921.3
10.year_inc,-2411810.7,-119035.8,6044575.0,3545271.7,8807153.0,1344394.5,6130866.1,4824784.1,4771025.3,2380555.3,1299453.2,3982368.9,2691733.2,0.0005480000000000001,0.00473,-0.00151,-0.0258,0.007809999999999999,0.0119,0.0109,0.0069,0.00855,0.00466,-0.008320000000000001,0.00883,0.00562,-3723.1,176035.1,495390.2,810368.1,1502852.4,305832.5,1042534.6,758214.2,530273.0,248613.0,57328.2,744638.2,666746.8,0.008,0.00921,0.00247,-0.0034799999999999996,0.0142,0.0087,0.0197,0.0134,0.00703,0.00457,0.00313,0.0151,0.0121,112349.5,334586.1,1383545.8,1070234.3,3103492.1,435072.1,2146561.9,1596431.7,1181651.5,562307.5,422899.5,1507060.4,1486768.4,-1552.6,-1047.1,21858.5,166478.2,185505.2,23163.4,150879.8,103470.2,29449.0,18449.0,-27455.6,82035.0,132892.8,-0.00345,-0.00386,-0.000633,-0.006509999999999999,0.000505,-0.00115,0.0058200000000000005,-0.00221,0.0007030000000000001,0.0030600000000000002,-0.0157,0.00551,0.006679999999999999,-10381599.2,140733319.3,702425672.0,1422850000.0,8539750000.0,449308858.9,1533900000.0,1224500000.0,860121997.0,441027810.4,126772450.1,1041160000.0,956230974.3,-308878253.9,4366990000.0,12711500000.0,25229500000.0,42146500000.0,8807680000.0,29833400000.0,21776700000.0,12743700000.0,346822646.6,20369800000.0,20595100000.0,-30487836.2,2243520000.0,7104530000.0,12719500000.0,22046400000.0,5416640000.0,15655100000.0,11144100000.0,6769070000.0,247523186.8,10902200000.0,9860640000.0,-73265806.6,912049545.0,1976370000.0,4213580000.0,7101960000.0,1294900000.0,4100210000.0,3765410000.0,2855000000.0,163919609.3,3336550000.0,2952060000.0,-43534712.6,725374072.5,2181340000.0,5823320000.0,8702070000.0,1451760000.0,6433460000.0,4821960000.0,2292710000.0,-181683351.5,3880120000.0,4957600000.0,149779767.0,19762300000.0,33835900000.0,49407200000.0,105557000000.0,20756800000.0,74430200000.0,50397800000.0,39752900000.0,7150560000.0,55159300000.0,45047500000.0,3131.4,138158.1,493498.4,1122470.3,1780119.0,345107.0,1299776.6,1001452.8,573305.1,1634.2,778666.2,861706.9
12.year_inc,-2258901.5,-466224.9,7097156.7,4647406.7,10945428.5,1678085.2,7372775.9,5972486.2,5980284.3,2964570.1,1755758.7,4972942.3,3287058.9,0.000863,0.0053,0.00124,-0.0287,0.0104,0.0145,0.0147,0.00893,0.0127,0.007370000000000001,-0.0103,0.0121,0.00755,10195.7,186624.2,669860.1,1095717.2,1989631.4,381000.7,1391672.1,977065.7,722019.3,331055.0,87972.5,1012565.8,886611.4,0.00958,0.008790000000000001,0.004379999999999999,-0.000869,0.017,0.0101,0.0226,0.0163,0.00761,0.00592,0.00446,0.0179,0.0146,187961.2,275323.6,1671250.9,1446552.1,3804975.9,535497.8,2522478.4,1970933.6,1464866.8,705981.0,576969.0,1834042.3,1804611.4,-1091.8,-732.4,18865.2,218632.2,236096.0,37655.2,188881.7,127780.2,41469.1,24411.0,-36424.3,108315.8,156971.8,-0.00278,-0.0038,-0.00456,-0.009559999999999999,-0.0005070000000000001,0.00372,0.00322,-0.0038799999999999998,0.00137,0.00343,-0.021,0.0063100000000000005,0.004370000000000001,24813072.7,162239565.1,1037020000.0,1929210000.0,10988900000.0,610997916.9,2209720000.0,1729740000.0,1174220000.0,611162808.3,175662135.7,1428850000.0,1373370000.0,-157076419.4,4416640000.0,16539900000.0,33632000000.0,54619400000.0,11228100000.0,39186300000.0,27118900000.0,17037200000.0,489991894.8,27500500000.0,26354100000.0,-23581633.3,2285890000.0,9391820000.0,16820200000.0,28474900000.0,6687440000.0,20609200000.0,13899500000.0,9106570000.0,257033189.2,14575300000.0,12680900000.0,17088500.6,1190520000.0,2206360000.0,6548860000.0,10051100000.0,1977460000.0,5832170000.0,5483270000.0,4051580000.0,429906416.3,4567790000.0,4022020000.0,-19317217.0,698014680.4,2771400000.0,7781750000.0,11252900000.0,1921540000.0,8414840000.0,5990870000.0,3032090000.0,-185000317.3,5262070000.0,6299310000.0,874040538.8,20957700000.0,48441400000.0,68565200000.0,141529000000.0,26215300000.0,100134000000.0,66139600000.0,53820800000.0,11843300000.0,75389000000.0,61492500000.0,4641.8,139078.2,654292.8,1495598.0,2316667.8,406901.9,1713264.4,1259555.6,784145.4,-9951.5,1057112.2,1125620.5
14.year_inc,-1406310.3,-1297120.0,7629784.9,5930697.4,13038957.8,2036892.3,8487681.0,7080674.8,7153005.5,3541522.4,2250807.0,5958283.0,3849060.0,0.000936,0.0061600000000000005,0.00335,-0.0299,0.013,0.0161,0.0179,0.0119,0.0148,0.00962,-0.00907,0.0143,0.01,22703.2,192337.5,782939.7,1448707.1,2478751.0,446018.6,1707345.5,1267597.2,871453.3,410468.0,174254.8,1211153.8,1161279.1,0.0101,0.0108,0.00548,-0.00183,0.0194,0.0132,0.0263,0.0184,0.00813,0.00583,0.00286,0.0206,0.0163,288507.2,245998.9,1822361.2,1833244.2,4454142.7,667900.6,2956785.6,2289699.2,1740215.2,832567.6,695540.8,2164443.5,2046026.9,651.4,-1662.2,34497.7,284578.1,317542.9,50823.5,250237.8,171263.8,46465.8,26571.5,-35414.8,146279.1,220253.7,0.000736,-0.00471,-0.0005690000000000001,-0.0127,0.00205,0.00798,0.00855,-0.0035,-0.000144,0.0005610000000000001,-0.0237,0.0112,0.0083,6854584.9,196297481.0,1129490000.0,2551640000.0,13631900000.0,681490849.8,2698570000.0,2192650000.0,1449580000.0,748164114.2,302224343.7,1699240000.0,1760820000.0,44053550.9,4233370000.0,20051800000.0,44156800000.0,68711200000.0,13052000000.0,49023200000.0,35434500000.0,20747900000.0,2353630000.0,33276700000.0,34911300000.0,19863340.2,1968750000.0,11196500000.0,22182600000.0,35373300000.0,7636240000.0,25587400000.0,18064800000.0,11131400000.0,1134430000.0,17308500000.0,16605700000.0,69398799.4,1183280000.0,2588320000.0,7855610000.0,11760800000.0,2456620000.0,7155810000.0,6448130000.0,4710630000.0,766042787.3,5312650000.0,4593520000.0,6682750.3,730045008.0,3435650000.0,10140200000.0,14333800000.0,2332890000.0,10688100000.0,7821050000.0,3630280000.0,117416073.0,6512760000.0,8370630000.0,1881470000.0,21630100000.0,55000800000.0,88598400000.0,170160000000.0,29946600000.0,118627000000.0,82304400000.0,62446000000.0,17582000000.0,87855900000.0,77767700000.0,4984.9,147278.8,828235.1,1985628.1,2981420.7,483461.4,2158118.9,1643953.1,962273.0,83023.6,1337467.5,1535686.3
16.year_inc,-325986.1,-2092247.1,7919297.7,7144935.7,15349041.7,2487837.5,9669202.1,8269102.8,8381228.6,4134151.9,2850428.6,7079938.9,4479975.6,0.000892,0.0061600000000000005,0.00643,-0.0277,0.0155,0.0196,0.0211,0.0148,0.017,0.0127,-0.00877,0.0164,0.012,33167.5,166878.2,903799.1,1833916.6,2979101.7,552798.8,2023112.8,1562924.9,1033818.0,504233.0,260858.0,1416176.7,1392484.8,0.0104,0.0136,0.00599,0.00147,0.0218,0.0123,0.0291,0.0205,0.011,0.00818,0.00477,0.0233,0.0181,400865.2,243215.2,1903497.9,2264696.8,5150869.5,762539.2,3328956.0,2627238.4,2085790.0,993107.0,902274.9,2523631.1,2302540.3,-1480.0,-2719.0,40542.6,385100.5,421070.8,66370.4,347107.6,250673.9,65193.1,38651.5,-39340.3,170396.9,289507.4,-0.0041600000000000005,-0.00536,-0.000688,-0.00941,0.006509999999999999,0.0111,0.022,0.00336,0.00439,0.00575,-0.0285,0.0124,0.0142,29468843.7,207076865.0,1324500000.0,3239050000.0,16451400000.0,856033618.2,3285320000.0,2670600000.0,1790100000.0,956505523.6,441253463.5,2139450000.0,2163920000.0,22340499.9,3340180000.0,22995300000.0,56665400000.0,83304000000.0,16073600000.0,59566000000.0,44575000000.0,24491800000.0,3724650000.0,38728900000.0,42738500000.0,-32843604.2,1589530000.0,13047200000.0,28078400000.0,42683100000.0,9238780000.0,30448200000.0,22177700000.0,13121400000.0,2079310000.0,20505500000.0,20322900000.0,128553265.9,1253540000.0,3541620000.0,10795800000.0,15850100000.0,3112290000.0,9774660000.0,9514790000.0,5843220000.0,1208380000.0,6335330000.0,6894610000.0,1623896.9,563185775.9,3872890000.0,13206400000.0,17673200000.0,2921920000.0,13364500000.0,10151300000.0,4415630000.0,251547759.2,7521900000.0,10335700000.0,2789100000.0,19339600000.0,64721300000.0,108398000000.0,199300000000.0,36458300000.0,136308000000.0,98817000000.0,73123800000.0,23373500000.0,100483000000.0,89717900000.0,26415.1,124494.4,931101.9,2494687.2,3603430.4,622692.0,2605566.5,2061121.3,1163854.9,157684.2,1542309.1,1816883.5
18.year_inc,895141.1,-2340414.5,7578041.7,8193848.8,18002975.3,3049986.6,10933115.4,9613946.6,9732637.7,4794859.1,3533383.3,8389028.7,5220351.0,0.00105,0.006840000000000001,0.0103,-0.0197,0.0183,0.0224,0.0246,0.018,0.0206,0.0172,-0.00861,0.0186,0.0141,53734.4,183189.4,987889.2,2275512.0,3557790.9,664735.0,2382174.9,1904260.9,1250643.6,628259.8,356220.7,1653530.0,1642412.2,0.0108,0.0151,0.009470000000000001,-2.52e-05,0.0232,0.0108,0.0307,0.0213,0.011,0.00774,0.00494,0.0254,0.0191,529423.8,266628.6,1932262.5,2569742.1,5765913.0,870955.7,3615483.3,2891141.4,2395050.5,1135011.2,1105451.5,2874771.6,2499906.8,-1919.5,-1636.1,52861.5,487868.3,537366.3,91657.6,439649.0,322269.4,89958.1,53100.5,-28530.8,215096.8,355750.6,-0.00561,-0.0047799999999999995,0.00201,-0.008709999999999999,0.0108,0.0187,0.0306,0.00685,0.00919,0.00938,-0.0272,0.0173,0.0184,38875510.5,221697114.7,1630640000.0,4111670000.0,19361000000.0,1112450000.0,4146600000.0,3298080000.0,2253430000.0,1188220000.0,680900876.1,2723340000.0,2655540000.0,267148349.9,3753280000.0,24994500000.0,70083500000.0,99514300000.0,19544700000.0,70498000000.0,54237600000.0,30134900000.0,6208820000.0,45276700000.0,49834700000.0,28750339.8,1738540000.0,14066700000.0,34681500000.0,50532800000.0,11021500000.0,35570200000.0,26959500000.0,16163300000.0,3245940000.0,23573300000.0,23348000000.0,142768404.3,1446710000.0,4076310000.0,14058400000.0,19871300000.0,4187800000.0,12329400000.0,11790800000.0,7254630000.0,2254350000.0,8080440000.0,8428840000.0,19069316.2,636332945.8,4289190000.0,16420200000.0,21408000000.0,3643170000.0,16080200000.0,12431900000.0,5466580000.0,733325648.0,8976090000.0,12298300000.0,4289900000.0,20854000000.0,75593900000.0,132094000000.0,238278000000.0,43307000000.0,158037000000.0,121242000000.0,89333800000.0,31556200000.0,117036000000.0,105637000000.0,31287.9,165455.7,1080966.5,3211605.1,4532270.7,789888.6,3183953.8,2647896.0,1465906.3,338376.3,1884374.7,2276475.9
20.year_inc,2160268.9,-2264410.8,7137479.8,9108536.4,20327761.6,3576672.2,11899569.8,10705696.3,11071875.1,5430483.6,4232481.3,9622065.3,5679214.2,0.00115,0.00713,0.0114,-0.0135,0.0201,0.0212,0.027,0.0193,0.0229,0.0189,-0.00892,0.021,0.0157,72407.5,196277.7,979694.7,2660897.5,3977590.5,705775.0,2636444.1,2081402.0,1440447.5,715029.6,445833.9,1896188.5,1831368.0,0.0117,0.0141,0.0137,-0.000974,0.0242,0.0125,0.0309,0.023,0.012,0.00897,0.00733,0.0256,0.0188,684668.4,239048.3,1959246.0,2840951.7,6284911.0,1025301.9,3756114.6,3194847.0,2726842.9,1294099.0,1354062.6,3090064.0,2532766.1,-658.0,-957.2,65588.0,596411.1,660165.4,108129.5,527712.1,378225.1,118422.1,64714.9,-11122.5,281940.3,433613.8,-0.00349,-0.004079999999999999,0.006640000000000001,-0.00454,0.0173,0.0249,0.0411,0.0117,0.0154,0.0132,-0.0228,0.0265,0.0264,52909956.6,245871011.4,1711380000.0,4768530000.0,22626200000.0,1270410000.0,4518010000.0,3606540000.0,2663290000.0,1342710000.0,938089705.9,3211880000.0,2884720000.0,443360466.1,3848500000.0,24650200000.0,82809100000.0,112246000000.0,20789800000.0,79195500000.0,60019900000.0,34829700000.0,8456910000.0,52226100000.0,56626500000.0,19237539.6,1768490000.0,13469900000.0,40850600000.0,56141800000.0,11428400000.0,39516100000.0,29415400000.0,18293500000.0,4136180000.0,26726300000.0,26419900000.0,267417927.8,1571480000.0,4583970000.0,17276100000.0,23918500000.0,4745850000.0,14623600000.0,14386500000.0,8714770000.0,3039030000.0,9532060000.0,10457900000.0,41960813.7,658818223.1,4346020000.0,19418100000.0,24513700000.0,3991050000.0,18258200000.0,13948000000.0,6453800000.0,1271100000.0,10565700000.0,14068800000.0,6053170000.0,22885400000.0,76350300000.0,153387000000.0,265204000000.0,45641700000.0,171644000000.0,131466000000.0,103131000000.0,39686200000.0,133738000000.0,116431000000.0,46258.2,147029.6,1041794.1,3723726.1,5011584.8,840194.0,3548217.9,2861866.1,1650178.0,388432.4,2149718.7,2521212.8
22.year_inc,3474738.0,-2017467.4,7061310.7,9810029.6,22232092.3,4018291.0,12563606.7,11634120.9,12395646.9,6086057.7,4901849.1,10597971.4,5818154.5,0.00131,0.007509999999999999,0.0119,-0.00839,0.0216,0.0222,0.0285,0.0214,0.0254,0.0209,-0.007509999999999999,0.0217,0.0165,94580.8,218233.4,985347.5,2971723.8,4336903.8,774842.9,2803896.8,2322212.1,1637831.8,811218.6,564014.9,2014691.7,1924229.0,0.0128,0.0129,0.0102,0.0019,0.0243,0.0112,0.0308,0.023,0.0115,0.00725,0.0063100000000000005,0.0258,0.0181,860136.9,230127.3,1837789.4,3113401.3,6601140.3,1109467.7,3831227.5,3334705.3,3015769.7,1415801.0,1532075.8,3266435.0,2475903.0,-678.9,-61.84,53627.3,684828.0,737859.7,124106.3,600075.0,435445.9,123182.5,70238.1,-12762.0,302413.7,490570.9,-0.0039,-0.0038,0.00248,-0.00172,0.0199,0.029,0.05,0.0147,0.0122,0.0122,-0.0271,0.0278,0.0331,59118670.8,248652544.2,1650460000.0,5440060000.0,26192500000.0,1344000000.0,5006510000.0,3985830000.0,2878220000.0,1474650000.0,932971900.9,3433420000.0,3197020000.0,576131054.5,4445010000.0,24244100000.0,93402800000.0,123143000000.0,22938700000.0,85805200000.0,67285300000.0,39178600000.0,10640500000.0,55858000000.0,61026000000.0,14042772.7,1756990000.0,13444900000.0,45948000000.0,61195000000.0,12631900000.0,42416700000.0,32721400000.0,20843400000.0,5413440000.0,28473600000.0,27719700000.0,255568349.7,1811850000.0,4200770000.0,19402600000.0,25838000000.0,5325620000.0,16135000000.0,15621900000.0,9566230000.0,3033940000.0,10216100000.0,10946100000.0,58846183.4,845083462.8,4184810000.0,22023600000.0,27160400000.0,4447000000.0,20073100000.0,15790700000.0,7173490000.0,1577620000.0,11369700000.0,15539900000.0,8084160000.0,24658400000.0,76305300000.0,167853000000.0,282515000000.0,49724900000.0,175381000000.0,144084000000.0,116079000000.0,48417800000.0,138431000000.0,116711000000.0,52914.1,164995.1,1046315.8,4272562.0,5567623.5,910422.4,3904814.6,3217843.4,1879463.9,487022.0,2349780.1,2777737.2
24.year_inc,4605967.9,-1168833.5,6554018.7,10405416.8,23955560.3,4346671.1,13095233.5,12425777.6,13702559.8,6714498.2,5566819.8,11529782.7,5906329.3,0.00156,0.0069299999999999995,0.0142,0.00248,0.0236,0.0232,0.0307,0.0238,0.0268,0.0223,-0.0066099999999999996,0.0235,0.0185,119262.6,224960.3,1002148.6,3364827.4,4773697.2,831458.3,3024411.9,2572917.4,1810666.0,898727.1,673276.8,2200779.8,2131573.0,0.0146,0.0133,0.0118,-0.00229,0.0246,0.011,0.0299,0.0239,0.0119,0.009559999999999999,0.007659999999999999,0.0254,0.0174,1046851.3,353157.4,1769240.3,3221499.4,6921159.1,1183423.2,3817649.5,3529984.8,3323887.8,1590932.4,1754049.1,3391174.3,2413848.1,2806.3,-827.8,44388.6,807385.9,853448.4,131220.2,690275.8,511414.0,142844.3,77662.8,-3858.4,342034.4,579383.9,0.0018899999999999998,-0.00425,-0.000898,0.00313,0.0246,0.0293,0.0602,0.0205,0.0151,0.0127,-0.027,0.0317,0.0413,103406585.2,241331573.3,1746900000.0,6178320000.0,29919800000.0,1408040000.0,5299810000.0,4606130000.0,3413420000.0,1817590000.0,1248420000.0,3686230000.0,3470900000.0,849144407.4,4589560000.0,23999000000.0,106575000000.0,136447000000.0,24630700000.0,93840800000.0,75935900000.0,43388200000.0,13385000000.0,60511000000.0,68427900000.0,21472019.9,1796940000.0,13303900000.0,51987400000.0,67128700000.0,13445300000.0,45576600000.0,36819600000.0,23036100000.0,7000570000.0,30309100000.0,30647400000.0,278330514.2,1874960000.0,4529340000.0,23509700000.0,30402900000.0,5673070000.0,18860000000.0,18738800000.0,10751800000.0,4019190000.0,11664100000.0,13978100000.0,88221738.9,872139686.5,4082760000.0,25305800000.0,30393100000.0,4800340000.0,22369700000.0,17906900000.0,7955150000.0,2013680000.0,12486200000.0,17637600000.0,9752900000.0,24363200000.0,75916000000.0,189342000000.0,304223000000.0,52736700000.0,186491000000.0,154081000000.0,124457000000.0,54293200000.0,150142000000.0,127030000000.0,76639.6,175600.3,1116527.7,4867769.2,6273375.9,979340.9,4236693.0,3704956.0,2205327.7,671651.5,2568419.9,3088707.3
26.year_inc,5478348.4,-94994.2,6078458.6,10829649.4,25746178.1,4677907.5,13651395.9,13225899.7,15038460.3,7366095.7,6240085.4,12520278.5,6029810.4,0.0017399999999999998,0.00677,0.0162,0.00771,0.0247,0.0235,0.0312,0.0249,0.0297,0.0241,-0.0038299999999999996,0.0246,0.0187,138065.7,254126.1,1010398.3,3604531.7,5068956.0,875240.1,3107360.1,2719340.8,2033227.5,995914.4,823122.5,2349615.2,2160488.5,0.0161,0.0147,0.0145,-0.00078,0.0259,0.0108,0.0301,0.0254,0.0141,0.0121,0.008409999999999999,0.0264,0.0175,1201732.8,544951.5,1737351.5,3383572.5,7398820.9,1258103.7,3898550.2,3771097.3,3699045.7,1778406.7,1968753.2,3627723.6,2441671.6,1985.0,-4921.8,39068.9,920909.5,956760.1,156274.6,768504.8,598513.8,152831.1,83126.7,1748.1,358246.4,647654.5,-0.000185,-0.00793,-0.00242,0.0118,0.0298,0.0385,0.0723,0.0301,0.0135,0.012,-0.0292,0.0316,0.0514,131486701.1,289478493.3,1750610000.0,6747910000.0,33804100000.0,1539980000.0,5467870000.0,4986780000.0,3844950000.0,2065110000.0,1554630000.0,3971810000.0,3573660000.0,1043720000.0,5316790000.0,24179300000.0,115812000000.0,146793000000.0,26290900000.0,98097100000.0,81419400000.0,48999600000.0,17117200000.0,65373800000.0,71502800000.0,95840579.8,2247110000.0,13509100000.0,55894300000.0,71775100000.0,14125400000.0,46958300000.0,38595000000.0,26427200000.0,9330240000.0,33180000000.0,31222500000.0,380866573.5,1756870000.0,4281390000.0,27073000000.0,33619800000.0,6523080000.0,20654100000.0,20993700000.0,11542400000.0,4616620000.0,12626100000.0,15554300000.0,105871439.2,974563703.2,4025300000.0,27801100000.0,32951800000.0,5271980000.0,23716100000.0,19624400000.0,8890060000.0,2623980000.0,13327500000.0,18789800000.0,10748200000.0,26195300000.0,75870400000.0,200946000000.0,318881000000.0,54601200000.0,189309000000.0,161379000000.0,137597000000.0,63105900000.0,157502000000.0,126682000000.0,91151.2,201615.5,1103872.8,5335224.1,6776377.3,1075128.5,4494918.6,3990531.4,2464091.8,806111.9,2785846.0,3237157.1
ivparm1,2.4199999999999997e-07,6.9e-07,3.2100000000000003e-07,1.08e-06,6.35e-06,-3.95e-07,1.48e-06,-1.16e-06,5.91e-07,-2.4e-07,4.1699999999999996e-08,4.2299999999999996e-07,-1.23e-06,3.15e-17,5.54e-16,1.6399999999999998e-15,-9.369999999999998e-16,9.369999999999998e-16,1.68e-15,2.82e-16,3.5e-15,3.2299999999999996e-15,-1.87e-15,-6.1700000000000005e-15,1.45e-15,8.710000000000001e-16,-2.26e-09,-2.08e-08,1.33e-07,3.5700000000000003e-07,5.76e-07,4.5199999999999994e-08,1.14e-07,8.08e-08,4.54e-09,-1.18e-09,-2.8700000000000002e-08,1.66e-07,-6.73e-08,-7.76e-17,2.48e-15,8.230000000000001e-16,7.83e-15,2.2199999999999998e-15,-3.2e-15,3.7200000000000005e-15,2.21e-15,3.97e-15,1.1199999999999999e-15,9.8e-15,4.64e-15,-2.05e-15,1.44e-07,-7.24e-08,7.53e-08,5e-08,3.27e-07,9.28e-08,4.38e-07,-2.95e-07,3.7e-07,2.0099999999999998e-08,1.41e-07,4.970000000000001e-07,2.94e-08,4.17e-11,2.1399999999999998e-10,2.0300000000000002e-09,2.5499999999999997e-08,8.43e-08,5.47e-09,2.97e-08,8.45e-09,-4.65e-09,4.5799999999999995e-09,-3.15e-10,7.3199999999999995e-09,2.94e-08,-7.390000000000002e-17,-2.52e-16,1.0699999999999998e-15,-4.55e-15,-2.89e-15,1.6899999999999999e-15,6.26e-16,8.53e-16,2.8300000000000002e-15,-8.67e-16,-1.6600000000000002e-15,2.51e-16,6.23e-15,503661.8,272389.0,913955.9,-919004.5,0.00302,705484.4,1237110.7,-586809.9,-214033.1,-116529.7,-671155.3,1333640.3,255379.1,52184420.7,102341916.1,149819705.0,127935185.1,442494505.9,112114403.0,114115841.8,199396671.3,99917583.7,176379864.0,243097834.6,230462519.1,5957237.7,67052391.4,104404560.3,93373211.2,270847417.2,68485459.2,70848916.2,119243588.0,62500080.7,106175369.4,151603829.2,139861877.3,4411865.4,20120105.7,29658452.9,24707090.3,79376896.0,24298684.0,7412855.0,51209983.2,31335678.3,47937533.9,28166912.8,23742533.7,5356294.0,4415599.1,7590383.2,6532681.1,25057473.0,7407145.2,6556033.6,10611745.8,4955343.0,10382825.3,14445727.1,12694984.7,-75180553.6,-123320099.5,-161664402.5,-112763789.8,-490194034.4,-113131948.9,-120116000.9,-237472796.6,-127282737.6,-201925401.2,-252721237.8,-249779347.9,948.2,2280.1,753.1,147.4,4128.8,651.5,526.3,730.6,2951.0,3551.1,3398.1,526.3
2.year_inc#c.ivparm1,0.0,0.0,0.0,0.0,0.0,0.0,0.0,0.0,0.0,0.0,0.0,0.0,0.0,0.0,0.0,0.0,0.0,0.0,0.0,0.0,0.0,0.0,0.0,0.0,0.0,0.0,0.0,0.0,0.0,0.0,0.0,0.0,0.0,0.0,0.0,0.0,0.0,0.0,0.0,0.0,0.0,0.0,0.0,0.0,0.0,0.0,0.0,0.0,0.0,0.0,0.0,0.0,0.0,0.0,0.0,0.0,0.0,0.0,0.0,0.0,0.0,0.0,0.0,0.0,0.0,0.0,0.0,0.0,0.0,0.0,0.0,0.0,0.0,0.0,0.0,0.0,0.0,0.0,0.0,0.0,0.0,0.0,0.0,0.0,0.0,0.0,0.0,0.0,0.0,0.0,0.0,0.0,0.0,0.0,0.0,0.0,0.0,0.0,0.0,0.0,0.0,0.0,0.0,0.0,0.0,0.0,0.0,0.0,0.0,0.0,0.0,0.0,0.0,0.0,0.0,0.0,0.0,0.0,0.0,0.0,0.0,0.0,0.0,0.0,0.0,0.0,0.0,0.0,0.0,0.0,0.0,0.0,0.0,0.0,0.0,0.0,0.0,0.0,0.0,0.0,0.0,0.0,0.0,0.0,0.0,0.0,0.0,0.0,0.0,0.0,0.0,0.0,0.0,0.0,0.0,0.0,0.0,0.0,0.0,0.0,0.0,0.0,0.0,0.0,0.0,0.0,0.0,0.0,0.0,0.0,0.0,0.0,0.0,0.0,0.0,0.0
4.year_inc#c.ivparm1,-1.131,-1.2409999999999999,-0.35,-0.006790000000000001,-2.728,-0.358,-1.2690000000000001,-2.01,-0.6779999999999999,-0.672,-0.537,-0.7190000000000001,-1.6909999999999998,-9.99e-10,0.00014199999999999998,0.000153,0.00041500000000000006,0.000102,0.00013700000000000002,7.670000000000001e-05,7.03e-05,0.00015900000000000002,0.000128,0.00020899999999999998,0.000138,8.7e-05,-0.0522,5459.8,3715.9,3934.9,13110.5,1899.0,5798.0,4810.2,2784.3,1165.0,3052.1,8300.3,8427.2,-2.48e-09,0.000248,0.00029,-0.000123,0.000121,8.99e-05,0.000123,0.000149,0.000105,0.000124,8.640000000000001e-05,8.9e-05,0.000128,-0.196,9611.0,7099.3,-1173.9,15536.2,1258.4,9284.3,10192.7,1840.7,1133.3,1256.7,5343.5,12437.1,188.9,-0.0047799999999999995,-0.00237,825.5,1014.4,237.0,349.3,738.2,62.79,62.79,298.5,276.2,714.6,0.000453,-0.000117,-7.08e-05,-1.04e-05,-7.709999999999999e-05,6.73e-05,-0.00013700000000000002,1.64e-05,-7.730000000000001e-05,-3.26e-05,1.41e-07,-0.000145,-0.000132,-88964.9,3856627.5,5668334.6,15347300.9,-0.00324,4503815.5,7764111.3,11412410.7,4762814.2,3697377.2,6103046.8,13387501.5,15533282.4,32699285.1,194584701.1,255938233.7,291495988.6,778768128.0,131417061.5,273839727.5,374604137.5,198297358.0,245481991.3,404163990.5,449053708.5,-2417004.8,94307264.9,176251551.2,212470731.7,480610244.7,77492396.9,164378346.9,242413266.5,127760845.0,153700937.8,238196978.2,275357002.8,1857980.7,17354340.6,1655528.7,33819231.8,54702830.2,7819783.7,15492525.2,34514836.2,21804647.4,24014634.8,20187994.1,25078399.2,3854373.7,33819110.7,26554182.5,29908300.3,94606818.0,15332393.7,38462363.0,39743598.6,20523130.4,24567310.1,54863219.4,58751293.9,-91159670.9,445507849.8,53130915.0,37776293.0,440515246.7,-8068198.0,323333993.2,-2454276.4,81453142.9,10126919.1,442969523.2,367130301.8,29.07,1561.9,5961.5,5460.9,13013.4,2251.8,5430.3,6904.4,321.5,1611.0,6109.1,10440.1
6.year_inc#c.ivparm1,-3953.9,-9128.9,-11677.5,-6083.5,-30843.7,-2151.2,-15650.3,-12196.9,-5169.3,-2731.1,-3484.4,-18646.8,-23523.2,1.07e-06,0.000267,0.0005099999999999999,0.0008470000000000001,0.000236,0.000288,0.000204,0.000193,0.00029,0.000264,0.00032900000000000003,0.000286,0.000218,-0.14400000000000002,10181.0,12342.4,6588.7,29112.0,3872.9,15199.2,12705.3,5004.3,2320.9,4389.1,16406.6,20234.9,-4.45e-06,0.000646,0.0005690000000000001,4.98e-05,0.0003,0.00037999999999999997,0.000339,0.000336,0.00034700000000000003,0.00046399999999999995,0.00021400000000000002,0.000258,0.000278,-514.8,24101.6,12454.3,-1346.8,34694.3,4921.6,24534.6,21710.4,5355.8,3909.8,2197.7,12983.9,24416.9,-0.0038,126.1,1411.6,2549.2,4086.9,569.8,1830.4,1877.0,571.4,431.2,693.6,2209.9,2945.7,-5.8e-09,4.91e-05,0.00041600000000000003,0.000319,8.77e-05,0.000192,-2.7600000000000003e-05,8.71e-06,0.000217,0.00035,9.63e-05,0.000225,-5.03e-05,2017583.2,15117218.2,16151037.2,19165215.0,4940958.0,8119951.7,25017757.9,28227931.1,10817817.4,7176127.4,9792144.4,24229688.6,33519850.6,78199092.5,486076077.1,663959719.2,606655849.1,1833770000.0,340006789.5,760238366.3,977801164.3,363408209.6,494305381.3,855967086.1,1130350000.0,-1241260.3,274120528.7,427527590.4,404578215.9,1104930000.0,210071500.2,426114219.6,634761339.0,215077636.8,312882008.5,470163719.2,679775921.1,6714992.6,76499798.3,31660026.4,99478917.2,214474328.1,35389853.1,129924253.1,148649840.0,64751484.7,77167528.1,65824488.1,114332990.4,9000377.5,67807221.3,77074972.8,85045351.9,238820367.7,39564615.8,123469209.2,114690176.0,39016213.3,46038398.4,124130191.8,160239538.6,-189396263.1,527688803.6,650940165.4,4135683.2,995323785.4,-90229335.0,881891063.9,237915751.1,72959589.1,-174730483.9,757408034.3,1012590000.0,-26.54,8780.3,14363.8,8942.5,32451.1,6187.3,14615.7,17787.4,3885.1,4028.1,14663.8,22378.8
8.year_inc#c.ivparm1,-10957.8,-31950.9,-33206.6,-21353.3,-97468.6,-9340.6,-47206.7,-46682.7,-14011.3,-7951.5,-13950.8,-50785.9,-74116.8,-1.86e-06,0.000522,0.000679,0.0008869999999999999,0.00033,0.0007059999999999999,0.00022799999999999999,0.00031600000000000004,0.000534,0.000628,0.001,0.000344,0.000231,-191.9,19130.3,15900.3,3427.9,38266.7,9339.8,16242.2,19705.1,9511.8,5811.2,13343.8,18561.6,19415.1,-9.6e-06,0.001,0.00109,0.0009710000000000001,0.000559,0.00031600000000000004,0.0006309999999999999,0.000534,0.000596,0.00045999999999999996,-3.6099999999999997e-05,0.000589,0.000585,-1342.3,34460.8,22969.1,3942.2,60029.8,2425.7,44574.9,31183.2,8800.0,2997.5,-4612.0,28846.6,48804.1,226.1,390.1,2637.4,4388.9,7642.4,2146.0,2604.2,3920.4,365.0,151.7,2386.6,3722.0,5131.5,0.000552,0.000118,0.0007570000000000001,0.0011,0.000411,0.0009539999999999999,0.000207,0.00028399999999999996,-9.58e-05,-0.000174,0.00048300000000000003,0.000615,0.00047699999999999994,367589.1,9283368.4,39199934.6,14444117.4,18630821.7,15339871.6,31857906.7,25302484.4,14556317.7,10382247.4,25039432.6,37985465.3,33391760.4,99404908.7,906413408.6,1071990000.0,870013884.9,2953350000.0,685250864.8,1162370000.0,1504480000.0,687270423.3,948846388.6,1448860000.0,1580820000.0,1085704.0,484487322.0,707911694.7,580715308.6,1774140000.0,395647253.0,723806884.1,910932402.5,413676285.0,534866669.3,863207610.2,964816474.6,9207063.3,116224705.2,79058552.8,193734256.9,398089121.5,120140692.6,136134997.3,224112911.5,94012985.1,167508655.6,173976210.0,183935443.8,11083993.2,129716717.8,116268582.5,107257554.8,364990459.9,95391167.4,143600415.0,191384657.6,76538872.9,118777444.1,173605802.3,193060419.6,-253152319.1,895554111.9,191581695.6,-761858319.3,62889226.5,65434556.4,413361414.2,-149614099.7,54465653.8,84052215.2,212503326.2,-57010983.7,1433.3,15089.5,20074.2,14125.7,50722.7,11261.8,20297.0,33592.3,10621.9,14211.1,17130.4,28839.0
10.year_inc#c.ivparm1,-15346.5,-57832.0,-66946.4,-46646.6,-186771.4,-21064.7,-96189.7,-86029.2,-29725.8,-13633.7,-24264.3,-100742.2,-135980.9,-8.14e-06,0.000589,0.00115,0.0016899999999999999,0.00048499999999999997,0.0009310000000000001,0.00033,0.0005070000000000001,0.0008449999999999999,0.0009199999999999999,0.00133,0.000458,0.00033999999999999997,-485.5,20468.2,27268.2,7143.7,54394.6,11646.1,22729.7,31224.4,15419.9,8832.3,17605.5,23170.2,27328.6,-6e-06,0.00168,0.0016899999999999999,0.000539,0.0008,0.000746,0.000891,0.0007019999999999999,0.000609,0.0009550000000000001,0.000205,0.000915,0.00085,-1622.5,56277.4,33773.2,-8245.8,80182.3,6191.2,60492.8,38066.8,6178.3,7381.6,-3832.8,42115.5,67812.9,0.0019,235.4,1353.9,3825.5,5414.8,2309.4,2130.8,1602.7,1296.4,364.0,1258.8,3812.1,1809.0,2.85e-06,-8.89e-05,1.8100000000000003e-05,0.000608,-0.000151,0.000848,-0.000308,-0.000656,0.00026000000000000003,-0.00014199999999999998,-0.000184,0.00047599999999999997,-0.000579,1536114.6,342298.0,44460291.0,32069160.5,40173125.2,19773968.5,38294833.0,28200907.6,8747425.6,11283553.6,20105309.6,50331863.8,50011377.2,123665799.0,1021920000.0,1496950000.0,1248690000.0,3891940000.0,883534544.4,1475680000.0,2003500000.0,1033460000.0,1298830000.0,1888440000.0,1974950000.0,6562879.0,645648466.0,975574989.8,846287026.7,2474010000.0,540478361.2,933732338.0,1332550000.0,646531816.4,849064521.3,1141470000.0,1287000000.0,2276874.1,117209986.8,126419725.7,231034397.6,477299184.9,164899371.3,158504455.2,204306922.2,178253282.3,206104056.8,272992262.7,134146531.3,14637199.7,120609058.9,170479093.3,138672361.7,444503057.4,109072246.0,173602582.4,213683517.6,120449365.0,135606351.0,230819539.8,214981446.5,-284442432.9,1174220000.0,914988897.4,-995826459.6,810219346.2,39127397.6,640502869.1,456407868.2,371180617.9,259672015.2,353811478.1,399911330.7,483.5,12448.2,23707.3,10121.6,46760.6,11100.1,20995.9,35232.1,15391.4,8790.3,11528.4,20269.0
12.year_inc#c.ivparm1,-23797.9,-86792.9,-128810.9,-86873.7,-326275.4,-38009.0,-171436.1,-148865.1,-53489.4,-21971.2,-43775.0,-177410.3,-234776.9,-1.9e-05,0.000807,0.0018899999999999998,0.00263,0.000734,0.00146,0.000512,0.000695,0.000976,0.00112,0.00147,0.000776,0.00057,-1008.8,27434.8,44287.8,9654.5,80368.3,18012.1,34343.0,41341.4,17058.1,10754.0,17794.0,39026.9,45298.1,-0.000118,0.00176,0.00203,5.88e-05,0.00075,0.00027,0.000863,0.000538,0.0010199999999999999,0.00126,0.0005549999999999999,0.000997,0.000766,-6808.9,54974.4,31339.6,-26340.2,53164.8,-4888.9,50250.1,17391.2,10681.4,9647.2,-3768.8,35773.6,47372.4,-0.00187,506.4,2720.2,9645.8,12872.4,2477.5,5613.0,7637.1,1696.6,2369.0,2745.3,5235.3,8698.2,3.09e-05,0.00011399999999999999,0.000207,0.0018399999999999998,0.000359,0.000534,0.00029,0.000323,0.00032,0.00151,0.000566,0.000434,0.00027,-1596037.0,35647236.2,77129539.0,4152271.3,73587374.8,36701674.8,56647585.7,55135742.5,22485902.5,5755990.3,33840730.7,60483734.2,56431899.4,131709542.8,1299360000.0,2211440000.0,1843070000.0,5485710000.0,1222620000.0,2218090000.0,2858500000.0,1231450000.0,1392500000.0,2627210000.0,3031640000.0,5050404.6,743167463.9,1469510000.0,1176060000.0,3393720000.0,776031392.8,1328880000.0,1775070000.0,758595868.9,863096341.7,1618650000.0,1859100000.0,-7394689.7,121091100.4,131410919.8,242426520.1,487427324.0,138813434.2,163231234.7,315291683.9,190087887.2,166624657.8,172135640.1,158526002.6,15856511.7,169655822.0,239991237.8,228640064.7,654181554.8,143348548.5,291083672.9,355445455.8,138281236.4,146396981.9,298736099.0,372551769.9,-382359111.4,1530060000.0,1530250000.0,-1701170000.0,976824003.8,78734210.0,350410848.2,106366575.7,155085246.0,-156731271.5,870457428.1,743004547.8,1425.8,26147.6,58135.8,21495.6,107204.9,18137.4,43326.2,56298.7,18173.9,30112.3,50906.2,70893.5
14.year_inc#c.ivparm1,-20962.2,-108681.6,-192174.5,-146387.0,-468205.2,-60013.2,-248484.7,-215955.7,-74333.9,-32954.9,-57818.1,-252249.6,-333858.1,-1.4099999999999999e-05,0.001,0.00238,0.00324,0.000867,0.0016600000000000002,0.000559,0.0008179999999999999,0.00161,0.00176,0.0019,0.0009220000000000001,0.000572,-798.3,33148.0,53499.8,4571.9,90421.4,19121.9,34726.0,46272.0,31149.9,18073.2,23792.6,44149.4,40149.6,-0.00014,0.00231,0.0024100000000000002,0.000736,0.0009369999999999999,0.000354,0.000976,0.0006519999999999999,0.00115,0.000787,0.000857,0.0012699999999999999,0.000982,-7508.4,70393.3,29819.1,-34716.7,57987.4,-8821.0,50667.8,16069.3,10219.2,2234.2,-2771.9,41918.0,56589.1,-7.140000000000001e-05,285.3,2730.1,6619.2,9634.7,1481.9,6123.6,4345.5,2044.2,2010.6,1635.0,5289.2,6108.5,2.51e-05,-0.000146,-4.11e-05,0.00134,-0.000196,-0.00016299999999999998,0.000384,-0.000529,0.000124,0.00066,-0.000197,0.000335,-0.00014199999999999998,-1698216.1,26991497.0,106509287.6,19741650.1,125097029.8,46285552.6,77834238.9,75961074.5,55381566.1,26492294.5,39486220.6,75616483.5,49910439.3,131055690.3,1642720000.0,2743510000.0,2071580000.0,6594220000.0,1446100000.0,2543790000.0,3337000000.0,1960110000.0,1884440000.0,3257220000.0,3188000000.0,8090316.1,950333109.7,1772670000.0,1444140000.0,4175290000.0,925799033.4,1587290000.0,2235920000.0,1214670000.0,1178600000.0,1939360000.0,2034820000.0,5177024.9,249584845.1,284531858.0,241605380.0,780847996.5,135205579.2,221184507.3,321947064.9,346485744.4,322133953.7,458900931.5,299156672.8,14881844.1,212777037.3,305782238.2,209709139.9,743734750.3,163343342.2,299969601.4,353189110.0,213673186.4,201419594.8,390545640.3,366718221.6,-393495855.4,1454930000.0,1714420000.0,-2430280000.0,336462320.1,-110367461.2,76360037.7,-249452521.2,429343517.5,-251029677.4,585914841.4,17486263.8,381.5,27939.0,67398.0,25912.9,121631.4,23865.3,52061.0,68064.8,35594.2,27650.2,53566.6,62171.9
16.year_inc#c.ivparm1,-22995.2,-147799.1,-273151.0,-221279.9,-665225.2,-80460.8,-366839.6,-315680.4,-115886.3,-51379.2,-81358.2,-349544.9,-468878.1,-2.06e-06,0.0014199999999999998,0.0028399999999999996,0.00451,0.0011,0.0017,0.000771,0.000965,0.00183,0.00155,0.0022,0.00126,0.000833,-340.9,45827.4,59756.3,5897.7,111140.5,17993.4,46421.6,50621.4,34507.4,14560.9,26681.3,60519.0,58639.6,-0.00010700000000000001,0.00246,0.00328,-4.7799999999999996e-05,0.00095,0.000551,0.001,0.0007570000000000001,0.0011,0.00112,1.67e-05,0.00118,0.000983,-6507.9,68597.6,37972.0,-70196.3,29865.4,-10419.5,38798.6,9193.9,673.3,2649.6,-23481.0,20671.5,39611.6,163.4,1326.0,2880.3,6447.4,10817.2,3592.5,4147.9,3895.0,2052.3,1368.9,3035.0,6922.2,5172.4,0.000322,0.000597,7.7e-05,0.00109,-0.00035099999999999997,0.000987,-0.000682,-0.000759,-7.94e-05,0.00017900000000000001,0.000449,0.000296,-0.000895,1941169.4,50815856.2,78679081.1,16466783.3,186663874.9,32910337.4,52837101.5,60045956.5,40017184.7,11219094.8,14951804.5,87919178.9,75037613.3,159253722.6,2152320000.0,3325820000.0,2535760000.0,8175650000.0,1667710000.0,3233180000.0,3986200000.0,2414180000.0,2408580000.0,4189450000.0,4093760000.0,27489217.4,1168300000.0,2138030000.0,1696580000.0,5030770000.0,967977201.6,1954250000.0,2557020000.0,1450830000.0,1486010000.0,2473750000.0,2611970000.0,3677612.3,271757723.9,318411925.9,300675808.3,894749396.8,270237434.0,239623470.5,416336423.0,394145435.2,448423503.0,478412973.8,230366527.7,17919749.0,303518457.8,356382406.3,264131149.8,942200539.7,207289230.2,381324211.8,425379024.1,275654639.6,261276928.2,516821515.6,459256669.9,-379332553.6,2585690000.0,1210030000.0,-2946460000.0,465814549.9,-386114785.4,420669025.6,1679700.1,361338260.1,-284658882.5,464134849.9,490591075.2,1857.8,38294.9,91407.9,24453.2,156369.6,30697.6,68510.4,74289.2,37345.8,25287.4,82080.4,88326.2
18.year_inc#c.ivparm1,-22432.3,-183719.5,-342663.1,-306282.2,-855097.1,-102618.6,-473838.5,-409277.9,-156847.2,-72713.1,-108218.1,-445819.2,-595631.3,-6.36e-06,0.00137,0.00364,0.0056,0.00123,0.00165,0.000891,0.00105,0.00179,0.00176,0.00213,0.00145,0.00103,-523.5,42488.2,74244.2,1259.2,117468.2,15166.0,50548.0,50153.7,31510.4,15942.6,23126.2,67314.5,70791.8,-9.209999999999999e-05,0.0031100000000000004,0.00385,-0.000102,0.00107,0.00047999999999999996,0.00112,0.000915,0.00187,0.00135,0.000936,0.00126,0.0009710000000000001,-5978.5,85410.6,37114.4,-98025.5,18521.0,-16383.6,35880.6,7566.1,12495.2,1711.6,-15305.2,10954.9,22409.5,256.3,723.3,7199.4,14239.4,22418.5,4390.1,12702.0,10194.6,3056.0,1362.5,3103.6,12223.9,14972.4,0.000519,8.32e-05,0.00117,0.0027300000000000002,0.000679,0.0015300000000000001,0.0011099999999999999,0.00040199999999999996,0.000434,0.000266,0.000469,0.0012,0.000482,1924322.0,62869474.0,95711147.7,53252810.5,255790305.6,29542473.2,56185998.8,105355348.5,61923925.7,28424893.6,56915377.7,108674414.9,122563364.6,138937521.2,2211370000.0,4232270000.0,3239690000.0,9828090000.0,1868390000.0,4174830000.0,4706770000.0,2559020000.0,2456970000.0,5121320000.0,5400680000.0,824030.8,1292100000.0,2668650000.0,2109830000.0,6071350000.0,1210600000.0,2529480000.0,2924940000.0,1626460000.0,1590950000.0,3146410000.0,3234290000.0,9131426.3,267692241.2,434916739.4,460079292.0,1172410000.0,192405276.0,491036468.2,694739739.6,448254238.4,395757658.9,477674328.4,531754553.6,16900980.1,287818748.1,502084378.4,344693158.6,1152200000.0,189530520.1,508054593.3,534102461.3,262800492.2,240128535.4,618093575.4,699865024.3,-414361406.8,1561050000.0,1369650000.0,-4534400000.0,-2027800000.0,-1150030000.0,-696385444.5,-1773730000.0,-897858952.1,-1405160000.0,-254078891.3,20082344.7,2132.7,41002.5,94459.3,19162.5,156757.0,21741.7,65687.7,65284.8,31778.1,27148.9,91472.2,103237.3
20.year_inc#c.ivparm1,-20998.7,-196551.7,-422907.5,-404972.2,-1045430.1,-123620.8,-584331.7,-505371.4,-189895.2,-84179.2,-133773.1,-540058.7,-731914.1,-6.98e-06,0.00164,0.0050799999999999994,0.00548,0.0014,0.0015300000000000001,0.000967,0.00132,0.00251,0.00234,0.00328,0.00148,0.00107,-543.9,51766.1,105924.6,-28523.9,128622.8,11588.0,50811.6,65008.6,49912.0,23703.6,42417.3,63614.3,67122.9,-5.94e-05,0.00325,0.00255,0.00157,0.0008810000000000001,0.000667,0.000998,0.000699,0.000755,0.00131,-0.000724,0.0011,0.0009449999999999999,-4557.5,89305.8,-22800.2,-99971.8,-38023.7,-18230.7,12656.9,-23764.2,-22885.2,-760.4,-52844.9,-14259.4,3092.3,207.4,919.5,11948.0,16810.3,29885.2,5740.3,16150.3,12089.2,1570.6,-1614.0,1108.6,17796.0,22574.3,0.0004,0.000127,0.00205,0.00434,0.00115,0.00223,0.0016600000000000002,0.00027400000000000005,-0.0006309999999999999,-0.00237,-0.0008449999999999999,0.00238,0.00179,259368.1,66333699.4,193337610.5,44024200.9,344132884.5,38168505.5,101687036.2,145462632.6,105402999.4,55582365.0,111657090.9,158502022.1,160393149.8,148086678.5,2696780000.0,5822490000.0,3550230000.0,12222600000.0,1972520000.0,5089530000.0,5851000000.0,3581640000.0,3316650000.0,6371600000.0,6668450000.0,8114633.4,1618500000.0,3646160000.0,2217420000.0,7490730000.0,1210840000.0,3087670000.0,3607500000.0,2347680000.0,2157130000.0,3883230000.0,3932210000.0,13578073.2,279881548.1,593890085.6,470400621.7,1358030000.0,295088842.6,340976301.9,499804828.6,466423384.4,482568450.8,858229199.8,596521801.4,17091829.7,331518051.0,701562609.8,413009833.0,1463640000.0,217821557.4,642693413.6,687861262.5,352807033.8,318144423.8,775778234.4,893010905.7,-459690280.9,1517830000.0,2410380000.0,-8187800000.0,-4727880000.0,-1598620000.0,-1548730000.0,-2397070000.0,-953074624.6,-1430020000.0,-2330800000.0,-2176180000.0,2537.2,65965.7,155355.4,9630.3,233488.7,26036.8,79158.5,132084.7,87510.7,75463.9,101403.9,119941.1
22.year_inc#c.ivparm1,-17461.7,-192065.6,-511481.0,-526615.3,-1247623.6,-152317.0,-718258.8,-621201.3,-225019.6,-105987.0,-155966.8,-626422.4,-870287.0,-1.76e-05,0.00185,0.00475,0.007379999999999999,0.00139,0.00145,0.000904,0.00134,0.00268,0.00256,0.0031100000000000004,0.00143,0.001,-994.0,59687.0,86030.6,-31934.6,112789.0,7312.2,37466.3,57632.2,54203.0,25910.3,38261.4,55156.8,51273.9,-4.1700000000000004e-05,0.0034200000000000003,0.00587,8.55e-05,0.00124,0.0007599999999999999,0.00115,0.0011099999999999999,0.00139,0.00235,0.000408,0.0013800000000000002,0.00126,-3525.5,97011.1,54527.6,-164538.4,-16525.2,-22975.8,9895.8,-8715.6,-11698.8,10455.7,-38204.3,-7809.5,18149.5,-0.00322,1307.1,9465.9,28110.7,38883.6,4726.5,20189.9,20829.7,4436.8,4321.9,4873.2,18053.9,29720.3,3.02e-05,0.000299,0.0016699999999999998,0.0060799999999999995,0.00212,0.00193,0.0028699999999999997,0.0018899999999999998,0.000332,0.0015,0.000778,0.00253,0.00343,1640703.4,78710757.8,197234613.0,9732484.6,479283022.4,-5875127.0,64088788.2,126383284.4,155589068.6,61850873.0,140855591.9,161282591.6,137951934.3,169563611.9,2775420000.0,5562040000.0,4339220000.0,12857200000.0,2042570000.0,5202790000.0,6667730000.0,4257910000.0,3788760000.0,6189500000.0,6556750000.0,11386258.0,1588550000.0,3590400000.0,2588420000.0,7778990000.0,1338350000.0,3053360000.0,3982670000.0,2658240000.0,2338720000.0,3796320000.0,3782400000.0,14873911.6,418176252.4,486397159.3,1076590000.0,1996270000.0,285217580.4,774729512.4,1138400000.0,657053227.8,772850221.9,857874805.2,1054000000.0,19500475.2,353394664.1,619980558.9,552129175.8,1546160000.0,187052487.8,671061127.4,835359552.4,456099353.1,404111918.1,710796663.8,903004375.3,-532706672.0,2605450000.0,647623919.6,-8033940000.0,-5332440000.0,-1866260000.0,-1707610000.0,-2449270000.0,-1123020000.0,-2038960000.0,-2883170000.0,-2343160000.0,2707.5,72318.3,146964.2,183.2,222665.2,21930.8,68268.2,123657.0,84431.9,66325.6,99008.2,116302.5
24.year_inc#c.ivparm1,-13967.1,-202720.2,-565132.5,-675434.7,-1457254.5,-179518.0,-838289.6,-727715.9,-273507.3,-126678.3,-190474.4,-729538.6,-1004229.2,-2.7699999999999996e-05,0.00157,0.005220000000000001,0.007359999999999999,0.0011099999999999999,0.00103,0.000736,0.000984,0.00238,0.0022600000000000003,0.0028399999999999996,0.00125,0.000749,-1437.7,50578.4,89934.6,-82850.5,56224.8,-3024.0,14787.5,20600.7,43327.1,20535.7,29549.1,35624.1,15921.7,-3.8299999999999996e-05,0.0037799999999999995,0.00555,0.00165,0.0012699999999999999,0.000869,0.0012699999999999999,0.00135,0.0016899999999999999,0.0025,0.000206,0.00119,0.00121,-3109.1,111602.4,28847.3,-180297.0,-42956.4,-27293.0,6820.3,-6476.7,-12350.2,9356.3,-52081.6,-36479.8,-3313.3,-120.6,1470.2,16418.1,23883.6,41651.3,4859.4,22627.9,20893.0,5722.6,5187.8,4039.4,20758.3,31069.3,-0.00018899999999999999,0.000472,0.00392,0.00717,0.00295,0.00244,0.00387,0.00281,0.0008640000000000001,0.0020800000000000003,0.000517,0.00321,0.00454,-2090771.1,64503786.1,210329671.5,-69952264.4,600250509.5,171555.8,20945153.9,90060279.2,116952981.0,63916756.5,132665074.3,112744259.1,85680001.4,160655921.4,2699870000.0,6073340000.0,3565290000.0,12500500000.0,1820950000.0,5031640000.0,5960390000.0,4417110000.0,3715010000.0,6540140000.0,6262470000.0,1758267.2,1663550000.0,3681380000.0,2249220000.0,7595850000.0,1138130000.0,2850610000.0,3608080000.0,2840860000.0,2512640000.0,3987770000.0,3616860000.0,2252869.6,403161348.7,721739625.9,433389773.0,1560420000.0,298903300.3,569631895.8,859436963.9,603094583.7,567954512.7,700985539.4,658424619.3,18532657.2,328047307.3,764643868.6,321616446.0,1433020000.0,173453502.0,635310156.2,663673934.4,456343765.8,334091113.1,769349081.4,803225747.9,-535421085.0,1797530000.0,306624179.7,-13188800000.0,-11622300000.0,-3085170000.0,-4612080000.0,-5835090000.0,-2389800000.0,-3086400000.0,-5787200000.0,-6147320000.0,2056.6,75713.9,158568.6,-31094.5,205244.6,14237.9,67181.5,80319.2,91844.7,74763.6,124925.4,99162.0
26.year_inc#c.ivparm1,-24468.6,-207243.4,-649668.6,-837534.2,-1718914.7,-203465.0,-986983.5,-866889.4,-333554.7,-154436.1,-236309.8,-852025.4,-1181895.0,-2.58e-05,0.00165,0.00618,0.009609999999999999,0.0012699999999999999,0.00117,0.00088,0.00122,0.00197,0.00279,0.00232,0.00133,0.00107,-1499.4,55412.0,103329.8,-96972.5,60269.8,-3144.0,18418.8,27850.4,26399.3,27298.0,13724.3,32419.4,37014.5,-8.53e-06,0.00364,0.00479,0.0007059999999999999,0.000776,0.000366,0.000797,0.0008759999999999999,0.0013800000000000002,0.0017,-0.00014,0.00067,0.0006360000000000001,-2811.4,109543.2,-16917.4,-249204.1,-159389.7,-41698.2,-52191.7,-65950.1,-33914.8,-8364.4,-72823.0,-93439.6,-83776.8,-0.00995,2515.8,20528.6,31531.3,54575.8,3661.3,27668.8,18573.0,14735.2,8988.6,9849.0,36002.7,36179.3,2.64e-05,0.00135,0.00491,0.00886,0.00394,0.0017699999999999999,0.00464,0.00218,0.00396,0.0038,0.00305,0.00614,0.00465,1478832.2,93006773.9,140791266.0,-118516112.0,740423473.3,-2778949.8,30192273.9,17364002.2,58619514.7,35684383.8,50903897.4,99667754.3,61191191.6,180956224.0,2834840000.0,6893970000.0,4100850000.0,14011400000.0,2077520000.0,5857540000.0,6811530000.0,4703940000.0,3767000000.0,7199860000.0,7229940000.0,2279534.2,1616300000.0,4389340000.0,2480330000.0,8488190000.0,1259590000.0,3518190000.0,4202340000.0,2843360000.0,2245820000.0,4285850000.0,4385250000.0,2297815.9,418438911.7,1049160000.0,756721685.8,2226620000.0,249164525.5,857510973.1,1223340000.0,1048200000.0,854083117.3,1003270000.0,929254552.5,21211892.8,369226140.9,846189650.3,423583088.3,1660320000.0,203792361.2,739663181.1,749401953.2,536479230.8,411559700.1,910920614.6,920050975.8,-521358047.4,2527360000.0,1624420000.0,-15680400000.0,-12051200000.0,-2957990000.0,-5825730000.0,-5595480000.0,-3619740000.0,-3619440000.0,-6455730000.0,-5473490000.0,-956.7,65269.3,153294.7,-53383.0,164224.4,4984.5,47961.1,40674.6,83134.2,64819.7,123549.7,76105.7
_cons,41282607.6,37968576.4,22722925.5,8785428.8,126331323.0,13618617.1,73995817.9,67254210.4,16353762.5,8518843.5,14413442.7,59077112.6,96358943.4,0.0104,0.0259,0.0892,0.318,0.0509,0.0953,0.027,0.0541,0.0733,0.0831,0.145,0.0472,0.0408,428989.6,983632.0,2026378.8,2798273.1,6426085.4,1297693.4,1994875.0,3639956.6,1198442.8,708157.7,2083881.7,2786128.7,3929949.1,0.0823,0.11699999999999999,0.217,0.314,0.134,0.22699999999999998,0.0924,0.131,0.217,0.215,0.28800000000000003,0.139,0.107,3398342.9,4436869.2,4933307.3,2756701.8,16977323.8,3089068.5,6839282.7,8789262.1,3541387.1,1833788.8,4145491.1,8188061.7,10346868.2,6238.2,19205.2,96110.8,655130.6,777206.8,107493.7,255470.6,544257.3,64986.6,45252.5,218333.8,232949.5,604726.5,0.0146,0.0196,0.0473,0.23399999999999999,0.121,0.0828,0.128,0.149,0.0541,0.0639,0.105,0.0836,0.154,297184194.5,866418943.2,2432210000.0,4358060000.0,20582800000.0,1468670000.0,2503030000.0,4694010000.0,1880240000.0,1205980000.0,2895810000.0,3347880000.0,4692980000.0,4286750000.0,26701500000.0,50399100000.0,84207500000.0,166983000000.0,33353500000.0,51791600000.0,97407800000.0,27026400000.0,53349000000.0,69574800000.0,106603000000.0,557533164.9,13123000000.0,29795600000.0,43513800000.0,87091800000.0,18904600000.0,25915700000.0,49832800000.0,14399000000.0,29427600000.0,37258900000.0,53788200000.0,1298690000.0,4750020000.0,6551330000.0,19032500000.0,32040200000.0,7650630000.0,6883840000.0,22571200000.0,6731790000.0,14088700000.0,9468980000.0,17657700000.0,469263950.0,5032650000.0,8256660000.0,19058100000.0,32967200000.0,5498870000.0,11306300000.0,20350500000.0,4601540000.0,9341760000.0,12616700000.0,22866800000.0,36505100000.0,80435800000.0,157154000000.0,174420000000.0,467180000000.0,94267300000.0,158946000000.0,249109000000.0,83404900000.0,138093000000.0,218071000000.0,289508000000.0,284523.5,694597.7,1946558.7,3799181.3,6820303.1,1172045.9,2111908.0,4318973.1,1300964.7,2250125.4,2501330.1,4347292.6
