,(1),(2),(3),(4),(5),(6),(7),(8),(9),(10),(11),(12),(13),(14),(15),(16),(17),(18),(19),(20),(21),(22),(23),(24),(25),(26),(27),(28),(29),(30),(31),(32),(33),(34),(35),(36),(37),(38),(39),(40),(41),(42),(43),(44),(45),(46),(47),(48),(49),(50),(51),(52),(53),(54),(55),(56),(57),(58),(59),(60),(61),(62),(63),(64),(65),(66),(67),(68),(69),(70),(71),(72),(73),(74),(75),(76),(77),(78),(79),(80),(81),(82),(83),(84),(85),(86),(87),(88),(89),(90),(91),(92),(93),(94),(95),(96),(97),(98),(99),(100),(101),(102),(103),(104),(105),(106),(107),(108),(109),(110),(111),(112),(113),(114),(115),(116),(117),(118),(119),(120),(121),(122),(123),(124),(125),(126),(127),(128),(129),(130),(131),(132),(133),(134),(135),(136),(137),(138),(139),(140),(141),(142),(143),(144),(145),(146),(147),(148),(149),(150),(151),(152),(153),(154),(155),(156),(157),(158),(159),(160),(161),(162),(163),(164),(165),(166),(167),(168),(169),(170),(171),(172),(173),(174),(175),(176),(177),(178),(179),(180),(181),(182),(183),(184),(185),(186),(187),(188),(189),(190),(191),(192),(193),(194),(195),(196),(197),(198),(199),(200),(201),(202),(203),(204),(205),(206),(207),(208),(209),(210),(211),(212),(213),(214),(215),(216),(217),(218),(219),(220),(221),(222),(223),(224),(225),(226),(227),(228),(229),(230),(231),(232),(233),(234),(235),(236),(237),(238),(239),(240),(241),(242),(243),(244),(245),(246),(247),(248),(249),(250),(251),(252),(253),(254),(255),(256),(257),(258),(259),(260),(261),(262),(263),(264),(265),(266),(267),(268),(269),(270),(271),(272),(273),(274),(275),(276),(277),(278),(279),(280),(281),(282),(283),(284),(285),(286),(287),(288),(289),(290),(291),(292)
,n_startpop_5564,n_startpop_6574,n_startpop_7584,n_startpop_85p,n_startpop_all,n_startpop_blk,n_startpop_college,n_startpop_f,n_startpop_his,n_startpop_his_f,n_startpop_hsless,n_startpop_m,n_startpop_wht,p_cogstate1_5564,p_cogstate1_6574,p_cogstate1_7584,p_cogstate1_85p,p_cogstate1_all,p_cogstate1_blk,p_cogstate1_college,p_cogstate1_f,p_cogstate1_his,p_cogstate1_his_f,p_cogstate1_hsless,p_cogstate1_m,p_cogstate1_wht,n_cogstate1_5564,n_cogstate1_6574,n_cogstate1_7584,n_cogstate1_85p,n_cogstate1_all,n_cogstate1_blk,n_cogstate1_college,n_cogstate1_f,n_cogstate1_his,n_cogstate1_his_f,n_cogstate1_hsless,n_cogstate1_m,n_cogstate1_wht,p_cogstate2_5564,p_cogstate2_6574,p_cogstate2_7584,p_cogstate2_85p,p_cogstate2_all,p_cogstate2_blk,p_cogstate2_college,p_cogstate2_f,p_cogstate2_his,p_cogstate2_his_f,p_cogstate2_hsless,p_cogstate2_m,p_cogstate2_wht,n_cogstate2_5564,n_cogstate2_6574,n_cogstate2_7584,n_cogstate2_85p,n_cogstate2_all,n_cogstate2_blk,n_cogstate2_college,n_cogstate2_f,n_cogstate2_his,n_cogstate2_his_f,n_cogstate2_hsless,n_cogstate2_m,n_cogstate2_wht,n_nhmliv_5564,n_nhmliv_6574,n_nhmliv_7584,n_nhmliv_85p,n_nhmliv_all,n_nhmliv_blk,n_nhmliv_college,n_nhmliv_f,n_nhmliv_his,n_nhmliv_his_f,n_nhmliv_hsless,n_nhmliv_m,n_nhmliv_wht,p_nhmliv_5564,p_nhmliv_6574,p_nhmliv_7584,p_nhmliv_85p,p_nhmliv_all,p_nhmliv_blk,p_nhmliv_college,p_nhmliv_f,p_nhmliv_his,p_nhmliv_his_f,p_nhmliv_hsless,p_nhmliv_m,p_nhmliv_wht,p_diabe_5564,p_diabe_6574,p_diabe_7584,p_diabe_85p,p_diabe_all,p_diabe_blk,p_diabe_college,p_diabe_f,p_diabe_his,p_diabe_his_f,p_diabe_hsless,p_diabe_m,p_diabe_wht,n_diabe_5564,n_diabe_6574,n_diabe_7584,n_diabe_85p,n_diabe_all,n_diabe_blk,n_diabe_college,n_diabe_f,n_diabe_his,n_diabe_his_f,n_diabe_hsless,n_diabe_m,n_diabe_wht,p_hearte_5564,p_hearte_6574,p_hearte_7584,p_hearte_85p,p_hearte_all,p_hearte_blk,p_hearte_college,p_hearte_f,p_hearte_his,p_hearte_his_f,p_hearte_hsless,p_hearte_m,p_hearte_wht,n_hearte_5564,n_hearte_6574,n_hearte_7584,n_hearte_85p,n_hearte_all,n_hearte_blk,n_hearte_college,n_hearte_f,n_hearte_his,n_hearte_his_f,n_hearte_hsless,n_hearte_m,n_hearte_wht,p_hibpe_5564,p_hibpe_6574,p_hibpe_7584,p_hibpe_85p,p_hibpe_all,p_hibpe_blk,p_hibpe_college,p_hibpe_f,p_hibpe_his,p_hibpe_his_f,p_hibpe_hsless,p_hibpe_m,p_hibpe_wht,n_hibpe_5564,n_hibpe_6574,n_hibpe_7584,n_hibpe_85p,n_hibpe_all,n_hibpe_blk,n_hibpe_college,n_hibpe_f,n_hibpe_his,n_hibpe_his_f,n_hibpe_hsless,n_hibpe_m,n_hibpe_wht,helphoursyr_5564,helphoursyr_6574,helphoursyr_7584,helphoursyr_85p,helphoursyr_all,helphoursyr_blk,helphoursyr_college,helphoursyr_f,helphoursyr_his,helphoursyr_his_f,helphoursyr_hsless,helphoursyr_m,helphoursyr_nonsp_5564,helphoursyr_nonsp_6574,helphoursyr_nonsp_7584,helphoursyr_nonsp_85p,helphoursyr_nonsp_all,helphoursyr_nonsp_blk,helphoursyr_nonsp_college,helphoursyr_nonsp_f,helphoursyr_nonsp_his,helphoursyr_nonsp_his_f,helphoursyr_nonsp_hsless,helphoursyr_nonsp_m,helphoursyr_nonsp_wht,helphoursyr_sp_5564,helphoursyr_sp_6574,helphoursyr_sp_7584,helphoursyr_sp_85p,helphoursyr_sp_all,helphoursyr_sp_blk,helphoursyr_sp_college,helphoursyr_sp_f,helphoursyr_sp_his,helphoursyr_sp_his_f,helphoursyr_sp_hsless,helphoursyr_sp_m,helphoursyr_sp_wht,helphoursyr_wht,t_totmd_5564,t_totmd_6574,t_totmd_7584,t_totmd_85p,t_totmd_all,t_totmd_blk,t_totmd_college,t_totmd_f,t_totmd_his,t_totmd_hsless,t_totmd_m,t_totmd_wht,t_mcare_5564,t_mcare_6574,t_mcare_7584,t_mcare_85p,t_mcare_all,t_mcare_blk,t_mcare_college,t_mcare_f,t_mcare_his,t_mcare_hsless,t_mcare_m,t_mcare_wht,t_caidmd_5564,t_caidmd_6574,t_caidmd_7584,t_caidmd_85p,t_caidmd_all,t_caidmd_blk,t_caidmd_college,t_caidmd_f,t_caidmd_his,t_caidmd_hsless,t_caidmd_m,t_caidmd_wht,t_oopmd_5564,t_oopmd_6574,t_oopmd_7584,t_oopmd_85p,t_oopmd_all,t_oopmd_blk,t_oopmd_college,t_oopmd_f,t_oopmd_his,t_oopmd_hsless,t_oopmd_m,t_oopmd_wht,t_qalys_5564,t_qalys_6574,t_qalys_7584,t_qalys_85p,t_qalys_all,t_qalys_blk,t_qalys_college,t_qalys_f,t_qalys_his,t_qalys_hsless,t_qalys_m,t_qalys_wht,t_demcgqalys_5564,t_demcgqalys_6574,t_demcgqalys_7584,t_demcgqalys_85p,t_demcgqalys_all,t_demcgqalys_blk,t_demcgqalys_college,t_demcgqalys_f,t_demcgqalys_his,t_demcgqalys_hsless,t_demcgqalys_m,t_demcgqalys_wht,t_est_helperct_dem_5564,t_est_helperct_dem_6574,t_est_helperct_dem_7584,t_est_helperct_dem_85p,t_est_helperct_dem_all,t_est_helperct_dem_blk,t_est_helperct_dem_college,t_est_helperct_dem_f,t_est_helperct_dem_his,t_est_helperct_dem_hsless,t_est_helperct_dem_m,t_est_helperct_dem_wht
2.year_inc,0,0,0,0,0,0,0,0,0,0,0,0,0,0,0,0,0,0,0,0,0,0,0,0,0,0,0,0,0,0,0,0,0,0,0,0,0,0,0,0,0,0,0,0,0,0,0,0,0,0,0,0,0,0,0,0,0,0,0,0,0,0,0,0,0,0,0,0,0,0,0,0,0,0,0,0,0,0,0,0,0,0,0,0,0,0,0,0,0,0,0,0,0,0,0,0,0,0,0,0,0,0,0,0,0,0,0,0,0,0,0,0,0,0,0,0,0,0,0,0,0,0,0,0,0,0,0,0,0,0,0,0,0,0,0,0,0,0,0,0,0,0,0,0,0,0,0,0,0,0,0,0,0,0,0,0,0,0,0,0,0,0,0,0,0,0,0,0,0,0,0,0,0,0,0,0,0,0,0,0,0,0,0,0,0,0,0,0,0,0,0,0,0,0,0,0,0,0,0,0,0,0,0,0,0,0,0,0,0,0,0,0,0,0,0,0,0,0,0,0,0,0,0,0,0,0,0,0,0,0,0,0,0,0,0,0,0,0,0,0,0,0,0,0,0,0,0,0,0,0,0,0,0,0,0,0,0,0,0,0,0,0,0,0,0,0,0,0,0,0,0,0,0,0,0,0,0,0,0,0,0,0,0,0,0,0,0,0,0,0,0,0
4.year_inc,-1018099.8,733557.8,1654741.0,751233.2,1992000.2,291043.3,1591526.9,1095245.8,1157627.7,589914.6,200498.2,896754.4,543329.3,0.000222,0.000670,-0.00307,-0.00486,0.00162,0.00208,0.00257,0.00130,0.000988,0.000292,-0.00338,0.00197,0.00132,-1648.1,45019.5,72746.2,192524.3,309022.9,56659.6,237487.2,148367.8,102106.0,51786.8,-20411.5,160655.1,150257.2,0.00233,0.00395,-0.00321,-0.00229,0.00378,0.00203,0.00521,0.00293,0.00319,0.00319,0.00254,0.00476,0.00303,10020.4,238872.8,280676.9,214014.6,752984.6,94175.4,541290.2,343229.5,306460.8,155894.0,95013.5,409755.1,352348.4,-3221.1,-976.3,11045.6,52418.5,58867.6,11583.7,54730.2,28453.1,8336.1,6485.4,-18584.0,30414.4,38947.8,-0.0000620,-0.0000700,-0.000536,-0.00485,0.000261,0.000576,0.000541,0.000153,0.0000746,0.000219,-0.00159,0.000378,0.000323,0.00375,0.0126,0.0120,0.00889,0.00963,0.0117,0.0102,0.00918,0.00952,0.00796,0.0107,0.0102,0.00793,-109557.3,734767.5,884235.4,309721.6,1815104.3,290722.1,1184291.6,928595.9,618773.9,311533.7,238871.9,886508.3,905608.2,-0.0247,-0.0293,-0.0324,-0.0417,-0.0215,-0.0197,-0.0178,-0.0193,-0.0180,-0.0146,-0.0327,-0.0239,-0.0214,-1124434.2,-944773.0,-173474.7,-47072.3,-2301839.4,-213796.5,-998420.2,-1098227.6,-144629.7,-43169.0,-436407.5,-1203611.8,-1943413.2,0.00312,0.0124,0.00295,0.00460,0.00935,0.00857,0.0121,0.00905,0.00723,0.00552,0.000547,0.00970,0.00983,-463760.1,991192.3,1352953.9,650450.0,2488757.0,361284.5,1905023.1,1317876.1,833663.0,410494.8,149210.2,1170880.9,1293809.5,-63233703.3,347385779.0,582163084.9,659402104.8,1.55874e+09,153059124.1,1.10855e+09,739406647.0,603465829.5,291455153.6,-11135726.7,819333410.3,18236834.6,53708151.3,149154007.8,443008906.1,659801019.2,87608516.4,592351557.3,381697519.5,230244997.9,157834938.5,-105868927.3,278103499.7,341947504.9,-79454880.7,167335062.0,146128097.2,186478247.1,455918788.9,84046388.4,336686616.2,247078695.6,182064964.5,93264815.9,27720275.6,208840093.2,189807435.9,802215103.8,-1.16449e+10,1.03322e+10,2.43877e+10,1.44552e+10,3.66007e+10,6.19688e+09,3.49366e+10,1.86305e+10,1.11924e+10,-1.85044e+09,1.79703e+10,1.92114e+10,-822629796.5,5.95137e+09,1.28876e+10,7.73965e+09,2.56782e+10,4.39887e+09,2.45808e+10,1.26939e+10,5.46458e+09,-1.62362e+09,1.29843e+10,1.58148e+10,-1.28450e+09,42683559.3,641994023.5,1.93706e+09,1.44067e+09,607888794.8,1.17560e+09,906229452.4,1.19210e+09,-428933713.5,534442916.2,-359313555.8,-1.43436e+09,1.18999e+09,3.74132e+09,2.80962e+09,6.15751e+09,866947075.3,5.70564e+09,3.54896e+09,1.39358e+09,-342526471.6,2.60855e+09,3.89698e+09,-1.12853e+11,8.90005e+10,1.77726e+11,6.95288e+10,2.06685e+11,2.85484e+10,1.54539e+11,1.13668e+11,1.25082e+11,3.08031e+10,9.30168e+10,5.30549e+10,-3.29027e+09,3.35251e+09,2.26859e+09,1.28871e+09,5.16520e+09,199735352.7,2.30496e+09,1.63003e+09,7.54575e+09,2.22742e+09,3.53518e+09,-2.58028e+09,-11368.7,46345.2,57412.2,287203.9,382833.2,64085.7,280802.5,213078.4,117328.5,-25961.2,169754.8,201419.1
6.year_inc,-2048810.6,1053803.3,3574706.8,1328263.3,4116830.3,628695.7,3103733.2,2281556.6,2319316.2,1174784.9,484087.3,1835273.7,1168818.4,0.000355,0.00227,-0.00354,-0.00815,0.00361,0.00576,0.00532,0.00278,0.00386,0.00138,-0.00442,0.00454,0.00254,-7381.0,116023.0,225475.6,340627.0,680072.0,141986.6,493755.4,316842.9,242146.4,111067.5,4423.9,363229.1,295938.9,0.00455,0.00473,-0.00231,-0.000803,0.00719,0.00243,0.0106,0.00646,0.00379,0.00296,0.000104,0.00802,0.00631,9677.4,307975.4,715204.5,408620.2,1490602.5,177170.5,1106063.4,747829.7,572972.5,281434.5,141028.0,742772.8,740459.5,-1443.9,4738.8,38424.9,120117.5,159968.0,19338.3,144245.2,82131.4,23284.2,12977.5,-26913.2,77836.5,117345.6,0.000000171,0.0000559,-0.000519,-0.00533,0.000824,0.000819,0.00152,0.000641,0.000486,0.000410,-0.00255,0.00102,0.00104,0.00888,0.0227,0.0209,0.0228,0.0183,0.0236,0.0184,0.0182,0.0193,0.0171,0.0224,0.0185,0.0145,-176451.8,1243140.1,1830924.2,628290.7,3583735.5,611441.7,2230534.7,1892356.0,1266397.7,642299.1,533508.9,1691379.5,1705896.1,-0.0436,-0.0573,-0.0633,-0.0715,-0.0406,-0.0360,-0.0343,-0.0364,-0.0332,-0.0281,-0.0587,-0.0453,-0.0409,-1977060.4,-1964093.7,-332245.9,-99418.4,-4360749.9,-381134.0,-1970837.7,-2075949.4,-277098.0,-94286.7,-774034.3,-2284800.4,-3702517.9,0.00581,0.0259,0.00385,0.0123,0.0177,0.0149,0.0227,0.0178,0.0155,0.0127,0.00278,0.0177,0.0185,-958186.1,1741577.2,2868396.1,1197431.8,4979373.3,735326.2,3679036.4,2693357.9,1705368.3,840483.6,382864.5,2286015.4,2538678.8,-99247707.4,510735892.8,1.20183e+09,1.13773e+09,2.78864e+09,420715062.1,2.19439e+09,1.40093e+09,1.02246e+09,481930764.6,-13849028.6,1.38771e+09,-22367972.7,121361915.2,340749471.5,774886402.6,1.21182e+09,269686648.2,1.16453e+09,818880691.3,410170571.3,290342139.5,-201967293.9,392942213.7,531965685.4,-111449950.0,334829725.6,523788732.5,354185016.0,1.16107e+09,130251445.6,784560403.8,490244260.1,462652850.6,193443993.7,184825213.5,670828308.8,568168272.7,1.34547e+09,-2.23831e+10,1.30706e+10,5.45334e+10,2.81045e+10,7.41262e+10,1.30622e+10,6.60219e+10,3.94214e+10,2.31191e+10,-1.26172e+09,3.47048e+10,3.79450e+10,-1.30337e+09,6.07843e+09,3.00500e+10,1.46836e+10,4.95525e+10,9.09701e+09,4.45248e+10,2.58216e+10,1.11675e+10,-2.02846e+09,2.37309e+10,2.92880e+10,-2.73558e+09,1.03227e+09,2.42334e+09,3.35579e+09,4.21569e+09,1.02387e+09,3.16913e+09,2.51826e+09,2.76542e+09,45838136.2,1.69743e+09,426402118.2,-2.73320e+09,1.61890e+09,8.21074e+09,5.65033e+09,1.28267e+10,1.78824e+09,1.14009e+10,7.42532e+09,2.94748e+09,-356065579.9,5.40134e+09,8.09095e+09,-2.28395e+11,1.46924e+11,3.61754e+11,1.18282e+11,4.22077e+11,6.17845e+10,3.01762e+11,2.31659e+11,2.48023e+11,6.58399e+10,1.90418e+11,1.12270e+11,-6.23505e+09,5.46974e+09,4.66688e+09,3.26673e+09,7.26768e+09,1.14102e+09,807294403.5,5.52748e+09,1.06119e+10,4.07653e+09,1.74021e+09,-4.48519e+09,-30756.1,91357.8,221276.5,460066.5,757112.3,143387.2,584526.4,454565.9,228222.0,-47328.9,302546.4,385503.1
8.year_inc,-2391429.2,578266.7,4957711.6,2381702.5,6620309.6,1020676.2,4733238.3,3669652.8,3580439.6,1799881.9,898212.8,2950656.8,2019193.7,0.000490,0.00401,-0.00410,-0.0157,0.00568,0.00873,0.00834,0.00469,0.00630,0.00276,-0.00634,0.00679,0.00403,-5800.4,169735.1,328400.4,582945.6,1091920.9,224920.4,784285.2,531451.9,387904.5,178094.4,32825.6,560469.0,479096.0,0.00620,0.00763,-0.00145,-0.00273,0.0106,0.00628,0.0147,0.00999,0.00545,0.00519,0.00309,0.0113,0.00886,44180.3,361708.4,1035642.4,716722.5,2295713.6,323431.4,1596166.3,1188168.3,884040.3,441022.5,305959.4,1107545.4,1088241.9,-4773.0,2681.5,60323.5,241425.6,299369.1,37875.8,261792.2,162507.4,31530.4,16738.8,-29591.4,136861.7,229962.9,-0.0000793,0.0000334,-0.000427,-0.00636,0.00162,0.00174,0.00280,0.00144,0.000486,0.000289,-0.00327,0.00180,0.00205,0.0135,0.0311,0.0333,0.0399,0.0260,0.0333,0.0257,0.0259,0.0279,0.0260,0.0312,0.0262,0.0202,-86895.8,1395392.0,2697671.5,1159399.0,5383423.9,933812.6,3259425.2,2848372.8,1954335.2,997911.1,846693.9,2535051.1,2495276.0,-0.0564,-0.0848,-0.0892,-0.0966,-0.0574,-0.0504,-0.0499,-0.0520,-0.0450,-0.0394,-0.0802,-0.0636,-0.0583,-2500875.2,-3117947.5,-616670.4,43657.7,-6123125.4,-524213.7,-2899015.1,-2948791.0,-368011.7,-132935.6,-1040359.1,-3174334.4,-5230900.1,0.00778,0.0366,0.00860,0.0221,0.0244,0.0190,0.0313,0.0247,0.0230,0.0220,0.00446,0.0240,0.0253,-1081744.6,1812154.1,4076343.6,2170387.1,7524113.8,1127642.1,5397142.1,4095280.9,2645304.6,1326732.8,702593.9,3428832.9,3751167.1,-138492030.6,503444410.8,1.73599e+09,2.18817e+09,4.45243e+09,707388251.0,3.33894e+09,2.34843e+09,1.64457e+09,841737194.0,115872879.6,2.10400e+09,-12591374.2,70515278.9,634733747.3,1.28384e+09,2.04975e+09,469880902.7,1.77733e+09,1.33633e+09,664398938.3,463609659.7,-204738671.1,713422402.0,915471817.2,-82302759.4,304241259.4,680899310.1,538868440.1,1.51785e+09,222875268.0,1.08167e+09,657048180.5,666089698.2,257978583.8,240100973.3,860804173.8,628887388.1,2.10048e+09,-2.71958e+10,5.55496e+09,7.63366e+10,5.17964e+10,1.11969e+11,1.91468e+10,9.58234e+10,6.18475e+10,3.72369e+10,861601909.5,5.01219e+10,5.55856e+10,-1.77237e+09,746016487.2,4.23139e+10,2.68292e+10,6.83451e+10,1.27183e+10,6.00774e+10,3.76298e+10,1.84841e+10,-1.43239e+09,3.07153e+10,3.71427e+10,-2.90848e+09,611595622.1,3.52564e+09,6.72409e+09,9.28189e+09,1.54108e+09,5.74455e+09,5.69924e+09,5.04759e+09,897374509.6,3.58264e+09,2.69322e+09,-3.27786e+09,693398588.2,1.14731e+10,1.03388e+10,1.99434e+10,2.66780e+09,1.72021e+10,1.16107e+10,4.65392e+09,-246543613.9,8.33267e+09,1.26217e+10,-2.68275e+11,1.19267e+11,4.89537e+11,2.04618e+11,6.73944e+11,9.97034e+10,4.57111e+11,3.68252e+11,3.81887e+11,1.14740e+11,3.05692e+11,1.92354e+11,-7.62549e+09,2.87606e+09,7.85518e+09,5.41572e+09,1.11623e+10,2.36444e+09,185165543.7,6.49439e+09,1.72603e+10,7.94049e+09,4.66791e+09,-8.46245e+09,-12108.0,119921.1,322539.7,805132.2,1250210.3,249837.3,923562.1,670330.9,413071.5,-16951.2,579879.4,587301.5
10.year_inc,-2406207.4,-74123.8,6129462.3,3675956.0,9073239.9,1374341.3,6262423.8,4970439.7,4796860.6,2391918.0,1349797.5,4102800.1,2902037.9,0.000546,0.00509,-0.000883,-0.0248,0.00836,0.0129,0.0111,0.00743,0.00980,0.00566,-0.00627,0.00942,0.00597,-3773.3,190830.4,521075.3,861180.6,1594095.0,324108.4,1062382.2,805495.0,558793.3,260569.7,96484.7,788600.0,711193.4,0.00804,0.0105,0.00305,-0.00353,0.0149,0.00918,0.0204,0.0141,0.00755,0.00557,0.00337,0.0158,0.0129,114467.8,390111.3,1418510.1,1109768.2,3235633.7,449254.7,2216251.4,1667394.0,1198551.7,575727.5,441367.2,1568239.7,1587827.2,-5010.3,10783.7,81216.9,343987.2,431694.4,51923.1,369506.3,245343.0,43634.4,22866.9,-40203.3,186351.4,336136.9,-0.0000852,0.000291,-0.000282,-0.0111,0.00234,0.00235,0.00393,0.00227,0.000681,0.000422,-0.00449,0.00240,0.00298,0.0156,0.0405,0.0442,0.0514,0.0326,0.0412,0.0322,0.0322,0.0344,0.0322,0.0393,0.0331,0.0252,-10108.8,1508824.1,3470624.0,1741677.7,7051562.5,1218747.9,4212488.2,3690614.0,2599482.5,1320915.6,1175064.3,3360948.5,3233332.2,-0.0649,-0.109,-0.112,-0.129,-0.0720,-0.0641,-0.0626,-0.0654,-0.0541,-0.0478,-0.0974,-0.0795,-0.0734,-2834183.6,-4139351.7,-933526.3,130360.8,-7668974.3,-672047.6,-3649386.9,-3719537.2,-434741.2,-157384.8,-1251452.2,-3949437.2,-6562185.6,0.0100,0.0417,0.0172,0.0247,0.0300,0.0239,0.0384,0.0307,0.0315,0.0305,0.00654,0.0291,0.0303,-1002613.7,1527359.9,5240647.9,3276942.5,9928939.6,1501018.2,6965278.6,5391485.2,3596209.1,1794642.6,1056127.3,4537454.4,4831712.3,-160126410.2,478467624.6,2.25900e+09,3.20981e+09,5.97465e+09,959906703.6,4.35867e+09,3.16939e+09,2.09136e+09,1.08087e+09,238156597.3,2.80526e+09,21917364.7,167566392.9,1.00864e+09,1.86284e+09,3.14238e+09,619191283.6,2.60310e+09,2.15524e+09,1.04276e+09,743613801.3,-153292826.0,987141404.6,1.48043e+09,-62917359.9,300353323.2,965198785.2,849461916.6,2.15023e+09,336524440.9,1.46217e+09,983942956.3,875398106.1,346573535.5,325433341.6,1.16629e+09,938306899.9,2.92338e+09,-2.93089e+10,-3.66996e+09,9.64876e+10,7.81582e+10,1.50584e+11,2.52262e+10,1.25371e+11,8.28455e+10,4.97808e+10,3.56306e+09,6.77388e+10,7.55774e+10,-1.89327e+09,-6.29318e+09,5.40956e+10,4.09203e+10,8.71506e+10,1.59710e+10,7.58722e+10,4.70819e+10,2.38452e+10,-811781497.1,4.00687e+10,4.73344e+10,-2.76258e+09,1.15365e+09,5.48951e+09,9.65541e+09,1.49201e+10,2.30245e+09,9.36370e+09,8.93044e+09,7.31871e+09,1.60783e+09,5.98971e+09,5.29899e+09,-3.54307e+09,-431385340.4,1.43487e+10,1.53536e+10,2.69203e+10,3.56840e+09,2.26099e+10,1.58875e+10,6.40959e+09,-44872479.0,1.10329e+10,1.69424e+10,-2.66926e+11,5.82690e+10,5.99087e+11,3.17101e+11,9.14357e+11,1.33171e+11,6.00534e+11,4.93884e+11,5.05286e+11,1.65834e+11,4.20473e+11,2.75900e+11,-4.79251e+09,3.18066e+09,1.13140e+10,7.84028e+09,2.37689e+10,3.25755e+09,6.93444e+09,1.36131e+10,2.26447e+10,1.03985e+10,1.01558e+10,-2.13337e+09,-579.4,135447.5,493471.7,1155271.9,1806552.2,351117.9,1299464.2,1035762.4,597851.3,17223.0,770789.8,857583.1
12.year_inc,-2252318.1,-409709.5,7211472.8,4852527.9,11327964.4,1720203.6,7577453.9,6177306.0,6014823.1,2979012.0,1819503.9,5150658.4,3592937.8,0.000867,0.00587,0.00195,-0.0270,0.0113,0.0158,0.0151,0.00970,0.0138,0.00848,-0.00832,0.0130,0.00824,10435.2,209815.0,701534.1,1177233.8,2126252.4,405782.0,1437345.4,1046494.3,750702.6,345059.1,127818.5,1079758.1,969767.8,0.00954,0.0101,0.00551,-0.00170,0.0178,0.0106,0.0234,0.0169,0.00897,0.00717,0.00526,0.0188,0.0153,186995.7,331776.1,1730099.4,1499261.1,3972020.4,552647.1,2611779.7,2048714.7,1503158.3,723681.1,608770.6,1923305.7,1916215.0,-4985.5,11731.4,113540.6,498132.6,618112.8,74532.0,510845.9,360785.2,69069.4,35347.7,-40294.3,257327.6,474511.4,-0.0000869,0.000340,0.000287,-0.0101,0.00344,0.00349,0.00546,0.00353,0.00145,0.00110,-0.00502,0.00333,0.00425,0.0167,0.0457,0.0555,0.0609,0.0384,0.0486,0.0377,0.0382,0.0411,0.0396,0.0460,0.0386,0.0291,73279.8,1578420.8,4242975.5,2284362.4,8580553.4,1497763.7,5048284.4,4506911.6,3268372.5,1662796.6,1494452.3,4073641.8,3814417.2,-0.0699,-0.131,-0.136,-0.157,-0.0852,-0.0745,-0.0747,-0.0774,-0.0624,-0.0561,-0.113,-0.0940,-0.0875,-3020244.3,-5004443.5,-1370796.2,167748.3,-9111915.7,-779310.9,-4421624.6,-4432346.6,-504618.8,-190504.5,-1446393.5,-4679569.1,-7827986.0,0.0101,0.0435,0.0289,0.0266,0.0351,0.0268,0.0446,0.0361,0.0388,0.0372,0.00859,0.0341,0.0353,-909522.4,1349767.7,6446980.6,4282172.6,12164881.0,1842043.1,8339401.1,6592738.2,4541318.9,2247854.9,1424206.2,5572142.8,5781519.0,78844234.5,549552380.0,2.93580e+09,4.22181e+09,7.92148e+09,1.23622e+09,5.70229e+09,4.39946e+09,2.85736e+09,1.55331e+09,469300783.5,3.52201e+09,26785797.4,99263483.1,1.59851e+09,2.58481e+09,4.42173e+09,786931500.3,3.53304e+09,2.99812e+09,1.40646e+09,945406449.0,-106799311.0,1.42361e+09,2.22834e+09,8884927.1,285649693.8,1.22780e+09,1.03228e+09,2.65069e+09,359344103.3,1.71675e+09,1.22318e+09,1.12501e+09,436235838.7,447187398.0,1.42751e+09,1.16633e+09,3.82789e+09,-3.03616e+10,-1.11294e+10,1.15443e+11,1.04435e+11,1.88322e+11,3.19832e+10,1.52577e+11,1.03641e+11,6.47148e+10,7.71901e+09,8.46811e+10,9.16242e+10,-2.17073e+09,-1.22486e+10,6.47103e+10,5.36313e+10,1.04354e+11,1.96378e+10,8.92161e+10,5.65026e+10,3.15058e+10,1.02226e+09,4.78510e+10,5.32100e+10,-3.26194e+09,2.02434e+09,7.00654e+09,1.41158e+10,2.17803e+10,3.77978e+09,1.31007e+10,1.32470e+10,9.90987e+09,2.66788e+09,8.53333e+09,8.09065e+09,-3.70391e+09,-1.35065e+09,1.70477e+10,2.10804e+10,3.43987e+10,4.59437e+09,2.83150e+10,2.03487e+10,8.35067e+09,325739952.9,1.40500e+10,2.14536e+10,-2.51849e+11,2.86787e+10,7.10446e+11,4.12824e+11,1.12708e+12,1.63953e+11,7.14749e+11,6.06590e+11,6.30666e+11,2.17998e+11,5.20487e+11,3.32458e+11,-5.43570e+09,6.65455e+09,1.79987e+10,9.19862e+09,3.49335e+10,5.05513e+09,1.57877e+10,2.10519e+10,2.95636e+10,1.28596e+10,1.38816e+10,314723636.0,2516.8,135944.6,656165.2,1586252.9,2404016.2,417625.5,1760747.1,1338813.8,773813.7,1836.9,1065202.4,1212577.0
14.year_inc,-1402313.9,-1214086.9,7783258.2,6240594.7,13589358.0,2090216.4,8779913.6,7395784.7,7196735.3,3563810.2,2333713.7,6193573.4,4302406.3,0.000951,0.00679,0.00416,-0.0286,0.0140,0.0177,0.0184,0.0130,0.0167,0.0119,-0.00653,0.0152,0.0107,23340.7,217984.0,821398.9,1558906.5,2653693.6,476849.3,1763268.2,1367426.2,919728.4,440047.5,228097.2,1286267.4,1257115.9,0.0101,0.0127,0.00703,-0.000230,0.0208,0.0139,0.0276,0.0198,0.00953,0.00640,0.00431,0.0219,0.0179,286979.0,324674.6,1904215.7,1954147.9,4734048.5,692189.4,3100030.3,2443654.2,1782881.1,844398.8,743775.4,2290394.3,2258978.0,-4387.1,6723.4,144720.6,649414.2,794803.9,100902.6,645599.6,459643.4,84210.6,42726.9,-37279.3,335160.4,609690.7,-0.0000849,0.000265,0.00103,-0.0113,0.00444,0.00480,0.00688,0.00453,0.00171,0.00129,-0.00537,0.00433,0.00546,0.0186,0.0516,0.0671,0.0714,0.0440,0.0537,0.0426,0.0441,0.0492,0.0486,0.0542,0.0440,0.0327,383106.5,1483355.3,4835575.9,2941942.7,10110333.1,1757574.3,5813006.8,5324606.4,3968171.1,2031479.8,1868112.8,4785726.7,4384587.7,-0.0704,-0.151,-0.159,-0.175,-0.0960,-0.0845,-0.0850,-0.0869,-0.0691,-0.0615,-0.125,-0.106,-0.0987,-2986600.5,-5834392.2,-1912471.8,349364.0,-10265744.7,-882950.9,-5088224.5,-4974144.2,-559144.9,-198794.5,-1604939.5,-5291600.5,-8823648.9,0.00980,0.0461,0.0382,0.0288,0.0389,0.0290,0.0494,0.0404,0.0452,0.0461,0.00971,0.0372,0.0386,-421196.6,850396.4,7190244.2,5474306.2,14241476.3,2193847.4,9536768.9,7740657.6,5459744.5,2734042.9,1811081.6,6500818.7,6587884.4,98364803.6,453411182.4,3.47388e+09,5.56834e+09,9.66446e+09,1.48335e+09,6.97690e+09,5.45712e+09,3.34985e+09,1.79089e+09,670354734.0,4.20734e+09,62248457.9,106223816.6,1.71741e+09,3.56170e+09,5.54794e+09,985159439.1,4.25360e+09,3.74460e+09,1.78206e+09,1.16833e+09,57575246.4,1.80334e+09,2.78072e+09,17926226.2,280127264.9,1.45179e+09,1.49228e+09,3.32697e+09,424374508.0,2.22547e+09,1.48070e+09,1.29649e+09,520118180.9,560749601.2,1.84627e+09,1.60610e+09,4.83126e+09,-2.53477e+10,-2.37900e+10,1.25828e+11,1.35237e+11,2.23223e+11,3.78924e+10,1.75370e+11,1.24523e+11,7.80233e+10,1.23889e+10,9.86995e+10,1.07307e+11,-2.09187e+09,-2.08536e+10,6.97476e+10,6.98355e+10,1.17035e+11,2.22056e+10,9.77601e+10,6.52510e+10,3.76295e+10,2.49465e+09,5.17835e+10,5.71994e+10,-2.43391e+09,1.62606e+09,7.70334e+09,1.86006e+10,2.72718e+10,4.71714e+09,1.69256e+10,1.64931e+10,1.15548e+10,3.07450e+09,1.07787e+10,1.10000e+10,-3.05403e+09,-2.89682e+09,1.87581e+10,2.71335e+10,4.14017e+10,5.58439e+09,3.34452e+10,2.45488e+10,1.01425e+10,942723113.5,1.68529e+10,2.56748e+10,-1.54933e+11,-6.00123e+10,7.68577e+11,5.25146e+11,1.33246e+12,1.99323e+11,8.17014e+11,7.13094e+11,7.46658e+11,2.69247e+11,6.19362e+11,3.86475e+11,-5.05151e+09,2.70774e+09,1.95022e+10,1.20259e+10,3.48669e+10,6.75863e+09,1.43362e+10,2.45879e+10,3.00244e+10,1.45551e+10,1.02790e+10,-1.91610e+09,4547.2,138046.8,831315.6,2099009.1,3088292.1,503438.1,2196685.1,1723846.6,977612.5,92316.2,1364445.5,1607241.5
16.year_inc,-323275.3,-2022458.8,8112764.2,7540394.6,16010466.1,2556109.4,10027634.8,8633206.0,8418396.3,4156242.4,2935678.5,7377260.1,5035960.4,0.000912,0.00730,0.00756,-0.0237,0.0172,0.0218,0.0221,0.0164,0.0194,0.0145,-0.00520,0.0180,0.0134,34002.9,210143.5,956903.4,2015218.3,3257608.3,595673.1,2127004.0,1711663.7,1096781.3,529370.9,334337.2,1545944.7,1565154.0,0.0104,0.0149,0.00809,0.000803,0.0230,0.0130,0.0305,0.0218,0.0120,0.00987,0.00426,0.0244,0.0195,399460.1,301106.5,2011045.7,2378788.5,5428995.2,789993.2,3487264.9,2782750.7,2120802.0,1019496.2,918203.6,2646244.5,2518200.1,-2796.0,-2643.4,148919.1,836181.7,979942.5,120370.3,806790.2,583439.4,111877.0,58150.3,-42974.6,396503.2,747695.3,-0.0000626,0.0000643,0.000996,-0.00940,0.00545,0.00552,0.00857,0.00582,0.00245,0.00209,-0.00629,0.00502,0.00668,0.0199,0.0591,0.0781,0.0787,0.0490,0.0581,0.0469,0.0493,0.0549,0.0550,0.0608,0.0486,0.0360,733336.8,1437369.6,5312378.9,3543199.8,11628640.1,2058684.8,6552894.8,6116557.9,4647369.2,2381390.0,2261617.7,5512082.2,4922586.2,-0.0701,-0.167,-0.182,-0.196,-0.106,-0.0917,-0.0950,-0.0964,-0.0743,-0.0667,-0.133,-0.118,-0.110,-2912404.5,-6480338.1,-2528193.8,414776.1,-11386681.7,-939587.3,-5748152.4,-5540448.0,-589954.3,-209125.1,-1689922.6,-5846233.7,-9857140.1,0.0109,0.0497,0.0484,0.0299,0.0427,0.0303,0.0536,0.0437,0.0515,0.0524,0.0119,0.0415,0.0418,259497.9,382020.4,7773886.3,6578441.8,16434943.1,2615727.9,10722711.3,8829353.7,6418289.5,3203860.8,2279452.9,7605589.4,7400925.8,240908528.6,505784015.4,3.84193e+09,7.19350e+09,1.19595e+10,1.77546e+09,8.64794e+09,6.73113e+09,4.04693e+09,2.18551e+09,989225369.8,5.22840e+09,143444462.5,5358591.2,1.96007e+09,4.57367e+09,6.79764e+09,1.23220e+09,5.12582e+09,4.57529e+09,2.15375e+09,1.39102e+09,193306494.9,2.22235e+09,3.41169e+09,181549304.6,200510294.7,1.60581e+09,1.78844e+09,3.86596e+09,556762509.2,2.38380e+09,1.64940e+09,1.45736e+09,573018347.8,657313043.1,2.21656e+09,1.85183e+09,6.13714e+09,-1.80580e+10,-3.57978e+10,1.31723e+11,1.66020e+11,2.57720e+11,4.42513e+10,1.98621e+11,1.44054e+11,9.18739e+10,1.78100e+10,1.13666e+11,1.21595e+11,-1.33852e+09,-2.84485e+10,7.29065e+10,8.53785e+10,1.28995e+11,2.43203e+10,1.05709e+11,7.16332e+10,4.45656e+10,5.35542e+09,5.73615e+10,6.01089e+10,-1.70767e+09,1.34992e+09,9.05137e+09,2.39120e+10,3.49733e+10,6.18468e+09,2.15256e+10,2.11942e+10,1.39191e+10,4.57563e+09,1.37791e+10,1.48696e+10,-2.05476e+09,-4.54967e+09,1.96169e+10,3.36707e+10,4.84837e+10,6.66915e+09,3.88643e+10,2.90124e+10,1.20925e+10,1.43843e+09,1.94714e+10,2.97221e+10,-2.93768e+10,-1.50693e+11,8.12101e+11,6.14445e+11,1.56133e+12,2.42947e+11,9.25145e+11,8.23842e+11,8.70568e+11,3.28390e+11,7.37492e+11,4.47820e+11,-338946499.4,2.45098e+09,2.06719e+10,1.48586e+10,4.61317e+10,5.97568e+09,2.15806e+10,3.05423e+10,3.51410e+10,1.69271e+10,1.55894e+10,5.01504e+09,24804.9,151737.5,957540.9,2681613.1,3842845.8,658115.2,2700321.6,2182629.6,1200751.1,210069.9,1660216.2,1983979.5
18.year_inc,897378.7,-2260040.0,7814779.9,8711689.8,18840166.7,3147853.3,11401008.3,10087074.7,9774620.2,4822311.8,3633154.7,8753092.0,5917693.2,0.00106,0.00783,0.0119,-0.0161,0.0202,0.0253,0.0258,0.0200,0.0232,0.0199,-0.00487,0.0204,0.0157,54213.0,221216.5,1062513.9,2494194.4,3889603.7,724230.6,2514630.9,2092793.1,1322920.8,665984.8,437037.7,1796810.6,1842452.3,0.0109,0.0173,0.0118,0.00151,0.0251,0.0112,0.0324,0.0232,0.0134,0.00967,0.00620,0.0272,0.0212,532113.0,352863.6,2057772.4,2758599.0,6169204.1,901403.8,3823514.1,3112050.5,2467185.1,1166868.7,1156962.5,3057153.6,2800615.2,-2218.5,676.3,153663.2,1022366.0,1173702.8,154996.6,982608.9,699107.8,145014.4,77117.4,-37403.1,474595.0,873691.8,-0.0000674,0.000175,0.00130,-0.00689,0.00644,0.00696,0.0104,0.00690,0.00327,0.00302,-0.00662,0.00590,0.00774,0.0234,0.0635,0.0859,0.0911,0.0528,0.0611,0.0495,0.0536,0.0607,0.0612,0.0670,0.0519,0.0376,1218769.5,1501308.1,5422013.1,4201577.1,13147033.8,2401945.0,7198651.4,6921741.9,5401745.9,2771104.7,2702446.0,6225291.8,5343342.9,-0.0700,-0.176,-0.204,-0.212,-0.115,-0.0983,-0.103,-0.104,-0.0800,-0.0727,-0.141,-0.127,-0.119,-2835334.2,-6849229.0,-3225660.7,494765.2,-12234537.8,-975334.9,-6237565.7,-5968548.0,-634640.0,-230545.5,-1778255.9,-6265989.8,-10624562.9,0.0144,0.0519,0.0556,0.0366,0.0457,0.0302,0.0568,0.0472,0.0582,0.0607,0.0167,0.0441,0.0440,1126227.9,285133.1,7746947.1,7676568.1,18829461.3,3124922.6,11920038.2,10087721.5,7492111.4,3756508.1,2867200.9,8741739.8,8212427.2,293982810.9,472115871.2,4.24791e+09,8.82628e+09,1.41197e+10,2.13750e+09,9.93056e+09,7.90102e+09,4.88943e+09,2.69695e+09,1.44185e+09,6.21872e+09,221759222.9,174005894.0,2.07229e+09,5.72159e+09,8.39184e+09,1.51548e+09,6.12480e+09,5.62685e+09,2.75191e+09,1.79950e+09,528010512.5,2.76499e+09,4.12446e+09,234245688.7,282569896.5,1.59030e+09,2.01958e+09,4.25396e+09,622727810.1,2.62373e+09,1.82971e+09,1.73576e+09,719824034.7,798855982.6,2.42424e+09,1.89547e+09,7.09281e+09,-9.62428e+09,-3.83869e+10,1.25003e+11,1.97294e+11,2.93258e+11,5.20394e+10,2.20852e+11,1.66306e+11,1.07480e+11,2.46903e+10,1.26951e+11,1.33738e+11,-1.24638e+09,-3.05076e+10,6.72236e+10,1.01687e+11,1.37974e+11,2.68368e+10,1.11521e+11,7.92263e+10,5.16973e+10,7.99835e+09,5.87479e+10,5.94402e+10,-637560570.8,1.75089e+09,9.30284e+09,2.96624e+10,4.33007e+10,7.87071e+09,2.67923e+10,2.74245e+10,1.69076e+10,6.27702e+09,1.58761e+10,1.85224e+10,-858024955.7,-5.03550e+09,1.89699e+10,4.00846e+10,5.56093e+10,7.91543e+09,4.40357e+10,3.35390e+10,1.42809e+10,2.21811e+09,2.20703e+10,3.34130e+10,1.07562e+11,-1.80751e+11,7.89480e+11,6.89562e+11,1.83752e+12,3.01223e+11,1.05215e+12,9.57502e+11,1.00847e+12,3.97900e+11,8.80014e+11,5.27821e+11,7.96934e+09,897584965.4,2.14025e+10,1.71908e+10,5.81941e+10,8.59713e+09,2.75338e+10,3.79135e+10,4.14810e+10,2.03021e+10,2.02806e+10,8.11591e+09,27541.8,183836.1,1113616.6,3455648.1,4823677.8,835476.2,3297857.1,2838509.9,1499729.4,404415.6,1985168.0,2488472.2
20.year_inc,2168744.4,-2173150.5,7413798.8,9755160.0,21350440.1,3707471.5,12492146.1,11281465.3,11131613.9,5477611.4,4350266.7,10068974.8,6511354.8,0.00116,0.00835,0.0149,-0.00917,0.0227,0.0248,0.0287,0.0223,0.0266,0.0227,-0.00346,0.0231,0.0179,73113.1,242896.6,1112383.6,2937598.5,4434304.9,783068.5,2817849.1,2363511.1,1547326.2,772161.2,563583.7,2070793.7,2103910.1,0.0117,0.0167,0.0143,0.000621,0.0260,0.0137,0.0329,0.0248,0.0135,0.0113,0.00679,0.0273,0.0208,686587.1,343183.4,2039953.7,3071642.3,6702363.1,1078195.2,3997092.1,3422325.2,2781131.1,1337020.6,1378956.0,3280037.8,2843036.7,-3057.7,1077.3,193082.7,1278917.4,1469867.0,188980.5,1178622.3,883891.2,194702.3,100819.5,-4598.4,585975.8,1086184.3,-0.000105,0.000179,0.00281,-0.0000229,0.00812,0.00831,0.0124,0.00890,0.00462,0.00422,-0.00549,0.00724,0.00968,0.0266,0.0672,0.0948,0.102,0.0572,0.0640,0.0529,0.0581,0.0651,0.0653,0.0720,0.0562,0.0403,1712138.4,1667740.2,5510040.1,4816398.4,14662598.3,2731258.9,7828347.9,7663731.3,6133878.7,3132885.3,3140110.5,6998867.0,5797460.8,-0.0703,-0.183,-0.220,-0.224,-0.121,-0.105,-0.110,-0.110,-0.0838,-0.0760,-0.146,-0.134,-0.125,-2773835.9,-7073655.2,-3766635.6,588425.0,-12813868.6,-1017662.5,-6658431.6,-6273349.4,-644229.4,-222924.3,-1823799.4,-6540519.2,-11151976.6,0.0169,0.0549,0.0598,0.0452,0.0489,0.0305,0.0603,0.0508,0.0631,0.0679,0.0191,0.0467,0.0467,1991851.3,458626.2,7539705.4,8715720.2,21034751.2,3612417.2,12961672.6,11189781.5,8535255.4,4296629.9,3432502.3,9844969.7,8887078.6,448544397.6,570934822.8,4.41163e+09,1.02369e+10,1.61035e+10,2.54195e+09,1.09219e+10,9.02596e+09,5.74596e+09,3.06338e+09,1.99247e+09,7.07755e+09,260172070.9,197860913.0,2.11172e+09,6.68487e+09,9.45533e+09,1.66023e+09,6.85030e+09,6.37755e+09,3.18535e+09,2.10555e+09,708743008.8,3.07778e+09,4.60975e+09,287231821.6,352992180.2,1.78376e+09,2.13800e+09,4.80459e+09,695991205.8,2.81682e+09,2.03655e+09,2.09034e+09,864935379.6,1.01601e+09,2.76805e+09,2.01826e+09,7.81560e+09,-660168799.2,-3.93751e+10,1.19968e+11,2.27883e+11,3.29539e+11,5.85509e+10,2.40198e+11,1.86038e+11,1.23980e+11,3.31832e+10,1.43500e+11,1.47007e+11,-1.06888e+09,-3.21123e+10,6.30897e+10,1.17307e+11,1.48091e+11,2.86518e+10,1.16328e+11,8.51788e+10,5.90280e+10,1.15069e+10,6.29121e+10,6.04110e+10,578414422.3,2.17619e+09,1.09445e+10,3.70107e+10,5.46051e+10,1.00245e+10,3.15719e+10,3.48582e+10,2.02948e+10,8.66391e+09,1.97469e+10,2.42858e+10,327228346.9,-5.20865e+09,1.85078e+10,4.66842e+10,6.30569e+10,8.95343e+09,4.87246e+10,3.79747e+10,1.67088e+10,3.36660e+09,2.50822e+10,3.73947e+10,2.55471e+11,-1.70336e+11,7.52893e+11,7.55844e+11,2.08170e+12,3.56382e+11,1.15230e+12,1.06739e+12,1.14465e+12,4.67535e+11,1.01431e+12,5.80674e+11,1.33554e+10,2.75561e+09,2.12846e+10,1.90077e+10,7.04855e+10,7.72155e+09,3.24443e+10,4.46873e+10,4.92769e+10,2.45172e+10,2.57982e+10,1.34871e+10,40668.0,181426.7,1119177.0,4012726.1,5406854.3,897152.8,3665239.9,3167804.9,1736645.3,482774.1,2239049.3,2773056.2
22.year_inc,3480921.6,-1912542.9,7336504.8,10571747.3,23380112.1,4157075.2,13252280.1,12250441.2,12465745.4,6133793.3,5034717.3,11129670.9,6757291.5,0.00132,0.00907,0.0148,-0.00309,0.0245,0.0263,0.0306,0.0246,0.0295,0.0253,-0.00222,0.0244,0.0189,95450.0,277575.6,1099934.2,3309839.9,4849817.9,862814.6,3028766.1,2614249.0,1762230.0,879837.5,684458.1,2235568.9,2224773.3,0.0128,0.0155,0.0143,0.00279,0.0268,0.0125,0.0337,0.0258,0.0130,0.0105,0.00676,0.0279,0.0212,861356.7,336122.7,2023052.8,3370336.9,7150554.6,1165505.9,4159760.0,3650975.6,3074631.9,1474057.0,1579983.2,3499579.0,2910416.8,-2164.3,-8376.0,188353.5,1473255.0,1650883.8,214847.9,1316887.5,991884.4,216356.8,115173.3,10735.4,658999.4,1219679.1,-0.000103,-0.000102,0.00271,0.00445,0.00905,0.00925,0.0138,0.00995,0.00488,0.00467,-0.00530,0.00804,0.0109,0.0294,0.0702,0.102,0.110,0.0612,0.0679,0.0560,0.0628,0.0688,0.0707,0.0760,0.0593,0.0425,2207068.1,1882251.9,5685499.0,5283702.2,15963452.3,3026189.1,8334343.7,8362341.6,6848787.6,3521788.5,3547175.1,7601110.7,6088475.6,-0.0698,-0.187,-0.235,-0.241,-0.126,-0.108,-0.116,-0.115,-0.0861,-0.0787,-0.149,-0.140,-0.131,-2670716.9,-7187505.5,-4213152.5,510149.8,-13362349.6,-1032397.8,-7089144.6,-6557735.2,-620636.6,-210154.3,-1831964.3,-6804614.4,-11709315.2,0.0200,0.0547,0.0619,0.0513,0.0512,0.0319,0.0623,0.0535,0.0681,0.0729,0.0237,0.0486,0.0481,2910533.8,643895.5,7539255.7,9529741.1,22797699.0,4023305.1,13651342.2,12075548.0,9576291.3,4815415.1,4017645.6,10722151.1,9198102.6,622562498.6,694682433.7,4.52216e+09,1.14560e+10,1.76203e+10,2.73495e+09,1.19154e+10,9.90893e+09,6.47642e+09,3.48269e+09,2.29186e+09,7.71136e+09,321385434.3,237561120.1,2.20052e+09,7.76049e+09,1.07228e+10,1.82821e+09,7.38032e+09,7.13295e+09,3.84987e+09,2.48696e+09,1.21288e+09,3.58983e+09,5.04470e+09,365872002.7,425377637.4,1.82951e+09,2.54716e+09,5.30178e+09,724575870.5,3.03120e+09,2.24735e+09,2.30821e+09,979449808.0,1.20743e+09,3.05443e+09,2.26900e+09,8.40892e+09,8.40576e+09,-3.82137e+10,1.16766e+11,2.49996e+11,3.56657e+11,6.50008e+10,2.53118e+11,2.00980e+11,1.38569e+11,4.03016e+10,1.55677e+11,1.53088e+11,-385321264.9,-3.29586e+10,6.00976e+10,1.27302e+11,1.54955e+11,3.11969e+10,1.18482e+11,8.96878e+10,6.53700e+10,1.43384e+10,6.52670e+10,5.83879e+10,1.96889e+09,2.28644e+09,1.05418e+10,4.14115e+10,5.99315e+10,1.12022e+10,3.49974e+10,3.75068e+10,2.29944e+10,1.03149e+10,2.24247e+10,2.57348e+10,1.42835e+09,-5.01198e+09,1.81598e+10,5.21811e+10,6.92153e+10,9.96602e+09,5.25067e+10,4.15509e+10,1.88127e+10,4.35882e+09,2.76644e+10,4.04366e+10,4.05260e+11,-1.42519e+11,7.49542e+11,8.16780e+11,2.28056e+12,4.02428e+11,1.22438e+12,1.15908e+12,1.27510e+12,5.32138e+11,1.12148e+12,6.03028e+11,1.58321e+10,6.55245e+09,2.28724e+10,2.19465e+10,8.01716e+10,1.29014e+10,3.49845e+10,4.98381e+10,5.37530e+10,2.68563e+10,3.03336e+10,1.35172e+10,53654.9,199514.0,1159321.0,4702081.4,6145183.6,992779.7,4115686.7,3585672.4,2039423.6,621995.0,2559511.1,3112980.2
24.year_inc,4617437.2,-1081102.3,6877894.1,11288458.8,25261678.0,4500924.4,13870548.6,13137011.5,13790868.6,6778969.5,5725885.3,12124666.6,6969884.9,0.00155,0.00825,0.0178,0.00720,0.0268,0.0276,0.0330,0.0271,0.0316,0.0279,0.0000416,0.0264,0.0210,119156.5,276603.7,1140216.8,3742465.7,5340941.1,928263.9,3271452.9,2887515.6,1961653.2,989373.1,828046.8,2453425.5,2451024.0,0.0145,0.0155,0.0156,0.0000717,0.0272,0.0118,0.0329,0.0267,0.0133,0.0118,0.00767,0.0278,0.0208,1046895.7,445841.1,1955214.3,3543284.2,7521645.9,1235096.3,4168712.4,3865646.0,3388634.8,1639970.2,1801274.3,3655999.9,2897914.8,6839.5,-4914.4,169803.0,1662707.9,1834518.3,236578.5,1466805.4,1117452.2,233047.8,123170.7,16544.9,717066.1,1364892.0,0.0000787,-0.0000617,0.00236,0.00905,0.00999,0.0100,0.0153,0.0112,0.00495,0.00467,-0.00560,0.00863,0.0123,0.0324,0.0729,0.108,0.121,0.0657,0.0718,0.0594,0.0675,0.0743,0.0758,0.0822,0.0635,0.0450,2668997.2,2323889.5,5672282.2,5795295.7,17301101.4,3269076.2,8830406.3,9037270.3,7624177.8,3906815.6,4008444.1,8263831.1,6407847.4,-0.0694,-0.187,-0.250,-0.256,-0.131,-0.112,-0.121,-0.119,-0.0876,-0.0805,-0.152,-0.144,-0.136,-2584789.1,-7129540.0,-4692795.1,435618.5,-13800025.1,-1070831.7,-7420381.1,-6817281.1,-577735.5,-186808.4,-1840861.8,-6982744.0,-12151457.9,0.0240,0.0548,0.0647,0.0580,0.0542,0.0343,0.0651,0.0569,0.0728,0.0777,0.0275,0.0512,0.0505,3773533.2,1270569.1,7237545.1,10278805.8,24567595.6,4363869.0,14320792.0,12956480.5,10618034.4,5329631.6,4597741.6,11611115.1,9585692.2,907002894.8,747727965.5,4.49621e+09,1.24830e+10,1.88756e+10,2.83572e+09,1.23278e+10,1.06380e+10,7.49439e+09,4.09036e+09,2.86770e+09,8.23765e+09,439746569.9,273354362.3,2.18444e+09,8.72511e+09,1.18329e+10,2.01919e+09,7.99049e+09,7.89641e+09,4.36971e+09,2.84264e+09,1.47571e+09,3.93648e+09,5.44399e+09,572855721.1,385312839.5,1.93599e+09,2.61296e+09,5.59563e+09,796595903.5,3.04619e+09,2.39245e+09,2.64134e+09,1.09148e+09,1.32930e+09,3.20318e+09,2.15769e+09,8.54554e+09,1.63459e+10,-3.05091e+10,1.07667e+11,2.71870e+11,3.82953e+11,6.98541e+10,2.64904e+11,2.15777e+11,1.54074e+11,4.83216e+10,1.67176e+11,1.59025e+11,143412212.6,-2.95693e+10,5.44017e+10,1.37481e+11,1.63302e+11,3.26166e+10,1.20232e+11,9.51836e+10,7.30245e+10,1.84978e+10,6.81189e+10,5.76613e+10,2.96234e+09,2.88845e+09,1.09781e+10,4.77715e+10,6.84264e+10,1.22218e+10,3.97680e+10,4.29749e+10,2.54709e+10,1.16591e+10,2.54515e+10,3.07337e+10,2.38773e+09,-4.01267e+09,1.68771e+10,5.73274e+10,7.47718e+10,1.08160e+10,5.61979e+10,4.49614e+10,2.07179e+10,5.16680e+09,2.98104e+10,4.32379e+10,5.29437e+11,-4.86043e+10,6.97587e+11,8.62951e+11,2.45093e+12,4.35691e+11,1.27732e+12,1.23578e+12,1.40088e+12,5.91222e+11,1.21515e+12,6.14354e+11,2.80860e+10,7.50603e+09,2.26764e+10,2.44954e+10,9.42891e+10,1.42697e+10,4.40897e+10,5.77659e+10,6.14361e+10,3.07170e+10,3.65231e+10,1.85834e+10,72907.8,222096.2,1208538.6,5361383.1,6901844.5,1072128.6,4506586.6,4070133.7,2374892.0,857938.0,2831710.8,3454823.8
26.year_inc,5483185.0,-23643.8,6380088.4,11834343.7,27128689.2,4847308.5,14472225.3,13972447.1,15125170.6,7420780.7,6395362.7,13156242.1,7156210.1,0.00172,0.00789,0.0205,0.0152,0.0285,0.0283,0.0343,0.0289,0.0341,0.0295,0.00239,0.0281,0.0222,137594.5,298876.5,1167391.5,4084100.9,5749797.5,983002.0,3418547.4,3104138.8,2180280.3,1087366.3,972991.5,2645658.7,2586515.2,0.0161,0.0172,0.0177,-0.00144,0.0282,0.0119,0.0329,0.0278,0.0158,0.0140,0.00853,0.0285,0.0204,1203799.7,648142.4,1900559.9,3684939.8,7968654.4,1318385.2,4247823.7,4086143.2,3772952.4,1819727.8,2017168.0,3882511.3,2877316.8,3538.9,-7944.2,161228.4,1874689.7,2031212.2,260582.8,1618305.9,1254872.8,265076.6,142650.1,36797.8,776339.4,1505552.8,-0.00000648,-0.000207,0.00234,0.0156,0.0110,0.0109,0.0169,0.0126,0.00550,0.00540,-0.00517,0.00921,0.0136,0.0365,0.0764,0.116,0.129,0.0704,0.0759,0.0632,0.0722,0.0799,0.0806,0.0867,0.0681,0.0477,3109547.8,2889439.2,5664496.0,6198041.2,18687348.8,3521555.7,9358871.7,9706845.3,8418087.1,4290912.6,4432806.8,8980503.5,6747706.0,-0.0695,-0.187,-0.258,-0.272,-0.134,-0.114,-0.124,-0.122,-0.0886,-0.0810,-0.154,-0.148,-0.140,-2537518.7,-7061787.3,-4965163.3,302346.1,-14110537.3,-1057080.5,-7684694.8,-6995104.3,-525892.2,-148524.1,-1844769.3,-7115432.9,-12527564.7,0.0276,0.0579,0.0679,0.0628,0.0573,0.0367,0.0679,0.0601,0.0777,0.0826,0.0311,0.0542,0.0529,4466324.2,2179860.5,6914566.6,10849263.5,26350691.1,4709148.1,14979702.3,13795194.3,11684435.4,5850772.1,5164768.6,12555496.7,9957107.5,1.13777e+09,879164683.4,4.42593e+09,1.36521e+10,2.04143e+10,3.04382e+09,1.28648e+10,1.14210e+10,8.37144e+09,4.52521e+09,3.43130e+09,8.99333e+09,487591506.1,276178350.9,2.16491e+09,9.66458e+09,1.28048e+10,2.17009e+09,8.67429e+09,8.67048e+09,4.81032e+09,3.15285e+09,1.61270e+09,4.13427e+09,5.82434e+09,543163182.0,686415692.1,1.99582e+09,2.82546e+09,6.27700e+09,931972910.0,3.23187e+09,2.67346e+09,3.12067e+09,1.25230e+09,1.64244e+09,3.60354e+09,2.22436e+09,8.99908e+09,2.29305e+10,-1.88290e+10,9.97483e+10,2.89967e+11,4.10803e+11,7.55567e+10,2.75444e+11,2.30665e+11,1.71062e+11,5.74261e+10,1.80137e+11,1.64184e+11,890050956.8,-2.43512e+10,4.90553e+10,1.45415e+11,1.71767e+11,3.47971e+10,1.21479e+11,1.00095e+11,8.07675e+10,2.27109e+10,7.16720e+10,5.62019e+10,4.22825e+09,2.99140e+09,1.08109e+10,5.39721e+10,7.52891e+10,1.36280e+10,4.37726e+10,4.75459e+10,2.80667e+10,1.37251e+10,2.77432e+10,3.35944e+10,3.18292e+09,-2.39795e+09,1.56908e+10,6.19319e+10,8.04938e+10,1.17002e+10,5.93310e+10,4.84728e+10,2.31922e+10,6.47414e+09,3.20210e+10,4.56014e+10,6.22676e+11,7.12959e+10,6.40414e+11,8.94575e+11,2.62847e+12,4.69489e+11,1.33693e+12,1.30975e+12,1.52983e+12,6.50874e+11,1.31872e+12,6.29150e+11,3.10119e+10,1.44615e+10,2.46155e+10,2.38765e+10,1.07928e+11,1.47084e+10,4.96503e+10,6.70050e+10,6.75709e+10,3.42776e+10,4.09229e+10,2.56486e+10,87055.1,223617.6,1190411.3,5926104.2,7471730.1,1176739.7,4832347.4,4435941.2,2596715.5,942092.0,3035788.9,3698274.9
ivparm1,0.000000952,0.000000412,0.000000600,0.000000434,-0.00000579,0.000000249,0.000000703,-0.00000109,0.000000384,-0.000000146,-0.000000702,-0.000000311,0.00000172,-3.02e-16,1.72e-15,1.12e-15,-9.83e-15,5.77e-16,9.92e-16,1.66e-15,4.51e-15,1.80e-15,-8.57e-16,-2.96e-15,-8.17e-16,-6.09e-17,3.96e-09,-5.42e-09,0.000000176,7.54e-08,-1.10e-08,3.48e-08,0.000000265,0.000000276,6.83e-08,1.16e-08,1.76e-08,0.000000205,0.000000149,5.10e-15,1.44e-15,-1.09e-15,1.33e-15,5.45e-15,2.62e-15,4.80e-15,2.79e-15,-8.23e-15,5.80e-15,3.44e-15,7.07e-16,2.79e-15,8.49e-09,0.000000106,-4.12e-08,0.000000363,0.000000115,4.42e-08,5.24e-08,-0.000000139,6.90e-08,9.28e-08,0.000000139,-0.000000198,0.000000473,-3.65e-10,-2.38e-09,-3.73e-09,8.92e-08,1.66e-08,2.05e-08,4.24e-08,2.78e-08,8.49e-09,-8.71e-11,-1.67e-08,2.23e-08,9.92e-08,-3.67e-17,-8.42e-18,-8.33e-16,-5.28e-15,3.75e-16,7.41e-16,9.78e-17,2.25e-16,3.21e-17,1.56e-16,-1.14e-15,-4.98e-17,7.40e-16,-4.70e-15,6.95e-15,-9.79e-15,7.16e-15,-1.30e-14,2.14e-14,5.13e-15,6.36e-15,-4.36e-15,-5.29e-15,-4.52e-15,1.61e-14,-7.58e-15,0.000000474,0.000000265,0.000000193,9.30e-08,0.00000170,0.000000291,0.000000686,0.000000732,0.000000251,6.88e-08,-0.000000305,-0.000000566,0.000000122,0.0253,0.0337,0.0404,0.0471,0.0302,0.0301,0.0293,0.0275,0.0236,0.0222,0.0316,0.0333,0.0314,1045086.1,1278609.2,917976.5,414134.2,3819358.5,410602.4,2168710.9,1850349.7,385880.0,189609.7,455021.9,1969008.8,3022876.1,-3.67e-15,2.73e-14,1.80e-14,2.51e-14,-1.59e-14,-1.33e-14,2.53e-14,7.99e-15,7.47e-15,-2.49e-14,2.07e-14,5.09e-15,1.98e-14,0.000000385,0.00000131,0.000000981,8.10e-08,0.00000222,9.80e-09,0.000000395,0.000000206,0.000000565,-5.69e-08,0.000000122,0.000000917,0.00000116,16700709.4,19293966.7,26517770.7,23604262.4,87397822.7,11161924.2,42592585.3,50170220.4,14884348.0,6745180.0,16166767.3,37227602.3,11382466.3,15668836.6,18801306.6,24162163.0,71176140.8,9015424.7,24792540.6,52461395.9,20460342.5,16586050.3,23535940.8,18714744.9,41700373.6,8308716.9,9715597.2,336567.2,3178559.3,23309837.4,5222760.5,12781490.4,14250170.3,-118880.3,1845131.3,4115041.8,9059667.1,18205957.2,61351550.5,3.28540e+09,8.56108e+09,6.17458e+09,2.62019e+09,2.11396e+10,2.20379e+09,1.20166e+10,1.04562e+10,2.08650e+09,2.50537e+09,1.06834e+10,1.68493e+10,275344444.6,6.61460e+09,5.06645e+09,2.30677e+09,1.42843e+10,1.44724e+09,7.97881e+09,7.30397e+09,1.35750e+09,1.76867e+09,6.98032e+09,1.14795e+10,718780739.7,611804827.8,457839806.1,293015527.6,2.18961e+09,448902995.3,728525689.7,1.31012e+09,486055802.7,704106254.4,879489857.6,1.25465e+09,229371845.5,769631855.1,535020570.8,194675818.8,1.76309e+09,177512792.3,1.01790e+09,877442160.4,172603194.2,197981247.5,885643374.6,1.41297e+09,-8.82083e+09,-1.05721e+10,-7.26808e+09,-2.80278e+09,-3.08469e+10,-3.30639e+09,-1.76966e+10,-1.49270e+10,-3.16156e+09,-3.55147e+09,-1.59199e+10,-2.43789e+10,-311068717.8,-271324038.5,-68767411.5,-37000774.9,-730258161.9,-83132918.6,-450738411.5,-454279816.7,-130698002.7,-102310906.6,-275978345.2,-516427240.6,500.4,1669.5,4173.8,2519.5,8942.8,1748.6,3087.9,5131.8,266.9,3830.5,3811.0,6927.3
2.year_inc#c.ivparm1,0,0,0,0,0,0,0,0,0,0,0,0,0,0,0,0,0,0,0,0,0,0,0,0,0,0,0,0,0,0,0,0,0,0,0,0,0,0,0,0,0,0,0,0,0,0,0,0,0,0,0,0,0,0,0,0,0,0,0,0,0,0,0,0,0,0,0,0,0,0,0,0,0,0,0,0,0,0,0,0,0,0,0,0,0,0,0,0,0,0,0,0,0,0,0,0,0,0,0,0,0,0,0,0,0,0,0,0,0,0,0,0,0,0,0,0,0,0,0,0,0,0,0,0,0,0,0,0,0,0,0,0,0,0,0,0,0,0,0,0,0,0,0,0,0,0,0,0,0,0,0,0,0,0,0,0,0,0,0,0,0,0,0,0,0,0,0,0,0,0,0,0,0,0,0,0,0,0,0,0,0,0,0,0,0,0,0,0,0,0,0,0,0,0,0,0,0,0,0,0,0,0,0,0,0,0,0,0,0,0,0,0,0,0,0,0,0,0,0,0,0,0,0,0,0,0,0,0,0,0,0,0,0,0,0,0,0,0,0,0,0,0,0,0,0,0,0,0,0,0,0,0,0,0,0,0,0,0,0,0,0,0,0,0,0,0,0,0,0,0,0,0,0,0,0,0,0,0,0,0,0,0,0,0,0,0,0,0,0,0,0,0
4.year_inc#c.ivparm1,-1.405,-2.038,-0.709,-0.0192,-4.171,-0.664,-1.916,-3.035,-0.913,-0.900,-0.912,-1.136,-2.594,-1.13e-09,0.0000271,0.000165,0.000403,0.0000695,0.000107,0.0000379,0.0000758,0.0000464,0.0000700,0.000145,0.0000622,0.0000683,-0.0606,1049.1,4020.6,3848.2,8917.8,1487.5,2866.9,5184.8,814.1,636.2,2119.2,3733.0,6616.2,-3.64e-09,0.000163,0.0000846,0.0000535,0.0000689,0.0000507,0.0000877,0.0000725,0.0000560,0.0000701,-0.0000716,0.0000650,0.0000738,-0.266,6281.4,2057.0,524.7,8862.9,713.0,6640.1,4966.6,980.9,641.6,-1048.1,3896.4,7169.1,-0.0146,-0.0105,-0.0123,-0.00247,-0.0399,-0.0105,-0.00377,-0.0335,-0.0148,-0.0147,-0.0184,-0.00640,-0.0146,-3.41e-10,-1.43e-10,-1.10e-10,-1.55e-12,1.12e-10,-1.59e-10,1.83e-10,2.48e-10,-5.15e-10,-8.23e-10,7.61e-11,6.07e-11,2.32e-10,-8.50e-09,-1.02e-08,-9.14e-09,-4.44e-10,-8.25e-09,-1.43e-08,-5.28e-09,-1.25e-08,-1.67e-08,-3.02e-08,-1.78e-08,-3.85e-09,-4.97e-09,-0.707,-1.110,-0.485,-0.0101,-2.312,-0.497,-0.918,-1.719,-0.656,-0.647,-0.644,-0.593,-1.159,0.0240,0.0324,0.0381,0.0458,0.0284,0.0275,0.0275,0.0253,0.0233,0.0205,0.0294,0.0319,0.0295,939862.6,1278078.4,996730.0,472767.4,3698594.5,391503.9,2127672.2,1756892.3,435769.5,199791.4,435153.1,1941702.2,2871321.1,-7.58e-09,-7.08e-09,-3.87e-09,-6.23e-11,-5.91e-09,-4.38e-09,-3.99e-09,-8.91e-09,-1.51e-08,-2.89e-08,-1.29e-08,-2.75e-09,-4.08e-09,-1.123,-1.713,-0.645,-0.0163,-3.497,-0.618,-1.514,-2.575,-0.830,-0.818,-0.834,-0.923,-2.049,30807727.5,34853993.4,53043614.2,36794445.5,157189024.1,44899300.2,52926140.1,62857520.8,34351596.5,13495389.5,37598481.6,94331503.4,12153531.3,15617749.6,33950351.1,35114135.6,97169356.4,26647134.4,41309048.9,70236004.7,12708880.9,7180645.0,17179665.8,26933351.8,57813341.1,10633929.8,15233951.9,9800244.6,3815259.8,39788047.0,-1343936.5,21782984.1,13354310.9,1111839.7,-3532553.0,-3822396.5,26433736.1,40020143.8,77938127.4,3.30304e+09,4.85644e+09,3.87537e+09,1.85033e+09,1.39115e+10,1.49886e+09,7.89642e+09,6.45986e+09,1.63629e+09,1.67739e+09,7.45162e+09,1.07763e+10,101678802.9,4.14488e+09,3.57174e+09,1.97612e+09,9.78203e+09,1.03563e+09,5.50982e+09,4.78679e+09,1.01770e+09,1.18613e+09,4.99524e+09,7.72869e+09,657040253.0,60713054.5,-2723534.9,-31485686.3,697868956.2,209071230.6,232627186.9,324230448.9,286892905.0,261750511.6,373638507.3,201904820.6,191229758.3,232132092.3,181770272.0,28316685.5,634831817.4,63115683.5,387940936.2,282879893.3,77500601.2,66247667.4,351951924.2,494215532.7,-9.01983e+09,-1.22445e+10,-9.86369e+09,-4.73873e+09,-3.59619e+10,-3.92101e+09,-2.05910e+10,-1.73514e+10,-4.28801e+09,-4.39106e+09,-1.86105e+10,-2.77528e+10,-272440060.6,-309979107.7,-117518766.4,-78553034.7,-785023737.9,-43204599.4,-616285899.1,-1.21186e+09,-98466345.8,55271709.0,426834063.4,-643352792.7,1764.8,-1.858,5177.8,9353.1,16214.2,2957.5,6530.5,9104.0,1822.7,1640.8,7110.2,11434.0
6.year_inc#c.ivparm1,-7679.1,-17505.8,-18677.7,-26161.0,-70023.6,-8935.4,-33308.5,-37000.1,-8523.3,-2251.0,-12501.9,-33023.4,-52564.9,-0.0000127,0.000204,0.000415,0.00115,0.000179,0.000211,0.0000946,0.000183,0.000180,0.000222,0.000259,0.000175,0.000175,-582.6,7466.7,9297.8,3406.0,19587.9,2102.5,6210.5,10606.1,2697.1,1962.3,2121.8,8981.8,14788.3,-0.0000182,0.000347,0.000429,-0.000420,0.000114,0.0000225,0.000233,0.0000629,0.0000781,0.000133,-0.0000537,0.000173,0.000134,-1381.4,11405.5,7336.8,-12405.7,4955.2,-1722.9,14536.9,-712.3,-419.9,782.9,-4435.7,5667.6,7098.0,268.9,59.33,-89.28,-4719.7,-4480.7,-409.7,-1585.2,-4008.1,-808.2,-790.8,-839.3,-472.6,-3262.8,0.00000700,0.00000259,0.00000670,-0.000141,-0.0000271,-0.0000203,-0.0000162,-0.0000486,-0.0000400,-0.0000796,-0.0000390,-0.00000277,-0.0000254,-0.0000275,-0.0000948,-0.0000417,-0.000234,-0.0000796,-0.000160,-0.0000647,-0.0000731,-0.000130,-0.0000812,-0.000183,-0.0000866,-0.0000576,-3115.7,-9981.0,-8159.2,-10763.3,-32019.2,-6391.9,-14275.7,-15924.4,-5956.2,-1746.3,-8165.9,-16094.8,-19671.1,0.0414,0.0623,0.0739,0.0850,0.0530,0.0498,0.0522,0.0479,0.0425,0.0393,0.0513,0.0588,0.0556,1570748.1,2462088.5,2079174.9,906096.3,7017553.9,726068.8,4106345.3,3385045.7,847158.8,406606.1,775926.9,3632508.2,5444326.3,-0.0000341,0.00000459,-0.0000577,-0.000172,-0.0000837,-0.0000591,-0.0000700,-0.000113,-0.000118,-0.0000826,-0.0000921,-0.0000500,-0.0000780,-5819.6,-12403.0,-16049.0,-23212.4,-57484.0,-8401.5,-26807.4,-32149.6,-7534.9,-2214.0,-10246.6,-25334.5,-41547.6,40689513.2,102686367.8,140640770.0,96718006.5,381359186.2,48834927.0,152403717.1,180746479.5,108847733.6,43052011.1,84364690.4,200612706.7,23380982.3,53674168.7,89656812.7,112974877.4,280283301.0,61074852.6,109984661.3,198464142.8,48864226.8,30517711.3,69102123.0,81819158.2,170344221.6,7553987.0,20050303.2,39945859.5,-4424755.1,62955337.3,4289046.6,50721533.3,23082423.9,7374278.0,2961306.0,-28200511.2,39872913.5,51292012.7,223676525.6,5.53717e+09,9.69966e+09,8.00358e+09,2.86198e+09,2.60962e+10,2.60839e+09,1.50217e+10,1.20570e+10,3.49769e+09,2.93374e+09,1.40392e+10,1.99901e+10,286067033.0,8.29179e+09,7.45166e+09,3.52841e+09,1.95517e+10,1.99597e+09,1.09357e+10,9.37310e+09,2.52837e+09,2.28948e+09,1.01786e+10,1.50274e+10,1.23512e+09,151717299.3,41179550.3,-252329674.5,1.19480e+09,259960916.0,372288910.6,600611348.5,391245230.3,425371712.4,594185974.3,543591176.4,313310616.1,437899887.7,317757641.2,-128753420.7,939503096.0,63511796.4,639283554.9,384310020.4,128825220.8,59740576.8,555193075.6,747166078.7,-1.62538e+10,-2.70816e+10,-2.41434e+10,-1.17588e+10,-7.92341e+10,-8.51644e+09,-4.51588e+10,-3.87004e+10,-9.76992e+09,-9.44209e+09,-4.05338e+10,-6.09478e+10,-415298914.3,-455672900.3,-73008008.0,-318157140.2,-1.25968e+09,-173985464.0,-392349749.2,-2.36206e+09,-370132928.4,-403026365.0,1.10238e+09,-715561154.8,2281.9,4847.9,15818.5,8840.5,31709.1,5505.5,16182.2,12343.9,8570.6,3625.5,19365.2,17633.0
8.year_inc#c.ivparm1,-20614.9,-55939.2,-69474.2,-88707.6,-234735.9,-28154.2,-114578.8,-117797.8,-31362.5,-12022.3,-39281.0,-116938.1,-175219.2,-0.0000272,0.0000839,0.000542,0.00113,0.0000623,0.0000188,0.000135,0.0000572,-0.0000515,-0.00000930,-0.000113,0.0000669,0.0000920,-1280.7,1556.6,9083.9,-14371.8,-5012.0,-2656.8,6581.2,-2845.6,-3537.8,-1110.9,-7135.7,-2166.4,1182.5,-0.0000383,0.000678,0.000791,-0.000285,0.000195,-0.0000186,0.000300,0.000141,0.0000271,0.000318,-0.0000414,0.000258,0.000260,-3313.6,19131.4,6872.5,-30867.6,-8177.2,-6850.4,11216.5,-6598.5,-6434.3,599.1,-12096.7,-1578.7,5107.6,-0.0445,-264.3,872.7,-10366.3,-9757.9,-1918.1,-310.2,-8170.7,-859.6,-894.6,-1816.1,-1587.2,-6980.2,0.000000383,-0.00000349,0.0000671,0.0000626,-0.0000482,-0.000104,0.0000128,-0.0000857,-0.0000320,-0.0000775,-0.0000679,-0.00000616,-0.0000426,-0.0000574,-0.000308,-0.000388,-0.000347,-0.000284,-0.000465,-0.000199,-0.000253,-0.000311,-0.000301,-0.000469,-0.000315,-0.000252,-7811.8,-32517.2,-37838.7,-33897.7,-112065.5,-20049.4,-48406.2,-53313.4,-19393.3,-8231.0,-24550.7,-58752.1,-72622.7,0.0548,0.0900,0.106,0.118,0.0743,0.0694,0.0749,0.0683,0.0587,0.0558,0.0697,0.0811,0.0783,2066223.0,3467464.2,3091496.4,1369406.2,9996151.7,1038506.6,5995511.0,4907847.5,1248140.6,612929.3,1085376.1,5088304.2,7709504.5,-0.0000262,-0.0000975,-0.000281,-0.000524,-0.000313,-0.000194,-0.000242,-0.000334,-0.000326,-0.000314,-0.000407,-0.000287,-0.000323,-13126.9,-44544.7,-62064.4,-79415.1,-199151.0,-26769.3,-93617.1,-101734.4,-26332.8,-10801.7,-34200.6,-97416.6,-146048.9,52306332.4,152590842.9,199923742.9,75445549.2,480437426.1,63242600.8,255055746.8,268204356.7,89133790.0,49445813.3,81168758.3,212233069.4,22901397.8,94087291.6,174796423.5,95184072.0,386816691.2,43525780.8,211346805.1,261833526.3,63430351.8,47796225.5,68517843.4,124983164.9,279860558.6,22293314.7,29163585.7,50364703.3,4526465.9,105645412.5,5879815.7,31521937.4,53885119.6,-2230885.6,-7846139.6,9556959.8,51760292.9,101996482.4,328061035.3,7.23881e+09,1.36164e+10,1.19244e+10,3.58551e+09,3.63603e+10,3.73332e+09,2.21860e+10,1.70746e+10,4.92383e+09,3.99828e+09,1.92857e+10,2.77031e+10,367462422.3,1.19469e+10,1.12908e+10,4.68333e+09,2.82759e+10,2.91445e+09,1.69043e+10,1.38504e+10,3.41894e+09,3.14233e+09,1.44256e+10,2.19426e+10,1.56660e+09,183166733.2,9596614.0,-445650587.4,1.34199e+09,241963484.6,708384126.1,516236958.3,520793322.3,382627478.1,825754392.2,579234543.6,407512801.7,551818997.5,421896852.5,-282737485.0,1.09763e+09,95487387.3,851027942.1,431934383.9,187149232.5,62527821.8,665699885.7,814997649.8,-2.33121e+10,-4.20776e+10,-4.15774e+10,-2.21953e+10,-1.29172e+11,-1.38083e+10,-7.48609e+10,-6.35000e+10,-1.62794e+10,-1.50584e+10,-6.56722e+10,-9.90843e+10,-467754857.7,542549559.3,-146542908.6,-630881280.0,-688901607.0,-175726740.0,263584427.8,-2.66279e+09,-396262419.1,-389241587.2,1.97389e+09,-116912447.9,61.88,8521.8,30843.1,-7441.4,32206.6,-795.3,34830.8,6155.6,5761.7,-3942.8,26051.0,27240.2
10.year_inc#c.ivparm1,-21559.1,-102479.6,-149939.3,-176703.7,-450681.7,-51104.7,-227221.2,-228492.9,-55265.2,-24375.9,-74725.1,-222188.8,-344311.8,-0.00000691,0.000202,0.000567,0.000645,-0.0000774,-0.0000980,0.000137,-0.0000331,-0.000452,-0.000128,-0.000748,-0.000129,0.000000261,-505.4,4423.7,2931.0,-43979.0,-37129.7,-6990.8,2281.8,-16423.8,-14065.1,-3550.0,-21976.9,-20705.9,-16073.8,-0.0000537,0.000432,0.00110,0.000561,0.000126,0.000314,0.000196,0.0000478,0.000181,0.0000240,0.0000794,0.000217,0.0000719,-4027.5,3247.6,-1462.1,-48068.4,-50310.4,-7361.9,-9967.7,-29607.9,-8605.1,-5167.5,-20458.0,-20702.6,-34343.4,0.00397,109.3,1074.5,-20658.1,-19474.3,-3259.0,-5154.1,-14682.5,1230.5,530.3,-3008.6,-4791.8,-17445.8,0.000000441,0.0000101,0.000111,0.0000377,-0.0000942,-0.000168,-0.0000286,-0.000145,0.0000773,0.0000679,-0.000105,-0.0000379,-0.000118,-0.0000681,-0.000629,-0.000559,-0.00136,-0.000594,-0.000783,-0.000504,-0.000551,-0.000552,-0.000621,-0.000603,-0.000637,-0.000595,-8538.3,-62654.2,-76215.2,-78413.2,-225821.0,-36122.7,-106723.2,-109735.1,-35114.0,-17307.6,-43141.3,-116085.9,-154584.2,0.0635,0.114,0.135,0.151,0.0929,0.0871,0.0935,0.0858,0.0720,0.0671,0.0850,0.101,0.0986,2402085.1,4271450.5,4071028.3,1945940.4,12703300.7,1331047.6,7609004.4,6265448.7,1623230.1,779007.3,1360890.0,6437852.0,9749022.9,-0.0000359,-0.000306,-0.000530,-0.000955,-0.000656,-0.000380,-0.000561,-0.000718,-0.000589,-0.000602,-0.000887,-0.000581,-0.000708,-14087.9,-86880.1,-133743.7,-158848.2,-393559.8,-49380.9,-194497.4,-204571.1,-47815.3,-22120.6,-67201.8,-188988.8,-296363.6,85180822.2,195312545.1,348726563.4,39389458.4,671478660.0,94980118.4,363094633.9,384005630.5,135968894.3,69109003.1,117836040.3,287473029.5,44981001.9,146370939.7,248775217.5,137049948.8,577641075.6,84309041.6,299199255.5,346096257.2,115119246.8,59446773.3,101493752.9,231544818.4,378212787.2,35941780.9,81923496.6,62857927.4,-1956243.7,177962882.2,14549160.2,87961793.7,72144558.8,14124985.9,3286392.8,3818762.0,105818323.4,149288736.1,440529647.3,8.53618e+09,1.60055e+10,1.51383e+10,4.18651e+09,4.38972e+10,4.65307e+09,2.65735e+10,2.05097e+10,6.52044e+09,4.49378e+09,2.33875e+10,3.27237e+10,605240006.9,1.40260e+10,1.43427e+10,6.13787e+09,3.51022e+10,3.70168e+09,2.09558e+10,1.72064e+10,4.85234e+09,3.73237e+09,1.78958e+10,2.65481e+10,2.02455e+09,227963634.4,-26801613.4,-804211468.1,1.41701e+09,355186308.4,521592796.3,517199622.8,767827435.9,511254440.0,899813022.4,293998901.0,479746270.1,589390674.7,446094713.4,-563321795.4,953594257.2,111886643.9,742780832.8,336717351.5,226268485.8,30901972.6,616876905.7,615439127.5,-2.67603e+10,-5.73287e+10,-6.16550e+10,-3.62521e+10,-1.82113e+11,-1.96188e+10,-1.05654e+11,-8.94240e+10,-2.27640e+10,-2.21749e+10,-9.26886e+10,-1.39730e+11,-666568734.4,-289633593.2,-1.38150e+09,-1.02011e+09,-3.38241e+09,-651658674.6,-1.03524e+09,-4.61687e+09,-1.00292e+09,-839226496.0,1.23446e+09,-1.72783e+09,4435.9,14305.7,26676.7,-22314.6,23024.0,4212.1,22471.0,512.6,-9170.7,-7045.2,22511.4,27982.7
12.year_inc#c.ivparm1,-29387.0,-143664.6,-242342.5,-289005.0,-704399.1,-79323.7,-374644.3,-348771.9,-89161.4,-37294.3,-107463.9,-355627.2,-535914.0,-0.0000238,0.000241,0.00112,0.000876,-0.000110,0.0000952,0.0000366,-0.000114,-0.000156,-0.0000156,-0.000431,-0.000108,-0.000141,-1258.5,4464.9,10940.3,-72935.8,-58789.1,-7326.9,-12814.2,-30609.2,-11206.9,-3588.5,-21438.1,-28179.9,-40255.3,-0.0000604,0.000390,0.000955,0.000887,-0.0000406,-0.000149,0.0000650,-0.0000711,-0.000425,-0.0000595,-0.000341,-0.00000289,0.0000380,-5060.1,-3751.4,-25706.6,-78259.3,-112777.4,-21084.2,-38202.6,-56541.4,-29656.0,-9038.5,-37092.7,-56236.0,-62037.2,58.56,393.6,3.849,-37658.7,-37202.8,-1335.6,-18431.6,-21543.7,-723.3,1137.3,-2977.1,-15659.1,-35143.9,0.00000193,0.0000207,0.000121,-0.000198,-0.000189,-0.00000562,-0.000162,-0.000200,-0.00000284,0.000128,-0.0000665,-0.000181,-0.000256,-0.000117,-0.000780,-0.00112,-0.00198,-0.000941,-0.00113,-0.000888,-0.000721,-0.000996,-0.000704,-0.000956,-0.00118,-0.000935,-12575.0,-84319.8,-133246.7,-130371.8,-360513.4,-55753.6,-183726.0,-161800.1,-60716.9,-24592.6,-64387.8,-198713.3,-244042.9,0.0661,0.135,0.163,0.181,0.109,0.103,0.110,0.101,0.0841,0.0792,0.0979,0.118,0.116,2518269.3,5016154.1,5042951.4,2510332.4,15097219.1,1602796.9,9074324.8,7491309.5,2002080.6,967207.0,1615625.6,7605909.6,11492341.5,-0.0000480,-0.000263,-0.000846,-0.00125,-0.000963,-0.000605,-0.000887,-0.00106,-0.000956,-0.000861,-0.00121,-0.000848,-0.00102,-19169.8,-115763.9,-219401.9,-257894.4,-612230.1,-77295.4,-320913.4,-312413.8,-79155.9,-34054.1,-96216.4,-299816.3,-455778.8,86645837.1,239557671.7,473516395.0,5971960.2,806054363.8,106472430.9,465666447.0,419164340.4,187640322.2,81620149.2,125563890.5,386890023.4,31202493.8,142178985.4,248426126.7,182923517.3,605940472.9,108315772.6,310274914.2,358421675.7,146182244.1,87869903.0,106756222.3,247518797.2,351442456.2,51505343.1,94827693.5,123139950.8,-29924572.9,238962620.9,30278769.6,114882757.1,99410915.9,57359688.4,35022128.0,52901776.3,139551705.0,151324162.9,511941610.7,8.84866e+09,1.87784e+10,1.82354e+10,3.95464e+09,4.98379e+10,5.60819e+09,3.02990e+10,2.37617e+10,7.23782e+09,5.06529e+09,2.60762e+10,3.69919e+10,627515626.1,1.64919e+10,1.73647e+10,7.30252e+09,4.17766e+10,4.62454e+09,2.51937e+10,2.09951e+10,5.38957e+09,4.10205e+09,2.07815e+10,3.17625e+10,2.18716e+09,44666857.1,-40950671.3,-1.29796e+09,891376336.8,294477849.1,337954152.2,289110661.6,794248498.2,517033262.5,602265675.2,-197350010.5,504647736.0,641443494.1,495494698.2,-1.12731e+09,515275650.9,119293264.4,491183150.4,86471977.1,246772732.1,38019343.6,428803673.8,149209654.4,-2.89637e+10,-6.96671e+10,-8.23588e+10,-5.25354e+10,-2.33618e+11,-2.54775e+10,-1.36740e+11,-1.14992e+11,-3.02175e+10,-2.79562e+10,-1.18626e+11,-1.77923e+11,-717668957.5,123213852.3,-1.74443e+09,-1.10150e+09,-3.40955e+09,-299849009.3,-1.56058e+09,-4.61353e+09,-1.14071e+09,-618586872.8,1.20398e+09,-1.96899e+09,3779.5,29459.8,53783.5,-70421.2,16522.0,6863.7,-3495.5,-24591.9,29277.1,18538.2,41114.0,-19618.8
14.year_inc#c.ivparm1,-24365.3,-192816.1,-345934.2,-453068.1,-1016183.7,-112313.3,-540251.6,-527859.4,-119191.3,-56061.4,-141548.1,-488324.3,-784679.1,-0.0000289,0.000377,0.00151,0.00192,-0.000137,0.0000321,0.0000388,-0.000249,-0.000316,-0.000571,-0.000717,-0.0000107,-0.000142,-1425.9,7397.5,13397.0,-104245.1,-84876.4,-12238.2,-21300.8,-53719.8,-18139.3,-12237.2,-31441.8,-31156.7,-54499.0,-0.0000894,0.000408,0.000840,-0.00114,-0.000502,-0.000347,-0.000343,-0.000793,-0.000273,0.000195,-0.000611,-0.000167,-0.000635,-5812.7,-10052.0,-52627.8,-158707.1,-227199.6,-32419.2,-93108.1,-138039.8,-33305.2,-10061.2,-51428.4,-89159.8,-161475.3,315.8,585.8,-4213.6,-55438.0,-58750.0,-5290.2,-18003.7,-41809.0,-2759.5,148.9,-9787.5,-16941.0,-50700.3,0.00000830,0.0000303,0.0000413,-0.0000812,-0.000299,-0.000217,-0.000117,-0.000416,-0.0000784,0.0000544,-0.000444,-0.000166,-0.000357,-0.000175,-0.000959,-0.00177,-0.00314,-0.00142,-0.00162,-0.00129,-0.00120,-0.00144,-0.00135,-0.00145,-0.00166,-0.00147,-13603.2,-110284.0,-200318.4,-212996.0,-537201.6,-80274.1,-269455.0,-257269.3,-85989.7,-41493.2,-89719.1,-279932.3,-370937.9,0.0665,0.154,0.189,0.207,0.122,0.117,0.124,0.114,0.0954,0.0894,0.111,0.132,0.130,2612888.1,5559132.5,5895512.7,3097028.8,17184509.9,1861236.1,10354109.7,8531599.2,2385610.5,1144975.0,1887547.4,8652910.7,12937663.2,-0.000119,-0.000224,-0.00103,-0.00199,-0.00139,-0.000844,-0.00120,-0.00156,-0.00120,-0.00121,-0.00155,-0.00118,-0.00151,-19081.8,-150709.3,-311841.3,-407564.9,-889197.3,-109749.2,-460191.2,-473681.9,-106294.3,-51321.8,-127030.0,-415515.5,-673153.7,89543087.8,340809035.1,477434264.5,71662772.7,979970221.4,135129393.9,624885294.5,455174320.1,216899794.9,99353063.5,110031960.9,524795901.4,45595919.4,180480672.7,314536901.9,143340734.6,684179050.5,117489484.4,409096808.9,400727166.6,148155424.5,95336290.1,111912853.5,283451884.0,418534141.6,28173942.7,118259798.4,64323062.4,-130208582.4,77541619.3,26996910.6,30563465.6,21587032.6,42330023.0,22459869.0,22054775.6,55954586.8,8214685.7,627941032.7,9.18512e+09,2.06800e+10,2.00279e+10,2.78761e+09,5.27332e+10,5.88035e+09,3.27388e+10,2.42238e+10,8.81255e+09,5.70538e+09,2.85093e+10,3.80403e+10,602201636.2,1.84428e+10,1.95876e+10,7.46091e+09,4.60832e+10,5.01095e+09,2.81256e+10,2.26366e+10,6.86808e+09,4.85033e+09,2.34466e+10,3.42042e+10,2.23735e+09,78839445.0,-158525513.5,-2.22064e+09,-64043431.9,231579936.5,-2776334.6,-720136123.2,796495478.6,339716546.5,656092691.3,-1.09212e+09,522437450.8,650973113.6,378614261.5,-1.67819e+09,-122974877.3,52399707.8,260901225.8,-416473054.2,236353419.3,-44886089.8,293498176.9,-411728004.4,-2.93555e+10,-8.17549e+10,-1.03197e+11,-7.35179e+10,-2.87985e+11,-3.16872e+10,-1.69088e+11,-1.43064e+11,-3.65887e+10,-3.32352e+10,-1.44921e+11,-2.19709e+11,-755288899.8,-387693159.0,-1.67659e+09,-1.41966e+09,-4.23048e+09,-784790895.9,-1.08353e+09,-6.57728e+09,-953175113.4,-1.06044e+09,2.34680e+09,-2.49252e+09,910.4,38017.4,59083.6,-88312.3,9619.4,3901.2,11303.8,-14474.5,18052.6,14054.8,24094.0,-12334.4
16.year_inc#c.ivparm1,-24896.1,-216849.6,-468737.5,-613725.8,-1324209.0,-147703.1,-722845.9,-675269.2,-154029.5,-74101.1,-167772.0,-648939.8,-1022476.4,-0.0000201,0.000231,0.00166,0.000170,-0.000598,-0.000533,-0.000291,-0.000727,-0.000648,-0.000370,-0.00144,-0.000453,-0.000626,-1105.8,1069.9,4709.1,-178694.4,-174021.2,-25788.0,-59570.0,-102000.6,-30242.8,-11898.3,-48119.6,-72020.6,-117990.4,-0.0000533,0.00108,0.00103,0.000913,-0.000279,-0.0000694,-0.000352,-0.000522,-0.0000523,-0.000531,0.000472,0.00000335,-0.000451,-4492.8,10045.1,-74648.3,-178619.3,-247715.3,-36543.3,-118046.6,-142081.9,-36371.2,-23341.1,-40767.5,-105633.4,-174800.9,9.719,2926.1,1751.5,-80136.3,-75449.0,-4602.7,-25713.7,-48467.3,-7987.9,-2414.0,-15061.1,-26981.7,-62858.4,0.000000639,0.0000978,0.000305,-0.000345,-0.000366,-0.000123,-0.000159,-0.000446,-0.000273,-0.000135,-0.000720,-0.000278,-0.000418,-0.000199,-0.00104,-0.00276,-0.00396,-0.00192,-0.00202,-0.00179,-0.00161,-0.00175,-0.00153,-0.00180,-0.00225,-0.00207,-14992.0,-123396.6,-287745.7,-293320.3,-719454.6,-105447.8,-370376.0,-339759.3,-111552.1,-53228.6,-109951.5,-379695.4,-502454.8,0.0656,0.171,0.214,0.235,0.135,0.126,0.137,0.126,0.105,0.0995,0.120,0.144,0.144,2673117.8,6004297.1,6672975.3,3763914.1,19163386.7,2062915.3,11554870.9,9603071.5,2758112.6,1334565.6,2116948.5,9560315.2,14342358.7,-0.000159,-0.000400,-0.00108,-0.00270,-0.00183,-0.00108,-0.00168,-0.00197,-0.00150,-0.00149,-0.00188,-0.00166,-0.00204,-21244.0,-175378.8,-418331.8,-555956.9,-1170911.6,-144482.0,-626140.2,-608489.4,-138753.5,-67974.6,-152710.3,-562422.1,-887676.1,108799109.4,341221783.6,577024234.8,17427667.4,1.04720e+09,178755575.4,625788995.0,427574809.8,255929731.5,94682558.6,139549038.6,619621658.4,49990987.0,209203946.2,348588135.4,118524781.5,727395939.1,101888243.7,396384832.0,439107995.9,189592331.4,131614994.9,133297129.6,288287943.2,435915364.0,48348806.1,113235838.9,71433037.9,-142375267.1,89218747.7,8564183.8,66478044.3,10313708.0,29492168.1,8393218.5,7767103.9,78905039.7,51162395.8,612511161.3,9.54747e+09,2.25890e+10,2.21717e+10,2.16264e+09,5.66051e+10,6.34407e+09,3.50194e+10,2.68036e+10,9.87949e+09,6.48110e+09,2.98015e+10,4.03815e+10,637507270.9,2.00825e+10,2.20339e+10,8.65851e+09,5.13981e+10,5.57109e+09,3.13268e+10,2.60016e+10,7.99697e+09,5.82429e+09,2.53965e+10,3.78300e+10,2.31046e+09,179174119.4,-96355894.5,-2.70669e+09,-312877621.2,131466581.8,-121689046.2,-731866346.8,640626567.2,222337312.2,418988725.6,-1.08497e+09,532835098.2,677680476.2,260445868.7,-2.39437e+09,-914881337.2,-28936796.6,-217247789.4,-771635395.1,149406576.3,-165636687.8,-143245942.2,-1.03535e+09,-3.03544e+10,-8.99565e+10,-1.26509e+11,-9.37255e+10,-3.40981e+11,-3.72672e+10,-2.01212e+11,-1.69125e+11,-4.49272e+10,-3.85910e+10,-1.71856e+11,-2.58786e+11,5077362.1,-988756122.7,-2.29961e+09,-2.77566e+09,-6.08698e+09,-678621049.9,-3.81242e+09,-6.99014e+09,-925207996.4,-589404233.2,903157884.8,-4.48316e+09,3559.2,11948.3,61428.9,-167234.2,-90377.4,-5351.1,-28085.4,-50699.4,1664.5,-27323.1,-39678.0,-86690.8
18.year_inc#c.ivparm1,-24788.7,-264503.3,-581846.5,-826257.6,-1697396.1,-200209.9,-942661.2,-880533.7,-200466.6,-99543.4,-211891.7,-816862.4,-1296719.6,-0.0000158,0.000399,0.00187,0.00166,-0.000711,-0.00126,-0.000427,-0.00104,-0.000810,-0.000908,-0.00163,-0.000339,-0.000632,-950.1,5116.6,-3187.8,-222970.7,-221992.0,-44990.7,-85535.9,-144393.6,-40368.0,-22341.9,-58483.8,-77598.4,-136633.3,-0.000157,0.000899,0.00133,-0.00128,-0.000822,0.0000345,-0.000648,-0.000985,-0.000685,-0.000530,-0.000390,-0.000632,-0.00110,-8915.7,-3619.4,-94033.0,-281464.5,-388032.6,-47067.4,-172039.7,-210398.0,-63799.5,-29400.9,-69196.5,-177634.6,-277165.6,248.6,2265.9,5558.5,-99987.7,-91914.6,-6129.7,-42054.5,-61316.9,-4192.5,-2095.7,-11498.2,-30597.8,-81592.4,0.00000634,0.0000844,0.000497,0.000168,-0.000416,-0.000139,-0.000287,-0.000536,-0.0000876,-0.0000765,-0.000461,-0.000283,-0.000533,-0.000168,-0.00151,-0.00304,-0.00551,-0.00246,-0.00270,-0.00239,-0.00215,-0.00232,-0.00227,-0.00245,-0.00281,-0.00262,-14001.7,-159663.9,-348446.0,-412880.0,-934991.7,-144340.2,-492783.0,-452849.0,-150511.7,-76311.0,-144914.3,-482142.7,-640139.8,0.0656,0.182,0.236,0.258,0.143,0.131,0.146,0.134,0.112,0.108,0.126,0.152,0.153,2783815.7,6303806.0,7198312.1,4337527.9,20649672.8,2224647.3,12459170.2,10382401.0,3105448.6,1515722.6,2318111.8,10267271.8,15319576.8,-0.000156,-0.000628,-0.00140,-0.00346,-0.00241,-0.00137,-0.00230,-0.00256,-0.00196,-0.00201,-0.00250,-0.00222,-0.00268,-21275.0,-219409.4,-524386.4,-754157.7,-1519228.4,-195126.3,-831355.2,-798563.3,-184658.9,-93427.0,-197781.1,-720665.2,-1139443.3,118425802.0,388849402.7,650138797.4,-65017113.5,1.09552e+09,151018996.2,684616331.2,461070039.2,293746449.4,92612307.5,117318730.5,634450444.3,57834418.6,192244584.5,457533009.6,70219530.3,778328143.3,91916612.0,436409333.7,421080119.4,182003862.8,69663823.7,127488177.0,357248024.0,504407668.5,71068995.2,142831528.7,187108402.8,-203856860.0,197707693.2,4539191.2,77307019.5,60834017.8,91101101.2,34367100.6,59200745.4,136873675.4,102067400.8,650755038.0,9.85676e+09,2.28886e+10,2.35745e+10,25404406.7,5.64206e+10,5.94676e+09,3.53504e+10,2.57338e+10,1.11268e+10,6.70900e+09,3.06868e+10,3.93470e+10,635328749.8,2.06857e+10,2.37609e+10,8.65540e+09,5.37341e+10,5.59503e+09,3.31927e+10,2.67257e+10,9.27208e+09,6.14933e+09,2.70084e+10,3.88670e+10,2.42878e+09,74795887.6,-234313521.2,-3.49642e+09,-1.18770e+09,114170113.3,-596081084.4,-1.74863e+09,657276120.4,207532519.7,560927079.9,-1.95914e+09,560616314.1,619052959.4,207684065.9,-3.20371e+09,-1.81138e+09,-184725648.2,-783279248.5,-1.47174e+09,189230440.1,-158824208.7,-339638614.4,-1.81588e+09,-3.12565e+10,-1.00773e+11,-1.45582e+11,-1.17426e+11,-3.95253e+11,-4.36848e+10,-2.34557e+11,-1.97075e+11,-5.27349e+10,-4.49268e+10,-1.98178e+11,-2.98833e+11,-916021143.6,-1.18138e+09,-3.21769e+09,-2.39851e+09,-7.73912e+09,-1.19501e+09,-4.64285e+09,-8.31048e+09,-1.34211e+09,-604712350.9,571360590.1,-5.20200e+09,6244.7,23853.4,57162.2,-227003.9,-139823.3,-25989.7,-53010.6,-128225.6,-1318.2,-36126.7,-11597.7,-112515.4
20.year_inc#c.ivparm1,-29307.5,-288960.9,-699649.8,-1054467.9,-2072386.1,-253938.3,-1175964.9,-1081197.3,-250963.4,-130410.5,-256133.2,-991188.8,-1567484.3,-0.0000195,0.000369,0.00151,0.000953,-0.00128,-0.00211,-0.000810,-0.00180,-0.00124,-0.00142,-0.00230,-0.000679,-0.00119,-1186.5,3183.3,-29064.8,-309809.0,-336877.1,-66322.9,-134039.4,-221410.1,-58651.4,-33377.3,-78287.0,-115467.0,-211902.8,-0.000102,0.000626,0.00208,0.000172,-0.000838,-0.000627,-0.000945,-0.00106,-0.000694,-0.000847,-0.000106,-0.000590,-0.00104,-7180.7,-16526.3,-101646.5,-328128.1,-453481.6,-71754.5,-227411.7,-249372.3,-76464.4,-41168.6,-77619.5,-204109.3,-305262.7,-415.1,173.8,7124.2,-142815.9,-135933.0,-14751.4,-62640.9,-103527.1,-9292.4,-7406.0,-17303.7,-32405.8,-111889.2,-0.00000916,0.0000265,0.000665,-0.000263,-0.000641,-0.000562,-0.000446,-0.000989,-0.000244,-0.000425,-0.000700,-0.000247,-0.000744,-0.000223,-0.00157,-0.00378,-0.00629,-0.00295,-0.00344,-0.00305,-0.00268,-0.00263,-0.00278,-0.00271,-0.00325,-0.00315,-17907.4,-172672.9,-426716.8,-531156.4,-1148453.5,-185632.3,-626722.2,-566267.8,-185713.6,-99704.1,-173784.3,-582185.7,-777107.6,0.0664,0.189,0.253,0.276,0.149,0.136,0.153,0.141,0.120,0.115,0.132,0.158,0.160,2932661.0,6583228.6,7511879.9,4818794.6,21905347.8,2384577.8,13161253.1,11019547.2,3487355.1,1690760.5,2527228.5,10885800.5,16033414.9,-0.000149,-0.000872,-0.00172,-0.00360,-0.00292,-0.00170,-0.00283,-0.00312,-0.00231,-0.00255,-0.00293,-0.00269,-0.00328,-23934.7,-247346.2,-633449.4,-960857.6,-1865588.0,-247742.4,-1040011.4,-985652.4,-231801.7,-123662.5,-239994.4,-879935.6,-1386043.9,102426811.4,459064127.9,690879474.2,-213660189.0,1.03871e+09,130291326.0,601085792.9,326009935.0,277782031.8,74936133.7,141053124.7,712699878.6,42048119.3,204099923.1,484914646.3,127026930.3,870876488.5,125488782.0,487354577.5,445688002.1,235554791.5,115693451.6,158380466.1,425188486.4,509832915.0,62349921.8,165312123.3,96571131.9,-221119069.3,101832756.8,-31875161.7,66215864.0,38205580.5,48146424.2,618151.4,5319234.4,63627176.3,85561494.3,630636455.9,1.03350e+10,2.41242e+10,2.34400e+10,-3.51964e+09,5.45444e+10,5.04404e+09,3.40624e+10,2.42323e+10,1.17949e+10,6.93758e+09,3.03121e+10,3.77055e+10,755688021.8,2.18192e+10,2.41730e+10,7.38796e+09,5.41247e+10,5.00916e+09,3.34345e+10,2.68310e+10,1.00756e+10,6.45000e+09,2.72936e+10,3.90399e+10,2.19412e+09,23746700.4,-346176372.6,-4.76051e+09,-2.82740e+09,-312917475.5,-1.11020e+09,-2.74473e+09,342725570.7,-75246520.1,-82674292.7,-2.85721e+09,582983924.2,665944072.2,41796770.6,-4.19132e+09,-2.89001e+09,-368534857.9,-1.45485e+09,-2.21378e+09,108945544.3,-217718179.2,-676228435.7,-2.63042e+09,-3.31324e+10,-1.06664e+11,-1.62473e+11,-1.40628e+11,-4.43404e+11,-4.92089e+10,-2.64149e+11,-2.20814e+11,-6.12056e+10,-5.08262e+10,-2.22590e+11,-3.32990e+11,-977907070.0,-672516117.2,-2.23130e+09,-4.24115e+09,-8.13078e+09,-1.27771e+09,-4.22540e+09,-8.74268e+09,-1.11447e+09,-1.10034e+09,611904289.9,-5.73860e+09,8716.4,28650.3,76645.7,-280622.6,-166689.8,-32361.3,-39717.5,-176950.5,-2513.7,-21239.3,10260.7,-131814.9
22.year_inc#c.ivparm1,-24318.3,-296184.7,-787774.9,-1289290.9,-2397568.9,-289001.6,-1404651.1,-1236336.7,-295818.2,-153407.8,-292935.4,-1161232.2,-1812749.0,-0.0000352,0.000265,0.00178,0.00203,-0.00153,-0.00264,-0.00124,-0.00180,-0.00152,-0.00198,-0.00225,-0.00123,-0.00141,-1858.4,-944.2,-30700.9,-371232.7,-404736.2,-80978.3,-186694.3,-237150.3,-73556.9,-45041.1,-84215.3,-167585.9,-250201.0,-0.0000666,0.000861,0.00174,-0.000900,-0.00125,-0.000571,-0.00168,-0.00174,-0.0000836,-0.000775,-0.000119,-0.000693,-0.00186,-5296.9,-8573.1,-131674.2,-423654.6,-569198.8,-79089.8,-320207.1,-328500.8,-70160.0,-45735.3,-88720.1,-240698.0,-419949.0,-216.2,2491.0,-39.81,-168166.3,-165931.4,-22408.1,-64838.4,-107593.4,-17652.9,-10509.4,-27039.8,-58338.0,-125870.5,-0.00000452,0.0000891,0.000472,0.000379,-0.000778,-0.000936,-0.000392,-0.000965,-0.000508,-0.000597,-0.00116,-0.000570,-0.000805,-0.000171,-0.00174,-0.00458,-0.00789,-0.00351,-0.00404,-0.00368,-0.00323,-0.00315,-0.00323,-0.00321,-0.00381,-0.00377,-14536.8,-182872.0,-494594.1,-665094.5,-1357097.4,-216240.4,-757602.2,-668385.0,-225488.7,-119688.2,-203853.0,-688712.4,-915368.3,0.0652,0.191,0.268,0.295,0.154,0.140,0.159,0.146,0.126,0.122,0.136,0.163,0.165,3002808.2,6692774.6,7881719.3,5265852.1,22863699.2,2505609.2,13692433.1,11541331.7,3838554.9,1873847.0,2707151.4,11322367.5,16519535.0,-0.0000466,-0.000892,-0.00164,-0.00383,-0.00325,-0.00185,-0.00324,-0.00338,-0.00244,-0.00255,-0.00317,-0.00310,-0.00372,-16664.6,-253419.5,-705841.0,-1174173.2,-2150098.2,-281543.9,-1234600.1,-1118144.7,-270256.2,-141665.1,-274181.3,-1031953.5,-1598298.1,117972431.1,403788782.9,599210979.6,-417431284.2,704765368.8,56610417.0,368678630.3,251892619.0,192771747.5,69091130.6,140917061.5,452872749.8,58207048.7,193138841.7,448772215.6,128699424.6,829123213.4,95349455.7,569483246.4,443251642.3,199505184.4,97972518.6,52415900.7,385871571.1,534268573.2,66295036.3,104301431.0,25681794.7,-386363137.8,-190073343.0,-33368131.2,-109257436.3,-115735187.6,26430282.0,-4555476.5,-42820298.3,-74338155.4,-183135493.8,455383204.3,1.06515e+10,2.48365e+10,2.32187e+10,-6.63523e+09,5.21309e+10,4.79363e+09,3.14549e+10,2.38757e+10,1.24556e+10,6.95946e+09,2.82552e+10,3.48817e+10,754235616.8,2.24138e+10,2.48927e+10,6.53471e+09,5.45907e+10,5.18974e+09,3.26246e+10,2.76908e+10,1.10241e+10,7.02028e+09,2.68999e+10,3.83768e+10,2.61662e+09,167293317.6,-436849616.4,-5.59147e+09,-3.22469e+09,-606630408.4,-1.45019e+09,-2.62325e+09,233770704.0,-236274886.3,-601438676.6,-2.85183e+09,607510655.4,665923077.9,-219037303.7,-5.22315e+09,-4.16492e+09,-531378801.9,-2.18210e+09,-2.69996e+09,-81455961.9,-432359318.6,-1.46496e+09,-3.55208e+09,-3.36384e+10,-1.09089e+11,-1.76993e+11,-1.66089e+11,-4.85996e+11,-5.41614e+10,-2.91252e+11,-2.42378e+11,-6.95284e+10,-5.68364e+10,-2.43618e+11,-3.62306e+11,-1.03713e+09,-2.06833e+09,-3.86884e+09,-4.44278e+09,-1.14305e+10,-1.45707e+09,-6.39133e+09,-1.04327e+10,-2.25484e+09,-1.51672e+09,-997836752.3,-7.71864e+09,2067.0,34337.6,31185.3,-427250.1,-358916.8,-59493.8,-137992.9,-249051.7,-82685.0,-73480.4,-109865.1,-216737.9
24.year_inc#c.ivparm1,-26715.6,-289083.6,-891733.5,-1565277.9,-2772810.6,-331741.0,-1617773.9,-1442378.6,-359624.4,-190575.8,-353070.1,-1330432.0,-2081445.1,-0.0000259,0.000202,0.00160,0.00255,-0.00206,-0.00339,-0.00162,-0.00227,-0.00232,-0.00322,-0.00373,-0.00182,-0.00182,-1506.6,-2533.6,-50091.5,-464382.3,-518514.0,-100615.8,-235457.5,-294690.9,-106429.2,-69238.9,-124090.3,-223823.1,-311469.0,-0.0000289,0.00156,0.00188,-0.000804,-0.00134,0.000110,-0.00167,-0.00150,0.0000513,0.000159,-0.00000739,-0.00116,-0.00220,-3916.5,18620.2,-154572.5,-505934.6,-645803.4,-77206.5,-345685.0,-344509.9,-81222.4,-40935.7,-104317.9,-301293.5,-487374.5,162.0,4654.6,-6090.0,-210443.4,-211716.9,-26358.2,-111656.7,-138953.0,-17107.5,-10381.5,-20859.7,-72764.0,-168251.2,0.00000395,0.000147,0.000318,0.000504,-0.00101,-0.00108,-0.000853,-0.00126,-0.000443,-0.000536,-0.000760,-0.000723,-0.00113,-0.000197,-0.00181,-0.00457,-0.00865,-0.00386,-0.00454,-0.00398,-0.00365,-0.00361,-0.00388,-0.00400,-0.00408,-0.00412,-16718.7,-184692.4,-545332.8,-810802.4,-1557546.3,-249045.1,-857357.5,-779274.1,-274180.6,-149906.2,-252647.1,-778272.2,-1034320.5,0.0642,0.191,0.283,0.313,0.158,0.144,0.163,0.151,0.130,0.127,0.139,0.166,0.170,3058849.9,6874580.6,8103559.8,5642774.3,23705550.3,2625117.8,14128685.6,12029437.8,4152855.5,2034250.6,2875454.4,11676112.5,16927577.0,-0.000136,-0.000919,-0.00174,-0.00451,-0.00379,-0.00209,-0.00382,-0.00386,-0.00289,-0.00286,-0.00386,-0.00371,-0.00437,-22331.9,-250010.9,-797273.6,-1434907.4,-2504523.8,-324008.3,-1435596.1,-1305001.7,-331271.1,-173962.2,-334776.1,-1199522.1,-1849244.4,133232962.8,462660294.5,579883967.0,-540719401.7,635959589.6,17759243.0,380783928.1,217814293.1,228377582.8,60997094.1,137300831.0,418145296.5,63289944.0,214791360.5,517895570.0,-124031683.7,672585327.4,52960493.3,454716873.7,316048975.6,190979299.5,80154783.4,79660695.1,356536351.8,428645534.7,52267517.4,204482916.2,-52190867.3,-355868592.2,-152204616.4,-65452740.5,-61512327.5,-124643891.5,41564091.5,-27767826.4,-5173467.0,-27560724.9,-128315967.4,389822763.9,1.07226e+10,2.54119e+10,2.26250e+10,-1.18152e+10,4.70188e+10,4.38590e+09,2.76191e+10,2.09288e+10,1.30199e+10,6.74582e+09,2.60900e+10,2.96130e+10,749786021.6,2.28768e+10,2.50727e+10,4.73140e+09,5.34283e+10,5.14694e+09,3.17849e+10,2.69250e+10,1.18073e+10,7.03167e+09,2.65033e+10,3.64741e+10,2.71129e+09,211139539.6,-772309768.6,-6.97796e+09,-4.81022e+09,-677577396.0,-2.68337e+09,-3.78855e+09,119143102.7,-276173256.8,-1.02167e+09,-4.25178e+09,617378752.0,730765223.7,-471952522.9,-6.57534e+09,-5.69425e+09,-662840606.2,-3.44090e+09,-3.64174e+09,-93254519.0,-438119102.1,-2.05251e+09,-4.93816e+09,-3.46140e+10,-1.09263e+11,-1.89787e+11,-1.92407e+11,-5.26302e+11,-5.87827e+10,-3.15131e+11,-2.63754e+11,-7.76759e+10,-6.15873e+10,-2.62548e+11,-3.89844e+11,-1.19148e+09,-2.13461e+09,-3.98556e+09,-5.28295e+09,-1.25983e+10,-1.87794e+09,-7.28791e+09,-1.23149e+10,-2.25683e+09,-2.10890e+09,-283326504.1,-8.46350e+09,6185.8,24210.9,66643.8,-529024.9,-432064.1,-80412.3,-205369.8,-288577.8,-71172.9,-106353.9,-143486.3,-280478.9
26.year_inc#c.ivparm1,-29573.6,-276539.0,-956275.4,-1850813.9,-3113201.9,-370326.8,-1812599.8,-1621344.4,-420307.8,-210888.8,-395447.5,-1491857.5,-2322567.3,-0.0000163,0.000552,0.00179,0.00214,-0.00254,-0.00364,-0.00214,-0.00287,-0.00242,-0.00279,-0.00380,-0.00217,-0.00248,-1120.8,11414.8,-55198.5,-579963.2,-624867.7,-110917.2,-294276.7,-361041.1,-119652.5,-67465.6,-134693.6,-263826.7,-394298.1,-0.0000391,0.00111,0.00146,0.00126,-0.00157,-0.000758,-0.00210,-0.00162,-0.000498,-0.000120,-0.000475,-0.00151,-0.00227,-4737.7,4785.0,-184226.7,-555093.1,-739272.4,-101982.1,-407659.8,-384401.0,-113136.8,-50191.3,-126726.0,-354871.3,-524153.4,0.0119,1102.4,6212.7,-259828.9,-252513.8,-22858.2,-146823.1,-166020.3,-25087.9,-16218.2,-30344.9,-86493.5,-204567.7,0.000000469,0.0000452,0.000808,0.000691,-0.00120,-0.000802,-0.00117,-0.00151,-0.000658,-0.000864,-0.00116,-0.000861,-0.00140,-0.000173,-0.00193,-0.00561,-0.00936,-0.00436,-0.00509,-0.00440,-0.00397,-0.00419,-0.00396,-0.00477,-0.00478,-0.00466,-16748.5,-187315.1,-608743.9,-960555.9,-1773363.5,-281292.6,-963838.2,-876142.2,-326684.8,-164118.9,-293195.9,-897221.3,-1165386.0,0.0644,0.190,0.294,0.332,0.162,0.147,0.167,0.155,0.133,0.129,0.141,0.169,0.174,3146844.9,7093951.0,8217192.1,5992463.0,24472513.1,2719788.6,14517735.6,12431481.2,4415627.8,2160688.0,3018292.4,12041031.9,17337096.7,-0.000166,-0.000958,-0.00194,-0.00488,-0.00426,-0.00224,-0.00428,-0.00439,-0.00332,-0.00317,-0.00414,-0.00409,-0.00493,-25697.4,-243891.2,-858758.2,-1698382.9,-2826729.6,-361736.2,-1614662.1,-1478773.4,-391667.2,-195698.6,-375171.2,-1347956.2,-2073326.2,112952833.7,495787838.5,458272875.0,-1.00215e+09,58977380.8,53369003.5,66269224.9,35086637.8,-14672389.9,-7821185.8,39567433.3,23890743.0,67324101.6,204598390.1,588258139.3,-186641496.9,673958928.5,36463273.3,389712971.1,303799939.4,293266875.5,162123469.6,152612194.7,370158989.1,344228779.6,50135912.5,152370914.6,-62089533.3,-539851186.5,-400494486.4,-51503204.5,-199640094.3,-226615887.2,-26942802.7,-40011908.6,-37605591.2,-173878599.2,-322048479.1,20280767.2,1.09962e+10,2.71211e+10,2.27674e+10,-1.72252e+10,4.37161e+10,4.08031e+09,2.54569e+10,1.84720e+10,1.28788e+10,6.46634e+09,2.52442e+10,2.67571e+10,777752002.4,2.43603e+10,2.55433e+10,2.68121e+09,5.33498e+10,4.85867e+09,3.18717e+10,2.64461e+10,1.24548e+10,7.17530e+09,2.69037e+10,3.60363e+10,2.72357e+09,255797049.4,-386237049.9,-7.94554e+09,-5.32563e+09,-639061140.7,-3.30847e+09,-4.45413e+09,-303631435.5,-494794291.5,-871499650.2,-4.38293e+09,629779097.8,799989640.3,-481198477.0,-7.96448e+09,-7.01253e+09,-690833448.7,-4.37244e+09,-4.39327e+09,-393784448.7,-658460980.0,-2.61927e+09,-5.92792e+09,-3.58280e+10,-1.10885e+11,-1.98137e+11,-2.17564e+11,-5.62616e+11,-6.26793e+10,-3.35539e+11,-2.83129e+11,-8.46425e+10,-6.63438e+10,-2.79487e+11,-4.15295e+11,-1.06100e+09,-2.12680e+09,-5.16437e+09,-5.16103e+09,-1.35210e+10,-2.09118e+09,-7.67521e+09,-1.40138e+10,-1.83414e+09,-1.91726e+09,492790253.2,-9.59573e+09,3878.7,42511.7,60798.9,-644101.8,-536933.4,-96499.9,-292748.0,-411387.3,-51358.0,-73923.7,-125546.2,-389075.6
_cons,41282607.6,37968576.4,22722925.5,8785428.8,126331323.0,13618617.1,73995817.9,67254210.4,16353762.5,8518843.5,14413442.7,59077112.6,96358943.4,0.0104,0.0259,0.0892,0.318,0.0509,0.0953,0.0270,0.0541,0.0733,0.0831,0.145,0.0472,0.0408,428989.6,983632.0,2026378.8,2798273.1,6426085.4,1297693.4,1994875.0,3639956.6,1198442.8,708157.7,2083881.7,2786128.7,3929949.1,0.0823,0.117,0.217,0.314,0.134,0.227,0.0924,0.131,0.217,0.215,0.288,0.139,0.107,3398342.9,4436869.2,4933307.3,2756701.8,16977323.8,3089068.5,6839282.7,8789262.1,3541387.1,1833788.8,4145491.1,8188061.7,10346868.2,29045.8,92897.6,330702.6,1152554.4,1607761.6,165655.2,640417.9,1106321.2,99467.4,64877.4,325901.0,501440.4,1342639.0,0.000703,0.00245,0.0146,0.131,0.0127,0.0122,0.00866,0.0164,0.00608,0.00762,0.0226,0.00849,0.0139,0.256,0.339,0.358,0.300,0.291,0.438,0.260,0.275,0.390,0.405,0.411,0.309,0.253,10569485.4,12868363.0,8139434.1,2631685.8,36754869.0,5959268.0,19273370.3,18493644.0,6383603.2,3451677.5,5924786.6,18261225.0,24411997.8,0.130,0.256,0.373,0.468,0.227,0.208,0.217,0.199,0.147,0.152,0.207,0.258,0.243,5349446.9,9738828.4,8469276.9,4109255.0,28624649.3,2834591.9,16027665.7,13384000.1,2410260.8,1293658.5,2978132.3,15240649.2,23379796.6,0.579,0.694,0.774,0.808,0.647,0.832,0.620,0.638,0.611,0.611,0.707,0.657,0.627,23898725.9,26341610.0,17592317.3,7096789.7,81765397.3,11326599.3,45892662.9,42938059.4,9989675.2,5205326.1,10184017.2,38827337.9,60449122.7,3.18741e+09,4.67938e+09,7.33767e+09,8.68503e+09,2.51456e+10,4.12676e+09,9.66101e+09,1.51383e+10,4.64865e+09,2.87653e+09,6.58852e+09,1.00073e+10,1.33421e+09,1.93760e+09,3.95273e+09,6.54123e+09,1.44591e+10,2.74100e+09,5.01390e+09,1.07245e+10,2.92298e+09,2.15814e+09,4.26437e+09,3.73455e+09,8.79507e+09,1.77440e+09,2.53194e+09,3.07643e+09,1.58448e+09,9.57880e+09,1.17801e+09,4.10878e+09,4.14290e+09,1.77165e+09,797847510.3,2.04776e+09,5.43590e+09,6.62914e+09,1.63701e+10,2.99918e+11,4.31764e+11,3.70928e+11,2.06878e+11,1.39160e+12,1.69532e+11,7.83319e+11,7.57575e+11,1.43763e+11,1.69465e+11,6.34026e+11,1.07831e+12,1.56702e+10,2.41580e+11,2.33697e+11,1.18272e+11,6.12252e+11,8.42578e+10,3.20171e+11,3.27840e+11,5.89150e+10,8.44384e+10,2.84412e+11,4.69079e+11,4.06466e+10,1.67977e+10,1.76804e+10,3.26593e+10,1.20721e+11,2.42531e+10,4.11929e+10,8.39061e+10,2.79667e+10,3.57038e+10,3.68151e+10,6.85014e+10,4.05666e+10,5.97568e+10,5.12990e+10,3.89456e+10,2.01905e+11,1.80400e+10,1.23300e+11,1.17578e+11,1.67434e+10,1.94517e+10,8.43265e+10,1.67122e+11,4.84361e+12,4.23215e+12,2.33233e+12,6.91156e+11,1.39523e+13,1.39926e+12,8.51348e+12,7.33072e+12,1.73155e+12,1.38181e+12,6.62163e+12,1.08215e+13,1.73381e+11,1.04219e+11,3.95232e+10,1.19873e+10,3.76844e+11,3.88667e+10,2.34665e+11,2.54210e+11,8.06705e+10,5.24227e+10,1.22634e+11,2.57307e+11,284942.8,694881.3,1943124.5,3796932.5,6815243.4,1170999.4,2109358.9,4314784.5,1303212.5,2249930.6,2500458.9,4341031.5
